query_num,timestamp_ms,elapsed_sec,latency_ms,r1_pct,r5_pct,charge_mah,drain_mah,memory_mb,peak_ram_mb
1,1778509783725,8.6,3837,0.00,0.00,3758,0,497,497
2,1778509784249,9.1,522,0.00,0.00,-1,-1,497,497
3,1778509785434,10.3,519,33.33,33.33,-1,-1,498,498
4,1778509786114,11.0,527,50.00,50.00,-1,-1,498,498
5,1778509786703,11.6,490,60.00,60.00,-1,-1,498,498
6,1778509787157,12.1,453,50.00,50.00,-1,-1,498,498
7,1778509787599,12.5,442,42.86,57.14,-1,-1,498,498
8,1778509788070,13.0,471,37.50,50.00,-1,-1,499,499
9,1778509788833,13.7,470,44.44,55.56,-1,-1,499,499
10,1778509789583,14.5,595,50.00,60.00,-1,-1,499,499
11,1778509790464,15.4,610,54.55,63.64,-1,-1,499,499
12,1778509791224,16.1,627,58.33,66.67,-1,-1,499,499
13,1778509791955,16.8,617,61.54,69.23,-1,-1,500,500
14,1778509792714,17.6,619,64.29,71.43,-1,-1,500,500
15,1778509793328,18.2,613,60.00,66.67,-1,-1,500,500
16,1778509794162,19.1,651,62.50,68.75,-1,-1,500,500
17,1778509794981,19.9,657,64.71,70.59,-1,-1,500,500
18,1778509795622,20.5,641,61.11,66.67,-1,-1,501,501
19,1778509796441,21.3,632,63.16,68.42,-1,-1,501,501
20,1778509797078,22.0,637,60.00,65.00,-1,-1,501,501
21,1778509797726,22.6,648,57.14,61.90,-1,-1,501,501
22,1778509798372,23.3,644,54.55,59.09,-1,-1,501,501
23,1778509799015,23.9,643,52.17,56.52,-1,-1,501,501
24,1778509799645,24.5,630,50.00,58.33,-1,-1,502,502
25,1778509800483,25.4,650,52.00,60.00,-1,-1,502,502
26,1778509801114,26.0,631,50.00,57.69,-1,-1,502,502
27,1778509801757,26.7,643,48.15,55.56,-1,-1,502,502
28,1778509802661,27.6,650,50.00,57.14,-1,-1,502,502
29,1778509803311,28.2,650,48.28,55.17,-1,-1,503,503
30,1778509803954,28.8,643,46.67,53.33,-1,-1,503,503
31,1778509804594,29.5,639,45.16,51.61,-1,-1,503,503
32,1778509805246,30.1,650,43.75,50.00,-1,-1,503,503
33,1778509806066,31.0,642,45.45,51.52,-1,-1,503,503
34,1778509806700,31.6,634,44.12,52.94,-1,-1,503,503
35,1778509807332,32.2,632,42.86,51.43,-1,-1,504,504
36,1778509807970,32.9,637,41.67,50.00,-1,-1,504,504
37,1778509808611,33.5,641,40.54,51.35,-1,-1,504,504
38,1778509809254,34.1,643,39.47,52.63,-1,-1,504,504
39,1778509810154,35.0,900,38.46,53.85,-1,-1,504,504
40,1778509810843,35.7,689,37.50,52.50,-1,-1,505,505
41,1778509811366,36.3,522,36.59,51.22,-1,-1,505,505
42,1778509811813,36.7,446,35.71,50.00,-1,-1,505,505
43,1778509812209,37.1,396,34.88,48.84,-1,-1,505,505
44,1778509812518,37.4,309,34.09,47.73,-1,-1,505,505
45,1778509815019,39.9,2102,35.56,48.89,-1,-1,482,505
46,1778509816672,41.6,1371,36.96,50.00,-1,-1,483,505
47,1778509817581,42.5,712,38.30,51.06,-1,-1,483,505
48,1778509818023,42.9,441,37.50,52.08,-1,-1,483,505
49,1778509818566,43.5,543,36.73,53.06,-1,-1,483,505
50,1778509819317,44.2,750,36.00,52.00,-1,-1,483,505
51,1778509820022,44.9,704,35.29,50.98,3752,6,483,505
52,1778509820629,45.5,605,34.62,50.00,-1,-1,484,505
53,1778509821164,46.1,534,33.96,50.94,-1,-1,484,505
54,1778509821581,46.5,417,33.33,50.00,-1,-1,484,505
55,1778509821970,46.9,389,32.73,50.91,-1,-1,484,505
56,1778509822577,47.5,384,33.93,51.79,-1,-1,484,505
57,1778509823267,48.2,520,35.09,52.63,-1,-1,485,505
58,1778509823930,48.8,512,36.21,53.45,-1,-1,485,505
59,1778509824554,49.4,491,37.29,54.24,-1,-1,485,505
60,1778509825564,50.5,807,38.33,55.00,-1,-1,485,505
61,1778509826164,51.1,463,39.34,55.74,-1,-1,486,505
62,1778509826629,51.5,463,38.71,54.84,-1,-1,486,505
63,1778509827153,52.0,524,38.10,55.56,-1,-1,486,505
64,1778509827508,52.4,355,37.50,56.25,-1,-1,486,505
65,1778509827854,52.7,345,36.92,56.92,-1,-1,486,505
66,1778509828280,53.2,425,36.36,56.06,-1,-1,486,505
67,1778509828714,53.6,434,35.82,55.22,-1,-1,487,505
68,1778509829156,54.0,442,35.29,54.41,-1,-1,487,505
69,1778509829824,54.7,420,36.23,55.07,-1,-1,487,505
70,1778509830258,55.2,434,35.71,54.29,-1,-1,487,505
71,1778509830742,55.6,484,35.21,53.52,-1,-1,487,505
72,1778509831132,56.0,389,34.72,52.78,-1,-1,487,505
73,1778509831621,56.5,489,34.25,52.05,-1,-1,488,505
74,1778509832050,56.9,429,33.78,51.35,-1,-1,488,505
75,1778509832470,57.4,420,33.33,50.67,-1,-1,488,505
76,1778509832968,57.9,498,32.89,50.00,-1,-1,488,505
77,1778509833600,58.5,420,33.77,50.65,-1,-1,488,505
78,1778509834233,59.1,476,34.62,51.28,-1,-1,488,505
79,1778509834722,59.6,488,34.18,50.63,-1,-1,489,505
80,1778509835324,60.2,449,35.00,51.25,-1,-1,489,505
81,1778509835786,60.7,462,34.57,50.62,-1,-1,489,505
82,1778509836206,61.1,419,34.15,50.00,-1,-1,489,505
83,1778509836615,61.5,409,33.73,49.40,-1,-1,489,505
84,1778509837059,62.0,444,33.33,48.81,-1,-1,490,505
85,1778509837442,62.3,382,32.94,48.24,-1,-1,490,505
86,1778509837954,62.8,350,33.72,48.84,-1,-1,490,505
87,1778509838338,63.2,383,33.33,48.28,-1,-1,490,505
88,1778509838737,63.6,399,32.95,47.73,-1,-1,482,505
89,1778509839172,64.1,434,32.58,47.19,-1,-1,483,505
90,1778509839657,64.6,485,32.22,46.67,-1,-1,483,505
91,1778509840116,65.0,458,31.87,46.15,-1,-1,483,505
92,1778509840759,65.7,427,32.61,46.74,-1,-1,483,505
93,1778509841249,66.1,489,32.26,46.24,-1,-1,483,505
94,1778509841706,66.6,457,31.91,46.81,-1,-1,483,505
95,1778509842354,67.2,436,32.63,47.37,-1,-1,484,505
96,1778509843042,67.9,482,33.33,47.92,-1,-1,484,505
97,1778509843618,68.5,459,34.02,48.45,-1,-1,484,505
98,1778509843999,68.9,381,33.67,48.98,-1,-1,484,505
99,1778509844766,69.7,590,34.34,49.49,-1,-1,484,505
100,1778509845153,70.0,386,34.00,50.00,-1,-1,485,505
101,1778509845523,70.4,370,33.66,50.50,3750,8,485,505
102,1778509845963,70.9,438,33.33,50.98,-1,-1,485,505
103,1778509846317,71.2,354,33.01,51.46,-1,-1,485,505
104,1778509846830,71.7,350,33.65,51.92,-1,-1,485,505
105,1778509847520,72.4,487,34.29,52.38,-1,-1,486,505
106,1778509847989,72.9,468,33.96,51.89,-1,-1,486,505
107,1778509848438,73.3,449,33.64,52.34,-1,-1,486,505
108,1778509848885,73.8,447,33.33,52.78,-1,-1,486,505
109,1778509849297,74.2,412,33.03,52.29,-1,-1,486,505
110,1778509849686,74.6,389,32.73,51.82,-1,-1,486,505
111,1778509850037,74.9,351,32.43,51.35,-1,-1,487,505
112,1778509850613,75.5,354,33.04,51.79,-1,-1,487,505
113,1778509851252,76.1,455,33.63,52.21,-1,-1,487,505
114,1778509851697,76.6,444,33.33,51.75,-1,-1,487,505
115,1778509852390,77.3,472,33.91,52.17,-1,-1,487,505
116,1778509852898,77.8,508,33.62,51.72,-1,-1,487,505
117,1778509853521,78.4,446,34.19,52.14,-1,-1,488,505
118,1778509853894,78.8,372,33.90,52.54,-1,-1,488,505
119,1778509854283,79.2,388,33.61,52.94,-1,-1,488,505
120,1778509854633,79.5,349,33.33,53.33,-1,-1,488,505
121,1778509854997,79.9,364,33.06,53.72,-1,-1,488,505
122,1778509855685,80.6,497,33.61,54.10,-1,-1,489,505
123,1778509856327,81.2,441,34.15,54.47,-1,-1,489,505
124,1778509856930,81.8,453,34.68,54.84,-1,-1,489,505
125,1778509857406,82.3,474,34.40,54.40,-1,-1,489,505
126,1778509857848,82.7,442,34.13,53.97,-1,-1,489,505
127,1778509858288,83.2,440,33.86,53.54,-1,-1,489,505
128,1778509858646,83.5,358,33.59,53.13,-1,-1,490,505
129,1778509858999,83.9,353,33.33,52.71,-1,-1,490,505
130,1778509859448,84.3,448,33.08,52.31,-1,-1,490,505
131,1778509859894,84.8,446,32.82,51.91,-1,-1,490,505
132,1778509860379,85.3,484,32.58,52.27,-1,-1,483,505
133,1778509860795,85.7,415,32.33,52.63,-1,-1,483,505
134,1778509861210,86.1,415,32.09,52.99,-1,-1,483,505
135,1778509861559,86.5,348,31.85,52.59,-1,-1,483,505
136,1778509861924,86.8,365,31.62,52.21,-1,-1,483,505
137,1778509862285,87.2,361,31.39,51.82,-1,-1,483,505
138,1778509862714,87.6,428,31.16,51.45,-1,-1,484,505
139,1778509863149,88.0,435,30.94,51.08,-1,-1,484,505
140,1778509863614,88.5,464,30.71,51.43,-1,-1,484,505
141,1778509864060,89.0,446,30.50,51.06,-1,-1,484,505
142,1778509864456,89.3,395,30.28,50.70,-1,-1,484,505
143,1778509864884,89.8,428,30.07,50.35,-1,-1,484,505
144,1778509865369,90.3,485,29.86,50.00,-1,-1,485,505
145,1778509865772,90.7,403,29.66,50.34,-1,-1,485,505
146,1778509866199,91.1,426,29.45,50.68,-1,-1,485,505
147,1778509866641,91.5,442,29.25,50.34,-1,-1,485,505
148,1778509867015,91.9,374,29.05,50.00,-1,-1,485,505
149,1778509867405,92.3,390,28.86,49.66,-1,-1,485,505
150,1778509868061,93.0,442,29.33,50.00,-1,-1,486,505
151,1778509868432,93.3,370,29.14,50.33,3748,10,486,505
152,1778509868855,93.7,414,28.95,50.00,-1,-1,486,505
153,1778509869520,94.4,463,29.41,50.33,-1,-1,486,505
154,1778509870168,95.1,471,29.87,50.65,-1,-1,486,505
155,1778509870860,95.8,509,30.32,50.97,-1,-1,486,505
156,1778509871348,96.2,485,30.13,51.28,-1,-1,487,505
157,1778509871806,96.7,457,29.94,50.96,-1,-1,487,505
158,1778509872248,97.1,442,29.75,50.63,-1,-1,487,505
159,1778509872710,97.6,462,29.56,50.31,-1,-1,487,505
160,1778509873157,98.1,447,29.37,50.00,-1,-1,487,505
161,1778509873682,98.6,525,29.19,49.69,-1,-1,487,505
162,1778509874040,98.9,357,29.01,50.00,-1,-1,488,505
163,1778509874457,99.4,417,28.83,49.69,-1,-1,488,505
164,1778509874884,99.8,427,28.66,49.39,-1,-1,488,505
165,1778509875285,100.2,401,28.48,49.70,-1,-1,488,505
166,1778509875925,100.8,407,28.92,50.00,-1,-1,488,505
167,1778509876539,101.4,455,29.34,50.30,-1,-1,488,505
168,1778509877065,102.0,364,29.76,50.60,-1,-1,489,505
169,1778509877418,102.3,353,29.59,50.89,-1,-1,489,505
170,1778509877775,102.7,357,29.41,51.18,-1,-1,489,505
171,1778509878278,103.2,503,29.24,51.46,-1,-1,489,505
172,1778509878703,103.6,424,29.07,51.16,-1,-1,489,505
173,1778509879114,104.0,411,28.90,50.87,-1,-1,490,505
174,1778509879606,104.5,492,28.74,50.57,-1,-1,490,505
175,1778509880090,105.0,484,28.57,50.86,-1,-1,490,505
176,1778509880535,105.4,445,28.41,50.57,-1,-1,490,505
177,1778509880984,105.9,448,28.25,50.28,-1,-1,490,505
178,1778509881436,106.3,452,28.09,50.00,-1,-1,490,505
179,1778509881901,106.8,465,27.93,49.72,-1,-1,483,505
180,1778509882419,107.3,518,27.78,49.44,-1,-1,483,505
181,1778509882767,107.7,347,27.62,49.72,-1,-1,483,505
182,1778509883365,108.3,356,28.02,50.00,-1,-1,483,505
183,1778509883790,108.7,424,27.87,50.27,-1,-1,483,505
184,1778509884140,109.0,350,27.72,50.54,-1,-1,484,505
185,1778509884491,109.4,351,27.57,50.81,-1,-1,484,505
186,1778509884856,109.8,365,27.42,50.54,-1,-1,484,505
187,1778509885334,110.2,478,27.27,50.80,-1,-1,484,505
188,1778509885919,110.8,413,27.66,51.06,-1,-1,484,505
189,1778509886347,111.2,428,27.51,50.79,-1,-1,484,505
190,1778509886764,111.7,417,27.37,50.53,-1,-1,485,505
191,1778509887110,112.0,346,27.23,50.26,-1,-1,485,505
192,1778509887549,112.4,438,27.08,50.00,-1,-1,485,505
193,1778509888236,113.1,494,27.46,50.26,-1,-1,485,505
194,1778509888612,113.5,376,27.32,50.00,-1,-1,485,505
195,1778509888968,113.9,355,27.18,49.74,-1,-1,485,505
196,1778509889325,114.2,357,27.04,49.49,-1,-1,486,505
197,1778509889874,114.8,414,27.41,49.75,-1,-1,486,505
198,1778509890256,115.2,382,27.27,49.49,-1,-1,486,505
199,1778509890754,115.6,352,27.64,49.75,-1,-1,486,505
200,1778509891117,116.0,363,27.50,49.50,-1,-1,486,505
201,1778509891612,116.5,495,27.36,49.75,3746,12,486,505
202,1778509892035,116.9,421,27.23,49.50,-1,-1,487,505
203,1778509892611,117.5,575,27.09,49.26,-1,-1,487,505
204,1778509893085,118.0,474,26.96,49.51,-1,-1,487,505
205,1778509893733,118.6,458,27.32,49.76,-1,-1,487,505
206,1778509894194,119.1,460,27.18,49.51,-1,-1,487,505
207,1778509894829,119.7,471,27.54,49.76,-1,-1,487,505
208,1778509895195,120.1,366,27.40,50.00,-1,-1,488,505
209,1778509895656,120.6,460,27.27,49.76,-1,-1,488,505
210,1778509896014,120.9,358,27.14,49.52,-1,-1,488,505
211,1778509896374,121.3,359,27.01,49.29,-1,-1,488,505
212,1778509896727,121.6,352,26.89,49.53,-1,-1,488,505
213,1778509897115,122.0,388,26.76,49.30,-1,-1,489,505
214,1778509897470,122.4,355,26.64,49.07,-1,-1,489,505
215,1778509897916,122.8,446,26.51,48.84,-1,-1,489,505
216,1778509898359,123.3,442,26.39,48.61,-1,-1,489,505
217,1778509898947,123.8,387,26.73,48.85,-1,-1,489,505
218,1778509899365,124.3,418,26.61,48.62,-1,-1,489,505
219,1778509899802,124.7,437,26.48,48.40,-1,-1,489,505
220,1778509900324,125.2,350,26.82,48.64,-1,-1,490,505
221,1778509900692,125.6,367,26.70,48.87,-1,-1,490,505
222,1778509901130,126.0,436,26.58,48.65,-1,-1,490,505
223,1778509901572,126.5,442,26.46,48.43,-1,-1,490,505
224,1778509901976,126.9,403,26.34,48.66,-1,-1,483,505
225,1778509902445,127.3,469,26.22,48.89,-1,-1,483,505
226,1778509902866,127.8,421,26.11,49.12,-1,-1,483,505
227,1778509903528,128.4,440,26.43,49.34,-1,-1,483,505
228,1778509904012,128.9,483,26.32,49.12,-1,-1,483,505
229,1778509904364,129.3,352,26.20,48.91,-1,-1,484,505
230,1778509904791,129.7,427,26.09,49.13,-1,-1,484,505
231,1778509905240,130.1,449,25.97,48.92,-1,-1,484,505
232,1778509905637,130.5,396,25.86,49.14,-1,-1,484,505
233,1778509906037,130.9,400,25.75,48.93,-1,-1,484,505
234,1778509906479,131.4,442,25.64,48.72,-1,-1,484,505
235,1778509907136,132.0,436,25.96,48.94,-1,-1,485,505
236,1778509907612,132.5,475,25.85,48.73,-1,-1,485,505
237,1778509908020,132.9,408,25.74,48.52,-1,-1,485,505
238,1778509908467,133.4,447,25.63,48.32,-1,-1,485,505
239,1778509908918,133.8,451,25.52,48.12,-1,-1,485,505
240,1778509909392,134.3,474,25.42,47.92,-1,-1,485,505
241,1778509909841,134.7,449,25.31,47.72,-1,-1,486,505
242,1778509910289,135.2,446,25.21,47.52,-1,-1,486,505
243,1778509910901,135.8,453,25.51,47.74,-1,-1,486,505
244,1778509911462,136.4,400,25.82,47.95,-1,-1,486,505
245,1778509911868,136.8,405,25.71,48.16,-1,-1,486,505
246,1778509912412,137.3,411,26.02,48.37,-1,-1,487,505
247,1778509912981,137.9,412,26.32,48.58,-1,-1,487,505
248,1778509913348,138.2,367,26.21,48.79,-1,-1,487,505
249,1778509913814,138.7,465,26.10,49.00,-1,-1,487,505
250,1778509914280,139.2,465,26.00,48.80,-1,-1,487,505
251,1778509914905,139.8,417,26.29,49.00,3744,14,487,505
252,1778509915284,140.2,377,26.19,48.81,-1,-1,488,505
253,1778509915740,140.6,456,26.09,49.01,-1,-1,488,505
254,1778509916748,141.6,1007,25.98,49.21,-1,-1,488,505
255,1778509917945,142.8,1195,25.88,49.02,-1,-1,488,505
256,1778509918695,143.6,750,25.78,48.83,-1,-1,488,505
257,1778509919153,144.0,458,25.68,48.64,-1,-1,489,505
258,1778509919808,144.7,654,25.58,48.45,-1,-1,489,505
259,1778509920257,145.2,449,25.48,48.26,-1,-1,489,505
260,1778509920793,145.7,535,25.38,48.08,-1,-1,489,505
261,1778509921161,146.1,368,25.29,48.28,-1,-1,489,505
262,1778509921528,146.4,365,25.19,48.09,-1,-1,489,505
263,1778509921892,146.8,364,25.10,47.91,-1,-1,490,505
264,1778509922513,147.4,354,25.38,48.11,-1,-1,490,505
265,1778509923054,147.9,377,25.66,48.30,-1,-1,490,505
266,1778509923561,148.5,506,25.56,48.50,-1,-1,490,505
267,1778509924175,149.1,614,25.47,48.31,-1,-1,490,505
268,1778509924731,149.6,555,25.37,48.51,-1,-1,490,505
269,1778509925281,150.2,549,25.28,48.70,-1,-1,491,505
270,1778509925841,150.7,560,25.19,48.52,-1,-1,491,505
271,1778509926440,151.3,599,25.09,48.71,-1,-1,491,505
272,1778509927067,152.0,625,25.00,48.90,-1,-1,491,505
273,1778509927670,152.6,603,24.91,48.72,-1,-1,491,505
274,1778509928263,153.2,593,24.82,48.54,-1,-1,492,505
275,1778509928898,153.8,634,24.73,48.36,-1,-1,492,505
276,1778509929532,154.4,633,24.64,48.19,-1,-1,492,505
277,1778509930180,155.1,648,24.55,48.01,-1,-1,492,505
278,1778509930817,155.7,637,24.46,47.84,-1,-1,492,505
279,1778509931453,156.3,636,24.37,47.67,-1,-1,492,505
280,1778509932089,157.0,636,24.29,47.50,-1,-1,492,505
281,1778509932725,157.6,635,24.20,47.33,-1,-1,493,505
282,1778509933362,158.3,636,24.11,47.16,-1,-1,493,505
283,1778509934001,158.9,638,24.03,47.00,-1,-1,493,505
284,1778509934628,159.5,626,23.94,46.83,-1,-1,493,505
285,1778509935271,160.2,643,23.86,46.67,-1,-1,493,505
286,1778509935905,160.8,634,23.78,46.50,-1,-1,493,505
287,1778509936586,161.5,681,23.69,46.69,-1,-1,494,505
288,1778509937217,162.1,631,23.61,46.53,-1,-1,494,505
289,1778509937843,162.7,626,23.53,46.71,-1,-1,494,505
290,1778509938505,163.4,662,23.45,46.90,-1,-1,494,505
291,1778509939256,164.1,750,23.37,46.74,-1,-1,494,505
292,1778509939966,164.9,708,23.29,46.58,-1,-1,494,505
293,1778509940708,165.6,742,23.21,46.42,-1,-1,495,505
294,1778509941734,166.6,757,23.47,46.60,-1,-1,495,505
295,1778509942476,167.4,742,23.39,46.78,-1,-1,495,505
296,1778509943432,168.3,727,23.65,46.96,-1,-1,495,505
297,1778509944171,169.1,738,23.57,47.14,-1,-1,495,505
298,1778509944835,169.7,664,23.49,47.32,-1,-1,495,505
299,1778509945500,170.4,665,23.41,47.16,-1,-1,496,505
300,1778509946142,171.0,642,23.33,47.00,-1,-1,496,505
301,1778509946778,171.7,635,23.26,46.84,3740,18,496,505
302,1778509947666,172.6,652,23.51,47.02,-1,-1,496,505
303,1778509948300,173.2,633,23.43,46.86,-1,-1,497,505
304,1778509948941,173.8,641,23.36,47.04,-1,-1,496,505
305,1778509949579,174.5,637,23.28,47.21,-1,-1,497,505
306,1778509950221,175.1,642,23.20,47.39,-1,-1,497,505
307,1778509950893,175.8,672,23.13,47.23,-1,-1,497,505
308,1778509951552,176.4,659,23.05,47.08,-1,-1,497,505
309,1778509952175,177.1,623,22.98,47.25,-1,-1,497,505
310,1778509952995,177.9,633,23.23,47.42,-1,-1,497,505
311,1778509953771,178.7,635,23.47,47.59,-1,-1,498,505
312,1778509954408,179.3,636,23.40,47.76,-1,-1,499,505
313,1778509955032,179.9,624,23.32,47.92,-1,-1,498,505
314,1778509955666,180.6,634,23.25,48.09,-1,-1,498,505
315,1778509956517,181.4,639,23.49,48.25,-1,-1,498,505
316,1778509957408,182.3,681,23.73,48.42,-1,-1,498,505
317,1778509958231,183.1,636,23.97,48.58,-1,-1,499,505
318,1778509958877,183.8,644,23.90,48.43,-1,-1,500,505
319,1778509959746,184.6,636,24.14,48.59,-1,-1,499,505
320,1778509960389,185.3,642,24.06,48.75,-1,-1,500,505
321,1778509961025,185.9,636,23.99,48.60,-1,-1,500,505
322,1778509961891,186.8,639,24.22,48.76,-1,-1,500,505
323,1778509962537,187.4,645,24.15,48.61,-1,-1,501,505
324,1778509963175,188.1,638,24.07,48.77,-1,-1,501,505
325,1778509963796,188.7,621,24.00,48.92,-1,-1,501,505
326,1778509964650,189.5,638,24.23,49.08,-1,-1,501,505
327,1778509965455,190.3,651,24.46,49.24,-1,-1,501,505
328,1778509966102,191.0,647,24.39,49.09,-1,-1,501,505
329,1778509966731,191.6,629,24.32,48.94,-1,-1,502,505
330,1778509967431,192.3,700,24.24,48.79,-1,-1,502,505
331,1778509968065,193.0,633,24.17,48.64,-1,-1,502,505
332,1778509968709,193.6,642,24.10,48.80,-1,-1,502,505
333,1778509969360,194.3,650,24.02,48.65,-1,-1,502,505
334,1778509970003,194.9,643,23.95,48.50,-1,-1,502,505
335,1778509970913,195.8,635,24.18,48.66,-1,-1,503,505
336,1778509971560,196.5,647,24.11,48.81,-1,-1,503,505
337,1778509972189,197.1,628,24.04,48.66,-1,-1,503,505
338,1778509972825,197.7,636,23.96,48.52,-1,-1,503,505
339,1778509973468,198.4,642,23.89,48.67,-1,-1,503,505
340,1778509974107,199.0,639,23.82,48.82,-1,-1,503,505
341,1778509974757,199.7,650,23.75,48.68,-1,-1,504,505
342,1778509975412,200.3,654,23.68,48.83,-1,-1,504,505
343,1778509976061,201.0,649,23.62,48.98,-1,-1,504,505
344,1778509976900,201.8,629,23.84,49.13,-1,-1,504,505
345,1778509977737,202.6,662,24.06,49.28,-1,-1,504,505
346,1778509978574,203.5,638,24.28,49.42,-1,-1,504,505
347,1778509979404,204.3,640,24.50,49.57,-1,-1,505,505
348,1778509980230,205.1,649,24.71,49.71,-1,-1,505,505
349,1778509981065,206.0,632,24.93,49.86,-1,-1,505,505
350,1778509981697,206.6,631,24.86,50.00,-1,-1,505,505
351,1778509982329,207.2,632,24.79,49.86,3740,18,505,505
352,1778509982969,207.9,638,24.72,50.00,-1,-1,505,505
353,1778509983611,208.5,642,24.65,50.14,-1,-1,506,506
354,1778509984248,209.1,637,24.58,50.28,-1,-1,506,506
355,1778509984889,209.8,641,24.51,50.42,-1,-1,506,506
356,1778509984894,209.8,5,24.44,50.28,-1,-1,506,506
357,1778509985738,210.6,634,24.65,50.42,-1,-1,506,506
358,1778509986384,211.3,646,24.58,50.28,-1,-1,506,506
359,1778509987009,211.9,624,24.51,50.42,-1,-1,507,507
360,1778509987621,212.5,611,24.44,50.56,-1,-1,507,507
361,1778509988267,213.2,646,24.38,50.42,-1,-1,507,507
362,1778509989090,214.0,632,24.59,50.55,-1,-1,507,507
363,1778509989733,214.6,642,24.52,50.69,-1,-1,507,507
364,1778509990369,215.3,636,24.45,50.82,-1,-1,507,507
365,1778509991011,215.9,642,24.38,50.68,-1,-1,508,508
366,1778509991806,216.7,617,24.59,50.82,-1,-1,482,508
367,1778509992486,217.4,679,24.52,50.68,-1,-1,483,508
368,1778509993130,218.0,644,24.46,50.82,-1,-1,482,508
369,1778509993994,218.9,633,24.66,50.95,-1,-1,483,508
370,1778509994632,219.5,637,24.59,50.81,-1,-1,484,508
371,1778509995259,220.2,627,24.53,50.67,-1,-1,484,508
372,1778509995904,220.8,644,24.46,50.54,-1,-1,484,508
373,1778509996549,221.4,644,24.40,50.40,-1,-1,484,508
374,1778509997187,222.1,638,24.33,50.53,-1,-1,484,508
375,1778509997821,222.7,634,24.27,50.40,-1,-1,485,508
376,1778509998706,223.6,662,24.47,50.53,-1,-1,485,508
377,1778509999350,224.2,644,24.40,50.40,-1,-1,485,508
378,1778509999972,224.9,622,24.34,50.26,-1,-1,485,508
379,1778510000626,225.5,653,24.27,50.13,-1,-1,485,508
380,1778510001259,226.2,633,24.21,50.00,-1,-1,485,508
381,1778510001881,226.8,622,24.15,49.87,-1,-1,486,508
382,1778510002532,227.4,650,24.08,50.00,-1,-1,486,508
383,1778510003159,228.1,627,24.02,50.13,-1,-1,486,508
384,1778510003805,228.7,646,23.96,50.26,-1,-1,486,508
385,1778510004688,229.6,634,24.16,50.39,-1,-1,486,508
386,1778510005526,230.4,649,24.35,50.52,-1,-1,486,508
387,1778510006358,231.3,649,24.55,50.65,-1,-1,487,508
388,1778510006993,231.9,634,24.48,50.77,-1,-1,487,508
389,1778510007631,232.5,638,24.42,50.90,-1,-1,487,508
390,1778510008518,233.4,656,24.62,51.03,-1,-1,487,508
391,1778510009155,234.0,637,24.55,51.15,-1,-1,487,508
392,1778510009790,234.7,632,24.49,51.28,-1,-1,487,508
393,1778510010427,235.3,637,24.43,51.40,-1,-1,488,508
394,1778510011266,236.2,636,24.62,51.52,-1,-1,488,508
395,1778510011894,236.8,627,24.56,51.65,-1,-1,488,508
396,1778510012714,237.6,635,24.75,51.77,-1,-1,488,508
397,1778510013354,238.2,640,24.69,51.64,-1,-1,488,508
398,1778510013989,238.9,634,24.62,51.76,-1,-1,488,508
399,1778510014644,239.5,654,24.56,51.88,-1,-1,489,508
400,1778510015278,240.2,633,24.50,51.75,-1,-1,489,508
401,1778510015922,240.8,644,24.44,51.87,3740,18,489,508
402,1778510016561,241.5,637,24.38,51.99,-1,-1,489,508
403,1778510017402,242.3,636,24.57,52.11,-1,-1,489,508
404,1778510018033,242.9,630,24.50,52.23,-1,-1,490,508
405,1778510018700,243.6,667,24.44,52.35,-1,-1,490,508
406,1778510019338,244.2,638,24.38,52.46,-1,-1,490,508
407,1778510019977,244.9,639,24.32,52.58,-1,-1,490,508
408,1778510020617,245.5,639,24.26,52.70,-1,-1,490,508
409,1778510021471,246.4,642,24.45,52.81,-1,-1,490,508
410,1778510022103,247.0,632,24.39,52.93,-1,-1,491,508
411,1778510022749,247.6,646,24.33,52.80,-1,-1,491,508
412,1778510023399,248.3,648,24.27,52.67,-1,-1,491,508
413,1778510024032,248.9,632,24.21,52.54,-1,-1,491,508
414,1778510024678,249.6,645,24.15,52.42,-1,-1,491,508
415,1778510025523,250.4,639,24.34,52.53,-1,-1,491,508
416,1778510026166,251.1,643,24.28,52.40,-1,-1,492,508
417,1778510026800,251.7,634,24.22,52.28,-1,-1,492,508
418,1778510027442,252.3,642,24.16,52.15,-1,-1,492,508
419,1778510028084,253.0,642,24.11,52.27,-1,-1,492,508
420,1778510028726,253.6,642,24.05,52.14,-1,-1,492,508
421,1778510029352,254.2,626,23.99,52.02,-1,-1,492,508
422,1778510029975,254.9,621,23.93,52.13,-1,-1,493,508
423,1778510030604,255.5,629,23.88,52.01,-1,-1,493,508
424,1778510031233,256.1,629,23.82,51.89,-1,-1,493,508
425,1778510031875,256.8,641,23.76,51.76,-1,-1,493,508
426,1778510032539,257.4,664,23.71,51.64,-1,-1,493,508
427,1778510033184,258.1,644,23.65,51.52,-1,-1,493,508
428,1778510033828,258.7,644,23.60,51.40,-1,-1,494,508
429,1778510034459,259.4,631,23.54,51.28,-1,-1,494,508
430,1778510035098,260.0,639,23.49,51.16,-1,-1,494,508
431,1778510035761,260.7,663,23.43,51.28,-1,-1,494,508
432,1778510036426,261.3,663,23.38,51.39,-1,-1,494,508
433,1778510037084,262.0,658,23.33,51.50,-1,-1,494,508
434,1778510037719,262.6,635,23.27,51.61,-1,-1,495,508
435,1778510038353,263.2,633,23.22,51.72,-1,-1,495,508
436,1778510038999,263.9,646,23.17,51.61,-1,-1,495,508
437,1778510039654,264.5,654,23.11,51.49,-1,-1,495,508
438,1778510040300,265.2,646,23.06,51.37,-1,-1,495,508
439,1778510041218,266.1,640,23.23,51.48,-1,-1,495,508
440,1778510041851,266.7,633,23.18,51.36,-1,-1,496,508
441,1778510042698,267.6,639,23.36,51.47,-1,-1,496,508
442,1778510043351,268.2,650,23.30,51.58,-1,-1,496,508
443,1778510044145,269.0,633,23.48,51.69,-1,-1,496,508
444,1778510044780,269.7,634,23.42,51.80,-1,-1,496,508
445,1778510045418,270.3,637,23.37,51.91,-1,-1,496,508
446,1778510046063,271.0,645,23.32,52.02,-1,-1,497,508
447,1778510046932,271.8,640,23.49,52.13,-1,-1,497,508
448,1778510047592,272.5,659,23.44,52.23,-1,-1,497,508
449,1778510048220,273.1,627,23.39,52.12,-1,-1,497,508
450,1778510048855,273.7,635,23.33,52.00,-1,-1,497,508
451,1778510049500,274.4,644,23.28,51.88,3738,20,497,508
452,1778510050383,275.3,642,23.45,51.99,-1,-1,498,508
453,1778510051025,275.9,641,23.40,51.88,-1,-1,499,508
454,1778510051673,276.6,648,23.35,51.76,-1,-1,498,508
455,1778510052304,277.2,630,23.30,51.65,-1,-1,498,508
456,1778510053282,278.2,978,23.25,51.54,-1,-1,498,508
457,1778510054423,279.3,895,23.41,51.64,-1,-1,498,508
458,1778510055282,280.2,649,23.58,51.75,-1,-1,499,508
459,1778510055929,280.8,646,23.53,51.63,-1,-1,500,508
460,1778510056557,281.5,628,23.48,51.74,-1,-1,499,508
461,1778510057403,282.3,641,23.64,51.84,-1,-1,499,508
462,1778510058223,283.1,637,23.81,51.95,-1,-1,499,508
463,1778510058866,283.8,642,23.76,52.05,-1,-1,500,508
464,1778510059499,284.4,632,23.71,51.94,-1,-1,500,508
465,1778510060148,285.0,649,23.66,51.83,-1,-1,501,508
466,1778510061009,285.9,641,23.82,51.93,-1,-1,500,508
467,1778510061651,286.5,642,23.77,52.03,-1,-1,501,508
468,1778510062281,287.2,629,23.72,52.14,-1,-1,501,508
469,1778510062914,287.8,633,23.67,52.03,-1,-1,501,508
470,1778510063553,288.4,639,23.62,52.13,-1,-1,502,508
471,1778510064197,289.1,643,23.57,52.02,-1,-1,502,508
472,1778510064843,289.7,645,23.52,51.91,-1,-1,502,508
473,1778510065662,290.6,643,23.68,52.01,-1,-1,502,508
474,1778510066302,291.2,638,23.63,52.11,-1,-1,502,508
475,1778510066941,291.8,639,23.58,52.00,-1,-1,502,508
476,1778510067571,292.5,630,23.53,52.10,-1,-1,503,508
477,1778510068418,293.3,643,23.69,52.20,-1,-1,503,508
478,1778510069212,294.1,629,23.85,52.30,-1,-1,503,508
479,1778510069846,294.7,633,23.80,52.19,-1,-1,503,508
480,1778510070485,295.4,638,23.75,52.29,-1,-1,503,508
481,1778510071119,296.0,634,23.70,52.39,-1,-1,503,508
482,1778510071748,296.6,627,23.65,52.49,-1,-1,504,508
483,1778510072385,297.3,637,23.60,52.38,-1,-1,504,508
484,1778510073016,297.9,631,23.55,52.27,-1,-1,504,508
485,1778510073872,298.8,636,23.71,52.37,-1,-1,504,508
486,1778510074506,299.4,634,23.66,52.26,-1,-1,504,508
487,1778510075146,300.0,639,23.61,52.36,-1,-1,504,508
488,1778510075780,300.7,634,23.57,52.46,-1,-1,505,508
489,1778510076409,301.3,629,23.52,52.35,-1,-1,505,508
490,1778510077039,301.9,630,23.47,52.45,-1,-1,505,508
491,1778510077681,302.6,642,23.42,52.55,-1,-1,505,508
492,1778510078321,303.2,639,23.37,52.64,-1,-1,505,508
493,1778510079143,304.0,641,23.53,52.74,-1,-1,505,508
494,1778510079776,304.7,631,23.48,52.83,-1,-1,506,508
495,1778510080401,305.3,625,23.43,52.73,-1,-1,506,508
496,1778510081038,305.9,637,23.39,52.62,-1,-1,506,508
497,1778510081683,306.6,644,23.34,52.72,-1,-1,506,508
498,1778510082318,307.2,634,23.29,52.81,-1,-1,506,508
499,1778510082960,307.9,641,23.25,52.91,-1,-1,507,508
500,1778510083584,308.5,624,23.20,52.80,-1,-1,507,508
501,1778510084214,309.1,629,23.15,52.89,3738,20,507,508
502,1778510084851,309.7,634,23.11,52.79,-1,-1,507,508
503,1778510085500,310.4,649,23.06,52.88,-1,-1,507,508
504,1778510086135,311.0,634,23.02,52.78,-1,-1,507,508
505,1778510086751,311.6,616,22.97,52.87,-1,-1,507,508
506,1778510087386,312.3,635,22.92,52.77,-1,-1,482,508
507,1778510088257,313.2,630,23.08,52.86,-1,-1,483,508
508,1778510088891,313.8,633,23.03,52.76,-1,-1,484,508
509,1778510089705,314.6,631,23.18,52.85,-1,-1,483,508
510,1778510090355,315.2,650,23.14,52.75,-1,-1,484,508
511,1778510090988,315.9,632,23.09,52.64,-1,-1,483,508
512,1778510091628,316.5,638,23.05,52.54,-1,-1,483,508
513,1778510092259,317.2,630,23.00,52.44,-1,-1,484,508
514,1778510092893,317.8,633,22.96,52.53,-1,-1,484,508
515,1778510093531,318.4,637,22.91,52.43,-1,-1,485,508
516,1778510094162,319.1,631,22.87,52.33,-1,-1,485,508
517,1778510094806,319.7,644,22.82,52.22,-1,-1,485,508
518,1778510095651,320.5,644,22.97,52.32,-1,-1,485,508
519,1778510096283,321.2,631,22.93,52.22,-1,-1,486,508
520,1778510096911,321.8,628,22.88,52.12,-1,-1,486,508
521,1778510097554,322.4,643,22.84,52.21,-1,-1,486,508
522,1778510098187,323.1,632,22.80,52.11,-1,-1,486,508
523,1778510098827,323.7,640,22.75,52.01,-1,-1,486,508
524,1778510099691,324.6,633,22.90,52.10,-1,-1,486,508
525,1778510100346,325.2,655,22.86,52.19,-1,-1,487,508
526,1778510100986,325.9,640,22.81,52.28,-1,-1,487,508
527,1778510101618,326.5,632,22.77,52.18,-1,-1,487,508
528,1778510102266,327.2,647,22.73,52.08,-1,-1,487,508
529,1778510102905,327.8,639,22.68,51.98,-1,-1,487,508
530,1778510103540,328.4,634,22.64,52.08,-1,-1,487,508
531,1778510104167,329.1,627,22.60,51.98,-1,-1,488,508
532,1778510105019,329.9,642,22.74,52.07,-1,-1,488,508
533,1778510105661,330.6,641,22.70,51.97,-1,-1,488,508
534,1778510106418,331.3,630,22.85,52.06,-1,-1,488,508
535,1778510107243,332.1,637,22.99,52.15,-1,-1,488,508
536,1778510107880,332.8,636,22.95,52.05,-1,-1,489,508
537,1778510108513,333.4,633,22.91,51.96,-1,-1,489,508
538,1778510109141,334.0,628,22.86,51.86,-1,-1,489,508
539,1778510109780,334.7,638,22.82,51.76,-1,-1,489,508
540,1778510110416,335.3,636,22.78,51.67,-1,-1,489,508
541,1778510111045,335.9,629,22.74,51.57,-1,-1,489,508
542,1778510111677,336.6,631,22.69,51.48,-1,-1,490,508
543,1778510112317,337.2,640,22.65,51.38,-1,-1,490,508
544,1778510112955,337.8,638,22.61,51.29,-1,-1,490,508
545,1778510113603,338.5,648,22.57,51.19,-1,-1,490,508
546,1778510114241,339.1,637,22.53,51.10,-1,-1,490,508
547,1778510114886,339.8,644,22.49,51.01,-1,-1,490,508
548,1778510115697,340.6,629,22.63,51.09,-1,-1,491,508
549,1778510116346,341.2,648,22.59,51.00,-1,-1,491,508
550,1778510116982,341.9,636,22.55,51.09,-1,-1,491,508
551,1778510117604,342.5,621,22.50,51.00,3738,20,491,508
552,1778510118245,343.1,639,22.46,50.91,-1,-1,491,508
553,1778510118881,343.8,634,22.42,50.81,-1,-1,491,508
554,1778510119731,344.6,641,22.56,50.90,-1,-1,492,508
555,1778510120557,345.5,636,22.70,50.99,-1,-1,492,508
556,1778510121195,346.1,638,22.66,51.08,-1,-1,492,508
557,1778510121837,346.7,642,22.62,51.17,-1,-1,492,508
558,1778510122641,347.5,631,22.76,51.25,-1,-1,492,508
559,1778510123276,348.2,635,22.72,51.16,-1,-1,492,508
560,1778510124099,349.0,636,22.86,51.25,-1,-1,493,508
561,1778510124741,349.6,641,22.82,51.34,-1,-1,493,508
562,1778510125585,350.5,643,22.95,51.42,-1,-1,493,508
563,1778510126234,351.1,649,22.91,51.51,-1,-1,493,508
564,1778510127102,352.0,641,23.05,51.60,-1,-1,493,508
565,1778510127946,352.8,639,23.19,51.68,-1,-1,493,508
566,1778510128576,353.5,630,23.14,51.59,-1,-1,494,508
567,1778510129397,354.3,641,23.28,51.68,-1,-1,494,508
568,1778510130036,354.9,639,23.24,51.58,-1,-1,494,508
569,1778510130668,355.6,632,23.20,51.49,-1,-1,494,508
570,1778510131310,356.2,642,23.16,51.40,-1,-1,494,508
571,1778510132109,357.0,631,23.29,51.49,-1,-1,494,508
572,1778510132745,357.6,635,23.25,51.57,-1,-1,495,508
573,1778510133387,358.3,641,23.21,51.48,-1,-1,495,508
574,1778510134032,358.9,645,23.17,51.57,-1,-1,495,508
575,1778510134678,359.6,646,23.13,51.48,-1,-1,495,508
576,1778510135310,360.2,632,23.09,51.56,-1,-1,495,508
577,1778510135944,360.8,634,23.05,51.65,-1,-1,495,508
578,1778510136586,361.5,641,23.01,51.73,-1,-1,496,508
579,1778510137230,362.1,644,22.97,51.81,-1,-1,496,508
580,1778510137866,362.8,635,22.93,51.90,-1,-1,496,508
581,1778510138701,363.6,651,23.06,51.98,-1,-1,496,508
582,1778510139346,364.2,643,23.02,51.89,-1,-1,496,508
583,1778510139966,364.9,620,22.98,51.97,-1,-1,496,508
584,1778510140602,365.5,635,22.95,51.88,-1,-1,497,508
585,1778510141243,366.1,641,22.91,51.97,-1,-1,497,508
586,1778510141862,366.8,619,22.87,51.88,-1,-1,497,508
587,1778510142505,367.4,643,22.83,51.79,-1,-1,497,508
588,1778510143165,368.1,660,22.79,51.70,-1,-1,497,508
589,1778510143793,368.7,628,22.75,51.61,-1,-1,497,508
590,1778510144430,369.3,637,22.71,51.53,-1,-1,498,508
591,1778510145063,370.0,633,22.67,51.44,-1,-1,498,508
592,1778510145699,370.6,634,22.64,51.35,-1,-1,498,508
593,1778510146322,371.2,623,22.60,51.26,-1,-1,498,508
594,1778510146948,371.8,625,22.56,51.35,-1,-1,498,508
595,1778510147588,372.5,639,22.52,51.26,-1,-1,498,508
596,1778510148449,373.3,636,22.65,51.34,-1,-1,499,508
597,1778510149304,374.2,669,22.78,51.42,-1,-1,499,508
598,1778510149937,374.8,632,22.74,51.34,-1,-1,500,508
599,1778510150570,375.5,633,22.70,51.25,-1,-1,499,508
600,1778510151208,376.1,638,22.67,51.17,-1,-1,499,508
601,1778510151844,376.7,636,22.63,51.08,3738,20,499,508
602,1778510152674,377.6,637,22.76,51.16,-1,-1,500,508
603,1778510153320,378.2,646,22.72,51.24,-1,-1,501,508
604,1778510153948,378.8,628,22.68,51.16,-1,-1,500,508
605,1778510154586,379.5,638,22.64,51.24,-1,-1,500,508
606,1778510155231,380.1,645,22.61,51.16,-1,-1,500,508
607,1778510155867,380.8,636,22.57,51.24,-1,-1,500,508
608,1778510156503,381.4,636,22.53,51.32,-1,-1,501,508
609,1778510157145,382.0,642,22.50,51.40,-1,-1,501,508
610,1778510157786,382.7,641,22.46,51.48,-1,-1,501,508
611,1778510158426,383.3,640,22.42,51.39,-1,-1,502,508
612,1778510159060,384.0,633,22.39,51.31,-1,-1,502,508
613,1778510159698,384.6,638,22.35,51.22,-1,-1,502,508
614,1778510160346,385.2,648,22.31,51.30,-1,-1,502,508
615,1778510160983,385.9,637,22.28,51.38,-1,-1,503,508
616,1778510161840,386.7,637,22.40,51.46,-1,-1,503,508
617,1778510162646,387.5,639,22.53,51.54,-1,-1,503,508
618,1778510163296,388.2,650,22.49,51.62,-1,-1,503,508
619,1778510163926,388.8,629,22.46,51.70,-1,-1,503,508
620,1778510164560,389.5,634,22.42,51.61,-1,-1,503,508
621,1778510165441,390.3,651,22.54,51.69,-1,-1,504,508
622,1778510166220,391.1,636,22.67,51.77,-1,-1,504,508
623,1778510166843,391.7,623,22.63,51.85,-1,-1,504,508
624,1778510167470,392.4,627,22.60,51.92,-1,-1,504,508
625,1778510168101,393.0,630,22.56,51.84,-1,-1,504,508
626,1778510168735,393.6,634,22.52,51.76,-1,-1,505,508
627,1778510169385,394.3,650,22.49,51.83,-1,-1,505,508
628,1778510170011,394.9,625,22.45,51.75,-1,-1,505,508
629,1778510170645,395.5,634,22.42,51.67,-1,-1,505,508
630,1778510171289,396.2,644,22.38,51.59,-1,-1,505,508
631,1778510171923,396.8,633,22.35,51.51,-1,-1,505,508
632,1778510172557,397.5,632,22.31,51.42,-1,-1,506,508
633,1778510173208,398.1,650,22.27,51.34,-1,-1,506,508
634,1778510173843,398.7,635,22.24,51.26,-1,-1,506,508
635,1778510174485,399.4,642,22.20,51.34,-1,-1,506,508
636,1778510175121,400.0,636,22.17,51.42,-1,-1,506,508
637,1778510175952,400.8,654,22.29,51.49,-1,-1,506,508
638,1778510176580,401.5,628,22.26,51.57,-1,-1,507,508
639,1778510177209,402.1,629,22.22,51.64,-1,-1,507,508
640,1778510177833,402.7,624,22.19,51.56,-1,-1,507,508
641,1778510178638,403.5,635,22.31,51.64,-1,-1,507,508
642,1778510179272,404.2,632,22.27,51.56,-1,-1,507,508
643,1778510179896,404.8,623,22.24,51.63,-1,-1,507,508
644,1778510180537,405.4,641,22.20,51.71,-1,-1,508,508
645,1778510181178,406.1,641,22.17,51.63,-1,-1,508,508
646,1778510181812,406.7,633,22.14,51.55,-1,-1,508,508
647,1778510182467,407.4,655,22.10,51.47,-1,-1,508,508
648,1778510183104,408.0,636,22.07,51.39,-1,-1,508,508
649,1778510183742,408.6,637,22.03,51.31,-1,-1,508,508
650,1778510184376,409.3,633,22.00,51.38,-1,-1,483,508
651,1778510185018,409.9,642,21.97,51.31,3736,22,483,508
652,1778510185848,410.7,637,22.09,51.38,-1,-1,483,508
653,1778510186714,411.6,664,22.21,51.45,-1,-1,483,508
654,1778510187537,412.4,643,22.32,51.53,-1,-1,483,508
655,1778510188186,413.1,648,22.29,51.45,-1,-1,485,508
656,1778510189052,413.9,629,22.41,51.52,-1,-1,484,508
657,1778510189690,414.6,637,22.37,51.45,-1,-1,485,508
658,1778510190483,415.4,632,22.49,51.52,-1,-1,484,508
659,1778510191116,416.0,633,22.46,51.44,-1,-1,485,508
660,1778510191739,416.6,622,22.42,51.36,-1,-1,485,508
661,1778510192370,417.3,630,22.39,51.29,-1,-1,486,508
662,1778510193020,417.9,648,22.36,51.21,-1,-1,486,508
663,1778510193661,418.6,641,22.32,51.28,-1,-1,486,508
664,1778510194303,419.2,642,22.29,51.20,-1,-1,486,508
665,1778510195168,420.1,641,22.41,51.28,-1,-1,486,508
666,1778510195806,420.7,637,22.37,51.20,-1,-1,487,508
667,1778510196572,421.5,625,22.49,51.27,-1,-1,487,508
668,1778510197210,422.1,638,22.46,51.35,-1,-1,487,508
669,1778510197894,422.8,684,22.42,51.27,-1,-1,487,508
670,1778510198532,423.4,637,22.39,51.19,-1,-1,487,508
671,1778510199159,424.1,627,22.35,51.12,-1,-1,487,508
672,1778510199805,424.7,644,22.32,51.04,-1,-1,488,508
673,1778510200445,425.3,639,22.29,50.97,-1,-1,488,508
674,1778510201080,426.0,635,22.26,50.89,-1,-1,488,508
675,1778510201712,426.6,632,22.22,50.81,-1,-1,488,508
676,1778510202353,427.2,640,22.19,50.74,-1,-1,488,508
677,1778510202999,427.9,645,22.16,50.81,-1,-1,488,508
678,1778510203864,428.8,636,22.27,50.88,-1,-1,488,508
679,1778510204685,429.6,645,22.39,50.96,-1,-1,489,508
680,1778510205327,430.2,641,22.35,51.03,-1,-1,489,508
681,1778510205955,430.8,628,22.32,50.95,-1,-1,489,508
682,1778510206587,431.5,630,22.29,51.03,-1,-1,489,508
683,1778510207407,432.3,631,22.40,51.10,-1,-1,489,508
684,1778510208041,432.9,632,22.37,51.17,-1,-1,490,508
685,1778510208684,433.6,642,22.34,51.09,-1,-1,490,508
686,1778510209319,434.2,635,22.30,51.17,-1,-1,490,508
687,1778510209965,434.9,645,22.27,51.24,-1,-1,490,508
688,1778510210607,435.5,642,22.24,51.16,-1,-1,490,508
689,1778510211248,436.1,640,22.21,51.09,-1,-1,490,508
690,1778510211893,436.8,644,22.17,51.16,-1,-1,491,508
691,1778510212537,437.4,644,22.14,51.09,-1,-1,491,508
692,1778510213179,438.1,641,22.11,51.01,-1,-1,491,508
693,1778510213826,438.7,647,22.08,50.94,-1,-1,491,508
694,1778510214467,439.4,641,22.05,50.86,-1,-1,491,508
695,1778510215114,440.0,647,22.01,50.94,-1,-1,491,508
696,1778510215938,440.8,642,22.13,51.01,-1,-1,491,508
697,1778510216580,441.5,641,22.09,51.08,-1,-1,492,508
698,1778510217202,442.1,621,22.06,51.15,-1,-1,492,508
699,1778510217840,442.7,638,22.03,51.22,-1,-1,492,508
700,1778510218485,443.4,645,22.00,51.14,-1,-1,492,508
701,1778510219116,444.0,631,21.97,51.07,3736,22,492,508
702,1778510219975,444.9,641,22.08,51.14,-1,-1,492,508
703,1778510220618,445.5,643,22.05,51.07,-1,-1,493,508
704,1778510221253,446.1,635,22.02,50.99,-1,-1,493,508
705,1778510221890,446.8,637,21.99,50.92,-1,-1,493,508
706,1778510222529,447.4,639,21.95,50.99,-1,-1,493,508
707,1778510223154,448.0,625,21.92,51.06,-1,-1,493,508
708,1778510223817,448.7,662,21.89,50.99,-1,-1,493,508
709,1778510224486,449.4,669,21.86,50.92,-1,-1,494,508
710,1778510225125,450.0,638,21.83,50.99,-1,-1,494,508
711,1778510225740,450.6,615,21.80,51.05,-1,-1,494,508
712,1778510226585,451.5,642,21.91,51.12,-1,-1,494,508
713,1778510227426,452.3,646,22.02,51.19,-1,-1,494,508
714,1778510228222,453.1,634,22.13,51.26,-1,-1,494,508
715,1778510229048,453.9,632,22.24,51.33,-1,-1,495,508
716,1778510229855,454.7,640,22.35,51.40,-1,-1,495,508
717,1778510230505,455.4,650,22.32,51.32,-1,-1,495,508
718,1778510231130,456.0,625,22.28,51.25,-1,-1,495,508
719,1778510231767,456.7,637,22.25,51.18,-1,-1,495,508
720,1778510232399,457.3,631,22.22,51.11,-1,-1,495,508
721,1778510233029,457.9,630,22.19,51.04,-1,-1,496,508
722,1778510233667,458.6,636,22.16,50.97,-1,-1,496,508
723,1778510234304,459.2,637,22.13,50.90,-1,-1,496,508
724,1778510234944,459.8,640,22.10,50.83,-1,-1,496,508
725,1778510235760,460.7,638,22.21,50.90,-1,-1,496,508
726,1778510236392,461.3,632,22.18,50.83,-1,-1,496,508
727,1778510237029,461.9,637,22.15,50.89,-1,-1,497,508
728,1778510237835,462.7,634,22.25,50.96,-1,-1,497,508
729,1778510238621,463.5,639,22.36,51.03,-1,-1,497,508
730,1778510239288,464.2,667,22.33,51.10,-1,-1,497,508
731,1778510239917,464.8,629,22.30,51.03,-1,-1,497,508
732,1778510240548,465.4,629,22.27,50.96,-1,-1,497,508
733,1778510241179,466.1,631,22.24,50.89,-1,-1,498,508
734,1778510241815,466.7,636,22.21,50.95,-1,-1,498,508
735,1778510242449,467.3,634,22.18,51.02,-1,-1,498,508
736,1778510243080,468.0,630,22.15,51.09,-1,-1,498,508
737,1778510243718,468.6,637,22.12,51.02,-1,-1,498,508
738,1778510244353,469.2,634,22.09,50.95,-1,-1,498,508
739,1778510244993,469.9,639,22.06,50.88,-1,-1,498,508
740,1778510245634,470.5,641,22.03,50.95,-1,-1,499,508
741,1778510246258,471.2,624,22.00,50.88,-1,-1,499,508
742,1778510246891,471.8,631,21.97,50.81,-1,-1,499,508
743,1778510247536,472.4,645,21.94,50.74,-1,-1,499,508
744,1778510248174,473.1,638,21.91,50.81,-1,-1,499,508
745,1778510248814,473.7,640,21.88,50.74,-1,-1,499,508
746,1778510249452,474.3,638,21.85,50.67,-1,-1,500,508
747,1778510250075,475.0,623,21.82,50.74,-1,-1,500,508
748,1778510250695,475.6,619,21.79,50.67,-1,-1,500,508
749,1778510251316,476.2,620,21.76,50.60,-1,-1,500,508
750,1778510251952,476.8,636,21.73,50.53,-1,-1,500,508
751,1778510252585,477.5,633,21.70,50.47,3736,22,500,508
752,1778510253232,478.1,645,21.68,50.53,-1,-1,501,508
753,1778510254093,479.0,644,21.78,50.60,-1,-1,501,508
754,1778510254724,479.6,630,21.75,50.53,-1,-1,502,508
755,1778510255584,480.5,636,21.85,50.60,-1,-1,501,508
756,1778510256218,481.1,634,21.83,50.66,-1,-1,502,508
757,1778510256851,481.7,632,21.80,50.59,-1,-1,501,508
758,1778510257676,482.6,656,21.90,50.66,-1,-1,502,508
759,1778510258496,483.4,636,22.00,50.72,-1,-1,502,508
760,1778510259364,484.3,650,22.11,50.79,-1,-1,503,508
761,1778510260010,484.9,645,22.08,50.72,-1,-1,503,508
762,1778510260641,485.5,629,22.05,50.66,-1,-1,503,508
763,1778510261284,486.2,643,22.02,50.59,-1,-1,503,508
764,1778510261921,486.8,637,21.99,50.65,-1,-1,503,508
765,1778510262572,487.5,651,21.96,50.72,-1,-1,504,508
766,1778510263220,488.1,647,21.93,50.65,-1,-1,504,508
767,1778510263859,488.8,638,21.90,50.59,-1,-1,504,508
768,1778510264491,489.4,631,21.88,50.52,-1,-1,504,508
769,1778510265132,490.0,641,21.85,50.46,-1,-1,504,508
770,1778510265779,490.7,646,21.82,50.39,-1,-1,505,508
771,1778510266415,491.3,636,21.79,50.32,-1,-1,505,508
772,1778510267288,492.2,653,21.89,50.39,-1,-1,505,508
773,1778510267929,492.8,641,21.86,50.32,-1,-1,505,508
774,1778510268560,493.5,631,21.83,50.26,-1,-1,505,508
775,1778510269200,494.1,640,21.81,50.32,-1,-1,505,508
776,1778510269838,494.7,637,21.78,50.26,-1,-1,505,508
777,1778510270488,495.4,649,21.75,50.19,-1,-1,506,508
778,1778510271136,496.0,648,21.72,50.13,-1,-1,506,508
779,1778510271779,496.7,643,21.69,50.19,-1,-1,506,508
780,1778510272419,497.3,640,21.67,50.13,-1,-1,506,508
781,1778510273055,497.9,636,21.64,50.19,-1,-1,506,508
782,1778510273688,498.6,632,21.61,50.13,-1,-1,506,508
783,1778510274512,499.4,635,21.71,50.19,-1,-1,507,508
784,1778510275348,500.2,643,21.81,50.26,-1,-1,507,508
785,1778510276187,501.1,641,21.91,50.32,-1,-1,507,508
786,1778510276830,501.7,643,21.88,50.38,-1,-1,507,508
787,1778510277471,502.4,641,21.86,50.44,-1,-1,507,508
788,1778510278109,503.0,638,21.83,50.38,-1,-1,507,508
789,1778510278744,503.6,634,21.80,50.32,-1,-1,508,508
790,1778510279399,504.3,655,21.77,50.25,-1,-1,508,508
791,1778510280209,505.1,641,21.87,50.32,-1,-1,508,508
792,1778510280863,505.8,652,21.84,50.25,-1,-1,508,508
793,1778510281488,506.4,625,21.82,50.19,-1,-1,508,508
794,1778510282319,507.2,635,21.91,50.25,-1,-1,483,508
795,1778510283131,508.0,651,22.01,50.31,-1,-1,483,508
796,1778510283764,508.7,633,21.98,50.25,-1,-1,484,508
797,1778510284426,509.3,662,21.96,50.19,-1,-1,484,508
798,1778510285068,510.0,641,21.93,50.13,-1,-1,484,508
799,1778510285072,510.0,4,21.90,50.06,-1,-1,484,508
800,1778510285919,510.8,642,22.00,50.13,-1,-1,484,508
801,1778510286782,511.7,644,22.10,50.19,3736,22,484,508
802,1778510286789,511.7,5,22.07,50.12,-1,-1,485,508
803,1778510287437,512.3,647,22.04,50.19,-1,-1,486,508
804,1778510288075,513.0,636,22.01,50.12,-1,-1,486,508
805,1778510288712,513.6,636,21.99,50.19,-1,-1,486,508
806,1778510289345,514.2,633,21.96,50.12,-1,-1,486,508
807,1778510289987,514.9,642,21.93,50.19,-1,-1,486,508
808,1778510290628,515.5,640,21.91,50.12,-1,-1,486,508
809,1778510291463,516.4,635,22.00,50.19,-1,-1,487,508
810,1778510292291,517.2,635,22.10,50.25,-1,-1,487,508
811,1778510292937,517.8,646,22.07,50.31,-1,-1,487,508
812,1778510293576,518.5,637,22.04,50.25,-1,-1,487,508
813,1778510294210,519.1,633,22.02,50.31,-1,-1,487,508
814,1778510294857,519.8,647,21.99,50.37,-1,-1,487,508
815,1778510295497,520.4,640,21.96,50.31,-1,-1,488,508
816,1778510296128,521.0,631,21.94,50.37,-1,-1,488,508
817,1778510296763,521.7,635,21.91,50.31,-1,-1,488,508
818,1778510297403,522.3,640,21.88,50.24,-1,-1,488,508
819,1778510298039,522.9,636,21.86,50.31,-1,-1,488,508
820,1778510298686,523.6,646,21.83,50.24,-1,-1,488,508
821,1778510299348,524.2,662,21.80,50.18,-1,-1,489,508
822,1778510299993,524.9,643,21.78,50.12,-1,-1,489,508
823,1778510300632,525.5,638,21.75,50.06,-1,-1,489,508
824,1778510301273,526.2,641,21.72,50.00,-1,-1,489,508
825,1778510301927,526.8,654,21.70,50.06,-1,-1,489,508
826,1778510302577,527.5,649,21.67,50.12,-1,-1,489,508
827,1778510303371,528.3,635,21.77,50.18,-1,-1,489,508
828,1778510304194,529.1,656,21.86,50.24,-1,-1,490,508
829,1778510305000,529.9,635,21.95,50.30,-1,-1,490,508
830,1778510305824,530.7,643,22.05,50.36,-1,-1,490,508
831,1778510306667,531.6,641,22.14,50.42,-1,-1,490,508
832,1778510307531,532.4,635,22.24,50.48,-1,-1,490,508
833,1778510308183,533.1,652,22.21,50.42,-1,-1,490,508
834,1778510308812,533.7,629,22.18,50.36,-1,-1,491,508
835,1778510309457,534.4,645,22.16,50.30,-1,-1,491,508
836,1778510310098,535.0,641,22.13,50.36,-1,-1,491,508
837,1778510310737,535.6,639,22.10,50.42,-1,-1,491,508
838,1778510311584,536.5,643,22.20,50.48,-1,-1,491,508
839,1778510312232,537.1,646,22.17,50.42,-1,-1,492,508
840,1778510312868,537.8,636,22.14,50.36,-1,-1,492,508
841,1778510313510,538.4,642,22.12,50.30,-1,-1,492,508
842,1778510314157,539.1,646,22.09,50.24,-1,-1,492,508
843,1778510314991,539.9,643,22.18,50.30,-1,-1,492,508
844,1778510315627,540.5,635,22.16,50.36,-1,-1,493,508
845,1778510316257,541.2,630,22.13,50.41,-1,-1,493,508
846,1778510316888,541.8,630,22.10,50.47,-1,-1,493,508
847,1778510317529,542.4,640,22.08,50.41,-1,-1,493,508
848,1778510318169,543.1,640,22.05,50.35,-1,-1,493,508
849,1778510318809,543.7,640,22.03,50.29,-1,-1,493,508
850,1778510319449,544.3,640,22.00,50.35,-1,-1,493,508
851,1778510320092,545.0,643,21.97,50.29,3736,22,494,508
852,1778510320728,545.6,634,21.95,50.35,-1,-1,494,508
853,1778510321371,546.3,643,21.92,50.41,-1,-1,494,508
854,1778510322007,546.9,636,21.90,50.35,-1,-1,494,508
855,1778510322642,547.5,635,21.87,50.29,-1,-1,494,508
856,1778510323532,548.4,638,21.96,50.35,-1,-1,494,508
857,1778510324183,549.1,650,21.94,50.29,-1,-1,495,508
858,1778510324811,549.7,627,21.91,50.23,-1,-1,495,508
859,1778510325466,550.4,655,21.89,50.17,-1,-1,495,508
860,1778510326111,551.0,645,21.86,50.23,-1,-1,495,508
861,1778510326751,551.6,639,21.84,50.29,-1,-1,495,508
862,1778510327401,552.3,649,21.81,50.23,-1,-1,495,508
863,1778510328038,552.9,637,21.78,50.17,-1,-1,496,508
864,1778510328674,553.6,636,21.76,50.12,-1,-1,496,508
865,1778510329314,554.2,640,21.73,50.06,-1,-1,496,508
866,1778510329941,554.8,627,21.71,50.12,-1,-1,496,508
867,1778510330585,555.5,644,21.68,50.06,-1,-1,496,508
868,1778510331233,556.1,648,21.66,50.12,-1,-1,496,508
869,1778510331872,556.8,639,21.63,50.06,-1,-1,496,508
870,1778510332744,557.6,638,21.72,50.11,-1,-1,497,508
871,1778510333408,558.3,662,21.70,50.17,-1,-1,497,508
872,1778510334064,559.0,655,21.67,50.11,-1,-1,497,508
873,1778510334932,559.8,634,21.76,50.17,-1,-1,497,508
874,1778510335727,560.6,643,21.85,50.23,-1,-1,497,508
875,1778510336575,561.5,662,21.94,50.29,-1,-1,498,508
876,1778510337209,562.1,633,21.92,50.34,-1,-1,498,508
877,1778510337844,562.7,634,21.89,50.29,-1,-1,498,508
878,1778510338489,563.4,645,21.87,50.23,-1,-1,498,508
879,1778510339125,564.0,636,21.84,50.17,-1,-1,498,508
880,1778510339767,564.7,642,21.82,50.11,-1,-1,498,508
881,1778510340401,565.3,634,21.79,50.06,-1,-1,498,508
882,1778510341040,565.9,637,21.77,50.00,-1,-1,499,508
883,1778510341680,566.6,639,21.74,49.94,-1,-1,499,508
884,1778510342323,567.2,643,21.72,49.89,-1,-1,499,508
885,1778510342965,567.9,641,21.69,49.94,-1,-1,499,508
886,1778510343601,568.5,635,21.67,49.89,-1,-1,499,508
887,1778510344260,569.2,658,21.65,49.83,-1,-1,499,508
888,1778510344891,569.8,630,21.62,49.89,-1,-1,500,508
889,1778510345768,570.7,657,21.71,49.94,-1,-1,500,508
890,1778510346403,571.3,635,21.69,50.00,-1,-1,501,508
891,1778510347229,572.1,651,21.77,50.06,-1,-1,500,508
892,1778510347863,572.8,631,21.75,50.00,-1,-1,501,508
893,1778510348526,573.4,662,21.72,50.06,-1,-1,500,508
894,1778510349355,574.2,620,21.81,50.11,-1,-1,501,508
895,1778510349992,574.9,637,21.79,50.17,-1,-1,502,508
896,1778510350627,575.5,634,21.76,50.22,-1,-1,501,508
897,1778510351475,576.4,636,21.85,50.28,-1,-1,501,508
898,1778510352314,577.2,645,21.94,50.33,-1,-1,501,508
899,1778510353125,578.0,637,22.02,50.39,-1,-1,501,508
900,1778510353930,578.8,641,22.11,50.44,-1,-1,502,508
901,1778510354588,579.5,657,22.09,50.39,3736,22,503,508
902,1778510355209,580.1,619,22.06,50.44,-1,-1,503,508
903,1778510356034,580.9,633,22.15,50.50,-1,-1,503,508
904,1778510356670,581.6,636,22.12,50.55,-1,-1,503,508
905,1778510357468,582.4,648,22.21,50.61,-1,-1,503,508
906,1778510358262,583.2,643,22.30,50.66,-1,-1,504,508
907,1778510358973,583.9,710,22.27,50.61,-1,-1,504,508
908,1778510359581,584.5,607,22.25,50.66,-1,-1,504,508
909,1778510360220,585.1,639,22.22,50.61,-1,-1,504,508
910,1778510361050,585.9,629,22.31,50.66,-1,-1,504,508
911,1778510361864,586.8,640,22.39,50.71,-1,-1,505,508
912,1778510362512,587.4,646,22.37,50.66,-1,-1,505,508
913,1778510363143,588.0,631,22.34,50.60,-1,-1,505,508
914,1778510363791,588.7,647,22.32,50.55,-1,-1,505,508
915,1778510364433,589.3,641,22.30,50.60,-1,-1,505,508
916,1778510365314,590.2,631,22.38,50.66,-1,-1,505,508
917,1778510365961,590.9,647,22.36,50.60,-1,-1,505,508
918,1778510366601,591.5,639,22.33,50.54,-1,-1,506,508
919,1778510367245,592.1,644,22.31,50.49,-1,-1,506,508
920,1778510367892,592.8,646,22.28,50.43,-1,-1,506,508
921,1778510368536,593.4,644,22.26,50.38,-1,-1,506,508
922,1778510369384,594.3,641,22.34,50.43,-1,-1,506,508
923,1778510370025,594.9,641,22.32,50.38,-1,-1,506,508
924,1778510370881,595.8,637,22.40,50.43,-1,-1,507,508
925,1778510371690,596.6,630,22.49,50.49,-1,-1,507,508
926,1778510372391,597.3,701,22.46,50.43,-1,-1,507,508
927,1778510373020,597.9,629,22.44,50.49,-1,-1,507,508
928,1778510373655,598.5,635,22.41,50.54,-1,-1,507,508
929,1778510374301,599.2,646,22.39,50.48,-1,-1,507,508
930,1778510374930,599.8,629,22.37,50.43,-1,-1,508,508
931,1778510375597,600.5,667,22.34,50.38,-1,-1,508,508
932,1778510376221,601.1,622,22.32,50.32,-1,-1,508,508
933,1778510377112,602.0,626,22.40,50.38,-1,-1,508,508
934,1778510377757,602.7,645,22.38,50.43,-1,-1,508,508
935,1778510378594,603.5,642,22.46,50.48,-1,-1,483,508
936,1778510379402,604.3,636,22.54,50.53,-1,-1,484,508
937,1778510380053,604.9,650,22.52,50.48,-1,-1,485,508
938,1778510380899,605.8,642,22.60,50.53,-1,-1,484,508
939,1778510381542,606.4,643,22.58,50.59,-1,-1,485,508
940,1778510382179,607.1,637,22.55,50.53,-1,-1,484,508
941,1778510382992,607.9,655,22.64,50.58,-1,-1,484,508
942,1778510383690,608.6,696,22.61,50.64,-1,-1,486,508
943,1778510384316,609.2,625,22.59,50.69,-1,-1,486,508
944,1778510384971,609.9,655,22.56,50.74,-1,-1,486,508
945,1778510385810,610.7,640,22.65,50.79,-1,-1,486,508
946,1778510386628,611.5,639,22.73,50.85,-1,-1,486,508
947,1778510387435,612.3,635,22.81,50.90,-1,-1,487,508
948,1778510388260,613.2,632,22.89,50.95,-1,-1,487,508
949,1778510388898,613.8,637,22.87,51.00,-1,-1,487,508
950,1778510389551,614.4,653,22.84,50.95,-1,-1,487,508
951,1778510390181,615.1,629,22.82,50.89,3734,24,487,508
952,1778510390863,615.8,680,22.79,50.84,-1,-1,487,508
953,1778510391499,616.4,636,22.77,50.79,-1,-1,487,508
954,1778510392156,617.0,657,22.75,50.73,-1,-1,488,508
955,1778510392948,617.8,639,22.83,50.79,-1,-1,488,508
956,1778510393751,618.6,656,22.91,50.84,-1,-1,488,508
957,1778510394397,619.3,646,22.88,50.78,-1,-1,488,508
958,1778510395181,620.1,644,22.96,50.84,-1,-1,488,508
959,1778510395824,620.7,643,22.94,50.78,-1,-1,488,508
960,1778510396504,621.4,679,22.92,50.73,-1,-1,489,508
961,1778510397141,622.0,637,22.89,50.68,-1,-1,489,508
962,1778510397781,622.7,639,22.87,50.62,-1,-1,489,508
963,1778510398428,623.3,647,22.85,50.57,-1,-1,489,508
964,1778510399066,624.0,638,22.82,50.52,-1,-1,489,508
965,1778510399733,624.6,667,22.80,50.47,-1,-1,489,508
966,1778510400387,625.3,653,22.77,50.41,-1,-1,490,508
967,1778510401017,625.9,630,22.75,50.36,-1,-1,490,508
968,1778510401659,626.6,640,22.73,50.41,-1,-1,490,508
969,1778510402281,627.2,622,22.70,50.46,-1,-1,490,508
970,1778510402928,627.8,647,22.68,50.52,-1,-1,490,508
971,1778510403569,628.5,641,22.66,50.46,-1,-1,490,508
972,1778510404211,629.1,641,22.63,50.41,-1,-1,491,508
973,1778510404849,629.7,638,22.61,50.36,-1,-1,491,508
974,1778510405493,630.4,644,22.59,50.41,-1,-1,491,508
975,1778510406131,631.0,637,22.56,50.46,-1,-1,491,508
976,1778510406763,631.7,631,22.54,50.51,-1,-1,491,508
977,1778510407401,632.3,638,22.52,50.56,-1,-1,491,508
978,1778510408044,632.9,643,22.49,50.51,-1,-1,492,508
979,1778510408690,633.6,646,22.47,50.46,-1,-1,492,508
980,1778510409316,634.2,626,22.45,50.41,-1,-1,492,508
981,1778510409947,634.8,631,22.43,50.46,-1,-1,492,508
982,1778510410598,635.5,650,22.40,50.41,-1,-1,492,508
983,1778510411239,636.1,640,22.38,50.36,-1,-1,492,508
984,1778510411876,636.8,637,22.36,50.30,-1,-1,493,508
985,1778510412506,637.4,630,22.34,50.25,-1,-1,493,508
986,1778510413148,638.0,642,22.31,50.20,-1,-1,493,508
987,1778510413788,638.7,640,22.29,50.25,-1,-1,493,508
988,1778510414650,639.5,639,22.37,50.30,-1,-1,493,508
989,1778510415291,640.2,641,22.35,50.35,-1,-1,493,508
990,1778510416089,641.0,632,22.42,50.40,-1,-1,494,508
991,1778510416738,641.6,648,22.40,50.35,-1,-1,494,508
992,1778510417372,642.3,632,22.38,50.30,-1,-1,494,508
993,1778510418014,642.9,642,22.36,50.25,-1,-1,494,508
994,1778510418662,643.6,648,22.33,50.30,-1,-1,494,508
995,1778510419296,644.2,634,22.31,50.35,-1,-1,494,508
996,1778510419944,644.8,648,22.29,50.30,-1,-1,495,508
997,1778510420581,645.5,636,22.27,50.25,-1,-1,495,508
998,1778510421217,646.1,636,22.24,50.20,-1,-1,495,508
999,1778510421853,646.7,636,22.22,50.15,-1,-1,495,508
1000,1778510422488,647.4,635,22.20,50.10,-1,-1,495,508
1001,1778510423151,648.0,663,22.18,50.05,3734,24,495,508
1002,1778510423805,648.7,651,22.16,50.00,-1,-1,495,508
1003,1778510424439,649.3,634,22.13,49.95,-1,-1,496,508
1004,1778510425069,650.0,629,22.11,49.90,-1,-1,496,508
1005,1778510425876,650.8,663,22.19,49.95,-1,-1,496,508
1006,1778510426513,651.4,637,22.17,49.90,-1,-1,496,508
1007,1778510427324,652.2,633,22.24,49.95,-1,-1,496,508
1008,1778510427964,652.9,639,22.22,49.90,-1,-1,496,508
1009,1778510428601,653.5,637,22.20,49.85,-1,-1,497,508
1010,1778510429235,654.1,633,22.18,49.80,-1,-1,497,508
1011,1778510429876,654.8,641,22.16,49.75,-1,-1,497,508
1012,1778510430520,655.4,642,22.13,49.70,-1,-1,497,508
1013,1778510431158,656.1,638,22.11,49.65,-1,-1,497,508
1014,1778510431796,656.7,638,22.09,49.61,-1,-1,497,508
1015,1778510432436,657.3,640,22.07,49.56,-1,-1,498,508
1016,1778510433080,658.0,644,22.05,49.51,-1,-1,498,508
1017,1778510433725,658.6,645,22.03,49.46,-1,-1,498,508
1018,1778510434364,659.3,639,22.00,49.41,-1,-1,498,508
1019,1778510434999,659.9,635,21.98,49.36,-1,-1,498,508
1020,1778510435628,660.5,629,21.96,49.41,-1,-1,498,508
1021,1778510436268,661.2,640,21.94,49.36,-1,-1,498,508
1022,1778510436924,661.8,654,21.92,49.32,-1,-1,499,508
1023,1778510437769,662.7,642,21.99,49.36,-1,-1,499,508
1024,1778510438595,663.5,649,22.07,49.41,-1,-1,499,508
1025,1778510439445,664.3,653,22.15,49.46,-1,-1,499,508
1026,1778510440275,665.2,639,22.22,49.51,-1,-1,499,508
1027,1778510441125,666.0,650,22.30,49.56,-1,-1,499,508
1028,1778510441775,666.7,650,22.28,49.61,-1,-1,501,508
1029,1778510442408,667.3,633,22.25,49.66,-1,-1,500,508
1030,1778510443194,668.1,648,22.33,49.71,-1,-1,500,508
1031,1778510444009,668.9,617,22.41,49.76,-1,-1,500,508
1032,1778510444647,669.5,636,22.38,49.81,-1,-1,501,508
1033,1778510445266,670.2,619,22.36,49.76,-1,-1,500,508
1034,1778510446090,671.0,635,22.44,49.81,-1,-1,501,508
1035,1778510446747,671.6,657,22.42,49.76,-1,-1,502,508
1036,1778510447595,672.5,628,22.49,49.81,-1,-1,501,508
1037,1778510448233,673.1,638,22.47,49.86,-1,-1,502,508
1038,1778510448855,673.7,622,22.45,49.90,-1,-1,502,508
1039,1778510449496,674.4,641,22.43,49.95,-1,-1,502,508
1040,1778510450129,675.0,633,22.40,50.00,-1,-1,503,508
1041,1778510450748,675.6,618,22.38,49.95,-1,-1,503,508
1042,1778510451380,676.3,630,22.36,49.90,-1,-1,503,508
1043,1778510452014,676.9,634,22.34,49.86,-1,-1,503,508
1044,1778510452641,677.5,627,22.32,49.81,-1,-1,503,508
1045,1778510453478,678.4,638,22.39,49.86,-1,-1,503,508
1046,1778510454109,679.0,630,22.37,49.90,-1,-1,504,508
1047,1778510454922,679.8,637,22.45,49.95,-1,-1,504,508
1048,1778510455564,680.5,642,22.42,50.00,-1,-1,504,508
1049,1778510456202,681.1,638,22.40,50.05,-1,-1,504,508
1050,1778510456836,681.7,634,22.38,50.10,-1,-1,504,508
1051,1778510457477,682.4,641,22.36,50.05,3734,24,504,508
1052,1778510458347,683.2,641,22.43,50.10,-1,-1,505,508
1053,1778510459192,684.1,640,22.51,50.14,-1,-1,505,508
1054,1778510459853,684.7,661,22.49,50.09,-1,-1,505,508
1055,1778510460673,685.6,645,22.56,50.14,-1,-1,505,508
1056,1778510461336,686.2,662,22.54,50.09,-1,-1,505,508
1057,1778510461970,686.9,634,22.52,50.05,-1,-1,505,508
1058,1778510462607,687.5,637,22.50,50.00,-1,-1,506,508
1059,1778510463251,688.1,644,22.47,49.95,-1,-1,506,508
1060,1778510463885,688.8,633,22.45,50.00,-1,-1,506,508
1061,1778510464531,689.4,645,22.43,49.95,-1,-1,506,508
1062,1778510465180,690.1,647,22.41,49.91,-1,-1,506,508
1063,1778510465815,690.7,635,22.39,49.95,-1,-1,506,508
1064,1778510466453,691.3,638,22.37,49.91,-1,-1,507,508
1065,1778510467085,692.0,632,22.35,49.86,-1,-1,507,508
1066,1778510467911,692.8,634,22.42,49.91,-1,-1,507,508
1067,1778510468550,693.4,639,22.40,49.86,-1,-1,507,508
1068,1778510469184,694.1,634,22.38,49.81,-1,-1,507,508
1069,1778510469823,694.7,638,22.36,49.77,-1,-1,507,508
1070,1778510470461,695.4,638,22.34,49.72,-1,-1,508,508
1071,1778510471324,696.2,625,22.41,49.77,-1,-1,508,508
1072,1778510472174,697.1,649,22.48,49.81,-1,-1,508,508
1073,1778510473024,697.9,635,22.55,49.86,-1,-1,508,508
1074,1778510473674,698.6,650,22.53,49.81,-1,-1,508,508
1075,1778510474315,699.2,641,22.51,49.77,-1,-1,508,508
1076,1778510475187,700.1,641,22.58,49.81,-1,-1,509,509
1077,1778510476013,700.9,638,22.66,49.86,-1,-1,509,509
1078,1778510476656,701.5,642,22.63,49.81,-1,-1,509,509
1079,1778510477472,702.4,640,22.71,49.86,-1,-1,509,509
1080,1778510478277,703.2,630,22.78,49.91,-1,-1,486,509
1081,1778510478912,703.8,634,22.76,49.86,-1,-1,485,509
1082,1778510479557,704.5,643,22.74,49.91,-1,-1,484,509
1083,1778510480194,705.1,636,22.71,49.95,-1,-1,484,509
1084,1778510481092,706.0,640,22.79,50.00,-1,-1,484,509
1085,1778510481911,706.8,629,22.86,50.05,-1,-1,485,509
1086,1778510482546,707.4,635,22.84,50.00,-1,-1,486,509
1087,1778510483178,708.1,632,22.82,50.05,-1,-1,486,509
1088,1778510483804,708.7,626,22.79,50.09,-1,-1,486,509
1089,1778510484444,709.3,640,22.77,50.05,-1,-1,486,509
1090,1778510485090,710.0,645,22.75,50.09,-1,-1,486,509
1091,1778510485731,710.6,641,22.73,50.05,-1,-1,486,509
1092,1778510486370,711.3,637,22.71,50.09,-1,-1,487,509
1093,1778510487004,711.9,634,22.69,50.14,-1,-1,487,509
1094,1778510487884,712.8,636,22.76,50.18,-1,-1,487,509
1095,1778510488524,713.4,639,22.74,50.14,-1,-1,487,509
1096,1778510489357,714.3,638,22.81,50.18,-1,-1,487,509
1097,1778510489988,714.9,630,22.79,50.23,-1,-1,487,509
1098,1778510490810,715.7,628,22.86,50.27,-1,-1,488,509
1099,1778510491454,716.3,644,22.84,50.32,-1,-1,488,509
1100,1778510492132,717.0,678,22.82,50.27,-1,-1,488,509
1101,1778510492752,717.6,620,22.80,50.32,3734,24,488,509
1102,1778510493382,718.3,628,22.78,50.27,-1,-1,488,509
1103,1778510494020,718.9,637,22.76,50.23,-1,-1,488,509
1104,1778510494659,719.6,639,22.74,50.18,-1,-1,489,509
1105,1778510495315,720.2,655,22.71,50.14,-1,-1,489,509
1106,1778510495944,720.8,629,22.69,50.09,-1,-1,489,509
1107,1778510496592,721.5,647,22.67,50.05,-1,-1,489,509
1108,1778510497233,722.1,641,22.65,50.00,-1,-1,489,509
1109,1778510497890,722.8,657,22.63,49.95,-1,-1,489,509
1110,1778510498527,723.4,637,22.61,49.91,-1,-1,490,509
1111,1778510499672,724.6,1145,22.59,49.86,-1,-1,490,509
1112,1778510500758,725.7,1082,22.57,49.82,-1,-1,490,509
1113,1778510501420,726.3,661,22.55,49.78,-1,-1,490,509
1114,1778510502075,727.0,655,22.53,49.73,-1,-1,490,509
1115,1778510502706,727.6,630,22.51,49.69,-1,-1,490,509
1116,1778510503375,728.3,669,22.49,49.73,-1,-1,490,509
1117,1778510504006,728.9,631,22.47,49.78,-1,-1,491,509
1118,1778510504654,729.5,647,22.45,49.73,-1,-1,491,509
1119,1778510505287,730.2,633,22.43,49.69,-1,-1,491,509
1120,1778510506231,731.1,633,22.50,49.73,-1,-1,491,509
1121,1778510506869,731.8,638,22.48,49.69,-1,-1,491,509
1122,1778510507501,732.4,630,22.46,49.64,-1,-1,491,509
1123,1778510508165,733.1,664,22.44,49.60,-1,-1,492,509
1124,1778510508805,733.7,639,22.42,49.56,-1,-1,492,509
1125,1778510509460,734.4,655,22.40,49.51,-1,-1,492,509
1126,1778510510090,735.0,630,22.38,49.56,-1,-1,492,509
1127,1778510510719,735.6,629,22.36,49.51,-1,-1,492,509
1128,1778510511591,736.5,635,22.43,49.56,-1,-1,492,509
1129,1778510512400,737.3,657,22.50,49.60,-1,-1,493,509
1130,1778510513024,737.9,623,22.48,49.56,-1,-1,493,509
1131,1778510513657,738.6,633,22.46,49.51,-1,-1,493,509
1132,1778510514312,739.2,653,22.44,49.47,-1,-1,493,509
1133,1778510514946,739.8,634,22.42,49.43,-1,-1,493,509
1134,1778510515579,740.5,633,22.40,49.38,-1,-1,493,509
1135,1778510516219,741.1,640,22.38,49.34,-1,-1,494,509
1136,1778510516850,741.7,631,22.36,49.30,-1,-1,494,509
1137,1778510517483,742.4,633,22.34,49.25,-1,-1,494,509
1138,1778510518127,743.0,644,22.32,49.30,-1,-1,494,509
1139,1778510518771,743.7,644,22.30,49.25,-1,-1,494,509
1140,1778510519402,744.3,630,22.28,49.21,-1,-1,494,509
1141,1778510520049,744.9,647,22.26,49.17,-1,-1,494,509
1142,1778510520692,745.6,640,22.24,49.12,-1,-1,495,509
1143,1778510521322,746.2,630,22.22,49.17,-1,-1,495,509
1144,1778510521970,746.9,647,22.20,49.13,-1,-1,495,509
1145,1778510522608,747.5,638,22.18,49.17,-1,-1,495,509
1146,1778510523445,748.3,642,22.25,49.21,-1,-1,495,509
1147,1778510524105,749.0,660,22.23,49.17,-1,-1,495,509
1148,1778510524926,749.8,635,22.30,49.22,-1,-1,496,509
1149,1778510525560,750.5,634,22.28,49.17,-1,-1,496,509
1150,1778510526197,751.1,637,22.26,49.22,-1,-1,496,509
1151,1778510526834,751.7,637,22.24,49.26,3732,26,496,509
1152,1778510527672,752.6,632,22.31,49.31,-1,-1,496,509
1153,1778510528310,753.2,638,22.29,49.35,-1,-1,496,509
1154,1778510528941,753.8,631,22.27,49.39,-1,-1,497,509
1155,1778510529572,754.5,631,22.25,49.44,-1,-1,497,509
1156,1778510530211,755.1,639,22.23,49.39,-1,-1,497,509
1157,1778510530846,755.7,635,22.21,49.35,-1,-1,497,509
1158,1778510531466,756.4,620,22.19,49.40,-1,-1,497,509
1159,1778510532101,757.0,635,22.17,49.35,-1,-1,497,509
1160,1778510532728,757.6,625,22.16,49.40,-1,-1,498,509
1161,1778510533579,758.5,642,22.22,49.44,-1,-1,498,509
1162,1778510534221,759.1,640,22.20,49.40,-1,-1,498,509
1163,1778510534868,759.8,647,22.18,49.44,-1,-1,498,509
1164,1778510535689,760.6,635,22.25,49.48,-1,-1,498,509
1165,1778510536469,761.4,637,22.32,49.53,-1,-1,498,509
1166,1778510537108,762.0,639,22.30,49.57,-1,-1,499,509
1167,1778510537744,762.6,636,22.28,49.53,-1,-1,499,509
1168,1778510538382,763.3,638,22.26,49.49,-1,-1,499,509
1169,1778510539022,763.9,639,22.24,49.44,-1,-1,499,509
1170,1778510539653,764.5,631,22.22,49.40,-1,-1,499,509
1171,1778510540300,765.2,647,22.20,49.44,-1,-1,499,509
1172,1778510540940,765.8,639,22.18,49.40,-1,-1,500,509
1173,1778510541576,766.5,636,22.17,49.36,-1,-1,500,509
1174,1778510542226,767.1,650,22.15,49.32,-1,-1,500,509
1175,1778510542853,767.7,627,22.13,49.36,-1,-1,500,509
1176,1778510543495,768.4,641,22.11,49.32,-1,-1,500,509
1177,1778510544128,769.0,633,22.09,49.28,-1,-1,500,509
1178,1778510544945,769.8,644,22.16,49.32,-1,-1,500,509
1179,1778510545588,770.5,642,22.14,49.28,-1,-1,502,509
1180,1778510546217,771.1,629,22.12,49.24,-1,-1,501,509
1181,1778510546854,771.7,637,22.10,49.20,-1,-1,501,509
1182,1778510547699,772.6,648,22.17,49.24,-1,-1,501,509
1183,1778510548516,773.4,650,22.23,49.28,-1,-1,501,509
1184,1778510549144,774.0,628,22.21,49.24,-1,-1,502,509
1185,1778510549979,774.9,620,22.28,49.28,-1,-1,502,509
1186,1778510550748,775.6,639,22.34,49.33,-1,-1,502,509
1187,1778510551579,776.5,645,22.41,49.37,-1,-1,503,509
1188,1778510552214,777.1,634,22.39,49.41,-1,-1,503,509
1189,1778510553038,777.9,634,22.46,49.45,-1,-1,503,509
1190,1778510553681,778.6,642,22.44,49.50,-1,-1,504,509
1191,1778510554310,779.2,629,22.42,49.54,-1,-1,504,509
1192,1778510554943,779.8,630,22.40,49.50,-1,-1,504,509
1193,1778510555790,780.7,645,22.46,49.54,-1,-1,504,509
1194,1778510556432,781.3,641,22.45,49.58,-1,-1,504,509
1195,1778510557060,782.0,628,22.43,49.54,-1,-1,504,509
1196,1778510557701,782.6,641,22.41,49.50,-1,-1,505,509
1197,1778510558353,783.2,652,22.39,49.46,-1,-1,505,509
1198,1778510558983,783.9,629,22.37,49.50,-1,-1,505,509
1199,1778510559618,784.5,635,22.35,49.54,-1,-1,505,509
1200,1778510560470,785.4,629,22.42,49.58,-1,-1,505,509
1201,1778510561105,786.0,634,22.40,49.63,3732,26,505,509
1202,1778510561746,786.6,639,22.38,49.67,-1,-1,506,509
1203,1778510562599,787.5,635,22.44,49.71,-1,-1,506,509
1204,1778510563406,788.3,638,22.51,49.75,-1,-1,506,509
1205,1778510564224,789.1,645,22.57,49.79,-1,-1,506,509
1206,1778510565022,789.9,636,22.64,49.83,-1,-1,506,509
1207,1778510565835,790.7,627,22.70,49.88,-1,-1,506,509
1208,1778510566474,791.4,638,22.68,49.83,-1,-1,507,509
1209,1778510567116,792.0,642,22.66,49.88,-1,-1,507,509
1210,1778510567739,792.6,623,22.64,49.92,-1,-1,507,509
1211,1778510568370,793.3,631,22.63,49.88,-1,-1,507,509
1212,1778510569223,794.1,641,22.69,49.92,-1,-1,507,509
1213,1778510569872,794.8,649,22.67,49.88,-1,-1,507,509
1214,1778510570497,795.4,625,22.65,49.92,-1,-1,508,509
1215,1778510571331,796.2,636,22.72,49.96,-1,-1,508,509
1216,1778510571984,796.9,652,22.70,49.92,-1,-1,508,509
1217,1778510572621,797.5,637,22.68,49.96,-1,-1,508,509
1218,1778510573454,798.3,629,22.74,50.00,-1,-1,508,509
1219,1778510574096,799.0,641,22.72,49.96,-1,-1,508,509
1220,1778510574721,799.6,625,22.70,50.00,-1,-1,509,509
1221,1778510575543,800.4,625,22.77,50.04,-1,-1,509,509
1222,1778510576335,801.2,648,22.83,50.08,-1,-1,509,509
1223,1778510576983,801.9,648,22.81,50.04,-1,-1,509,509
1224,1778510577613,802.5,630,22.79,50.00,-1,-1,484,509
1225,1778510578240,803.1,626,22.78,49.96,-1,-1,484,509
1226,1778510578869,803.8,629,22.76,49.92,-1,-1,484,509
1227,1778510579501,804.4,632,22.74,49.88,-1,-1,485,509
1228,1778510580138,805.0,636,22.72,49.84,-1,-1,485,509
1229,1778510580777,805.7,639,22.70,49.88,-1,-1,486,509
1230,1778510581596,806.5,628,22.76,49.92,-1,-1,485,509
1231,1778510582243,807.1,647,22.75,49.96,-1,-1,486,509
1232,1778510582873,807.8,629,22.73,49.92,-1,-1,486,509
1233,1778510583511,808.4,638,22.71,49.88,-1,-1,487,509
1234,1778510584323,809.2,627,22.77,49.92,-1,-1,487,509
1235,1778510584964,809.9,640,22.75,49.88,-1,-1,487,509
1236,1778510585602,810.5,638,22.73,49.84,-1,-1,487,509
1237,1778510586425,811.3,637,22.80,49.88,-1,-1,487,509
1238,1778510587056,812.0,631,22.78,49.84,-1,-1,487,509
1239,1778510587692,812.6,636,22.76,49.80,-1,-1,487,509
1240,1778510588314,813.2,622,22.74,49.76,-1,-1,488,509
1241,1778510588942,813.8,628,22.72,49.72,-1,-1,488,509
1242,1778510589568,814.5,625,22.71,49.68,-1,-1,488,509
1243,1778510590202,815.1,634,22.69,49.64,-1,-1,488,509
1244,1778510590834,815.7,632,22.67,49.60,-1,-1,488,509
1245,1778510591468,816.4,634,22.65,49.64,-1,-1,488,509
1246,1778510592308,817.2,636,22.71,49.68,-1,-1,489,509
1247,1778510592935,817.8,626,22.69,49.72,-1,-1,489,509
1248,1778510593581,818.5,646,22.68,49.68,-1,-1,489,509
1249,1778510594220,819.1,639,22.66,49.64,-1,-1,489,509
1250,1778510595042,819.9,622,22.72,49.68,-1,-1,489,509
1251,1778510595679,820.6,636,22.70,49.64,3732,26,489,509
1252,1778510596470,821.4,631,22.76,49.68,-1,-1,490,509
1253,1778510597257,822.2,628,22.83,49.72,-1,-1,490,509
1254,1778510597880,822.8,623,22.81,49.76,-1,-1,490,509
1255,1778510598512,823.4,632,22.79,49.72,-1,-1,490,509
1256,1778510599136,824.0,624,22.77,49.68,-1,-1,490,509
1257,1778510599980,824.9,626,22.83,49.72,-1,-1,490,509
1258,1778510600624,825.5,643,22.81,49.76,-1,-1,491,509
1259,1778510601435,826.3,626,22.88,49.80,-1,-1,491,509
1260,1778510602284,827.2,634,22.94,49.84,-1,-1,491,509
1261,1778510603094,828.0,632,23.00,49.88,-1,-1,491,509
1262,1778510603736,828.6,639,22.98,49.84,-1,-1,491,509
1263,1778510604368,829.3,631,22.96,49.88,-1,-1,492,509
1264,1778510605005,829.9,637,22.94,49.84,-1,-1,492,509
1265,1778510605865,830.8,650,23.00,49.88,-1,-1,492,509
1266,1778510606504,831.4,638,22.99,49.92,-1,-1,492,509
1267,1778510607302,832.2,632,23.05,49.96,-1,-1,492,509
1268,1778510608086,833.0,634,23.11,50.00,-1,-1,492,509
1269,1778510608724,833.6,638,23.09,49.96,-1,-1,493,509
1270,1778510609356,834.3,632,23.07,49.92,-1,-1,493,509
1271,1778510609989,834.9,632,23.05,49.88,-1,-1,493,509
1272,1778510610628,835.5,637,23.03,49.84,-1,-1,493,509
1273,1778510611268,836.2,640,23.02,49.80,-1,-1,493,509
1274,1778510611924,836.8,656,23.00,49.76,-1,-1,493,509
1275,1778510612554,837.4,630,22.98,49.80,-1,-1,494,509
1276,1778510613186,838.1,632,22.96,49.76,-1,-1,494,509
1277,1778510613825,838.7,638,22.94,49.73,-1,-1,494,509
1278,1778510614473,839.4,647,22.93,49.69,-1,-1,494,509
1279,1778510615116,840.0,643,22.91,49.65,-1,-1,494,509
1280,1778510615750,840.6,633,22.89,49.69,-1,-1,494,509
1281,1778510616376,841.3,625,22.87,49.65,-1,-1,494,509
1282,1778510617215,842.1,639,22.93,49.69,-1,-1,495,509
1283,1778510617881,842.8,665,22.92,49.65,-1,-1,495,509
1284,1778510618697,843.6,651,22.98,49.69,-1,-1,495,509
1285,1778510619346,844.2,648,22.96,49.73,-1,-1,495,509
1286,1778510620178,845.1,639,23.02,49.77,-1,-1,495,509
1287,1778510620825,845.7,647,23.00,49.81,-1,-1,496,509
1288,1778510621475,846.4,649,22.98,49.84,-1,-1,496,509
1289,1778510622114,847.0,639,22.96,49.81,-1,-1,496,509
1290,1778510622953,847.8,645,23.02,49.84,-1,-1,496,509
1291,1778510623779,848.7,645,23.08,49.88,-1,-1,496,509
1292,1778510624419,849.3,637,23.07,49.85,-1,-1,497,509
1293,1778510625046,849.9,627,23.05,49.81,-1,-1,497,509
1294,1778510625684,850.6,638,23.03,49.77,-1,-1,497,509
1295,1778510626546,851.4,639,23.09,49.81,-1,-1,497,509
1296,1778510627199,852.1,653,23.07,49.85,-1,-1,497,509
1297,1778510627985,852.9,624,23.13,49.88,-1,-1,498,509
1298,1778510628622,853.5,636,23.11,49.85,-1,-1,498,509
1299,1778510629259,854.2,637,23.09,49.81,-1,-1,498,509
1300,1778510629900,854.8,641,23.08,49.77,-1,-1,498,509
1301,1778510630524,855.4,624,23.06,49.81,3730,28,498,509
1302,1778510631159,856.1,632,23.04,49.77,-1,-1,498,509
1303,1778510631972,856.9,627,23.10,49.81,-1,-1,498,509
1304,1778510632604,857.5,630,23.08,49.77,-1,-1,499,509
1305,1778510633236,858.1,632,23.07,49.73,-1,-1,499,509
1306,1778510633858,858.8,622,23.05,49.69,-1,-1,499,509
1307,1778510634494,859.4,636,23.03,49.73,-1,-1,499,509
1308,1778510635122,860.0,628,23.01,49.77,-1,-1,499,509
1309,1778510635769,860.7,647,22.99,49.73,-1,-1,500,509
1310,1778510636630,861.5,640,23.05,49.77,-1,-1,500,509
1311,1778510637465,862.4,635,23.11,49.81,-1,-1,500,509
1312,1778510638111,863.0,644,23.09,49.85,-1,-1,501,509
1313,1778510638740,863.6,628,23.08,49.89,-1,-1,500,509
1314,1778510639402,864.3,662,23.06,49.85,-1,-1,500,509
1315,1778510640041,864.9,639,23.04,49.81,-1,-1,501,509
1316,1778510640680,865.6,639,23.02,49.85,-1,-1,501,509
1317,1778510641320,866.2,640,23.01,49.89,-1,-1,501,509
1318,1778510641958,866.9,638,22.99,49.92,-1,-1,501,509
1319,1778510642609,867.5,651,22.97,49.96,-1,-1,501,509
1320,1778510643499,868.4,641,23.03,50.00,-1,-1,501,509
1321,1778510644140,869.0,640,23.01,49.96,-1,-1,503,509
1322,1778510644773,869.7,631,23.00,49.92,-1,-1,502,509
1323,1778510645407,870.3,634,22.98,49.89,-1,-1,503,509
1324,1778510646055,870.9,648,22.96,49.85,-1,-1,503,509
1325,1778510646684,871.6,629,22.94,49.89,-1,-1,503,509
1326,1778510647320,872.2,636,22.93,49.85,-1,-1,503,509
1327,1778510647979,872.9,659,22.91,49.89,-1,-1,504,509
1328,1778510648636,873.5,657,22.89,49.92,-1,-1,504,509
1329,1778510649275,874.2,639,22.87,49.96,-1,-1,504,509
1330,1778510649910,874.8,635,22.86,49.92,-1,-1,504,509
1331,1778510650541,875.4,631,22.84,49.89,-1,-1,504,509
1332,1778510651187,876.1,643,22.82,49.85,-1,-1,504,509
1333,1778510651823,876.7,636,22.81,49.89,-1,-1,505,509
1334,1778510652472,877.4,649,22.79,49.85,-1,-1,505,509
1335,1778510653108,878.0,636,22.77,49.89,-1,-1,505,509
1336,1778510653956,878.8,645,22.83,49.93,-1,-1,505,509
1337,1778510654732,879.6,639,22.89,49.96,-1,-1,505,509
1338,1778510655375,880.3,642,22.87,50.00,-1,-1,505,509
1339,1778510656023,880.9,647,22.85,50.04,-1,-1,506,509
1340,1778510656691,881.6,668,22.84,50.07,-1,-1,506,509
1341,1778510657337,882.2,646,22.82,50.11,-1,-1,506,509
1342,1778510657991,882.9,652,22.80,50.15,-1,-1,506,509
1343,1778510658628,883.5,637,22.78,50.19,-1,-1,506,509
1344,1778510659254,884.1,625,22.77,50.22,-1,-1,506,509
1345,1778510659885,884.8,630,22.75,50.26,-1,-1,507,509
1346,1778510660724,885.6,630,22.81,50.30,-1,-1,507,509
1347,1778510661372,886.3,648,22.79,50.26,-1,-1,507,509
1348,1778510662018,886.9,646,22.77,50.30,-1,-1,507,509
1349,1778510662649,887.5,630,22.76,50.26,-1,-1,507,509
1350,1778510663282,888.2,633,22.74,50.22,-1,-1,507,509
1351,1778510663919,888.8,637,22.72,50.26,3730,28,508,509
1352,1778510664549,889.4,627,22.71,50.30,-1,-1,508,509
1353,1778510665401,890.3,639,22.76,50.33,-1,-1,508,509
1354,1778510666052,890.9,650,22.75,50.30,-1,-1,508,509
1355,1778510666684,891.6,632,22.73,50.33,-1,-1,508,509
1356,1778510667499,892.4,630,22.79,50.37,-1,-1,508,509
1357,1778510668129,893.0,630,22.77,50.41,-1,-1,509,509
1358,1778510668760,893.7,630,22.75,50.44,-1,-1,509,509
1359,1778510669399,894.3,639,22.74,50.48,-1,-1,509,509
1360,1778510670044,894.9,645,22.72,50.51,-1,-1,509,509
1361,1778510670667,895.6,623,22.70,50.48,-1,-1,509,509
1362,1778510671297,896.2,628,22.69,50.44,-1,-1,509,509
1363,1778510671925,896.8,628,22.67,50.40,-1,-1,510,510
1364,1778510672559,897.5,633,22.65,50.44,-1,-1,510,510
1365,1778510673199,898.1,640,22.64,50.40,-1,-1,510,510
1366,1778510673828,898.7,629,22.62,50.37,-1,-1,484,510
1367,1778510674466,899.4,638,22.60,50.33,-1,-1,484,510
1368,1778510675110,900.0,643,22.59,50.29,-1,-1,485,510
1369,1778510675738,900.6,628,22.57,50.26,-1,-1,485,510
1370,1778510676375,901.3,636,22.55,50.29,-1,-1,485,510
1371,1778510677026,901.9,651,22.54,50.33,-1,-1,485,510
1372,1778510677880,902.8,641,22.59,50.36,-1,-1,485,510
1373,1778510678600,903.5,719,22.58,50.40,-1,-1,486,510
1374,1778510679260,904.2,660,22.56,50.44,-1,-1,486,510
1375,1778510680089,905.0,635,22.62,50.47,-1,-1,486,510
1376,1778510680720,905.6,630,22.60,50.44,-1,-1,487,510
1377,1778510681351,906.2,631,22.59,50.40,-1,-1,487,510
1378,1778510681982,906.9,630,22.57,50.36,-1,-1,487,510
1379,1778510682609,907.5,627,22.55,50.40,-1,-1,487,510
1380,1778510683235,908.1,626,22.54,50.43,-1,-1,488,510
1381,1778510684031,908.9,629,22.59,50.47,-1,-1,488,510
1382,1778510684672,909.6,637,22.58,50.51,-1,-1,488,510
1383,1778510685292,910.2,620,22.56,50.47,-1,-1,488,510
1384,1778510686116,911.0,644,22.62,50.51,-1,-1,488,510
1385,1778510686754,911.6,637,22.60,50.54,-1,-1,489,510
1386,1778510687387,912.3,633,22.58,50.58,-1,-1,489,510
1387,1778510688208,913.1,641,22.64,50.61,-1,-1,489,510
1388,1778510689026,913.9,631,22.69,50.65,-1,-1,489,510
1389,1778510689672,914.6,646,22.68,50.68,-1,-1,489,510
1390,1778510690302,915.2,630,22.66,50.65,-1,-1,489,510
1391,1778510690939,915.8,636,22.65,50.61,-1,-1,489,510
1392,1778510691570,916.5,630,22.63,50.57,-1,-1,490,510
1393,1778510692204,917.1,634,22.61,50.54,-1,-1,490,510
1394,1778510692841,917.7,637,22.60,50.57,-1,-1,490,510
1395,1778510693485,918.4,643,22.58,50.54,-1,-1,490,510
1396,1778510694135,919.0,650,22.56,50.50,-1,-1,490,510
1397,1778510694787,919.7,652,22.55,50.54,-1,-1,490,510
1398,1778510695619,920.5,634,22.60,50.57,-1,-1,491,510
1399,1778510696444,921.3,646,22.66,50.61,-1,-1,491,510
1400,1778510697234,922.1,629,22.71,50.64,-1,-1,491,510
1401,1778510698047,922.9,640,22.77,50.68,3730,28,491,510
1402,1778510698694,923.6,642,22.75,50.64,-1,-1,491,510
1403,1778510699336,924.2,642,22.74,50.61,-1,-1,492,510
1404,1778510700152,925.0,639,22.79,50.64,-1,-1,492,510
1405,1778510700799,925.7,645,22.78,50.60,-1,-1,492,510
1406,1778510701427,926.3,628,22.76,50.64,-1,-1,492,510
1407,1778510702063,927.0,636,22.74,50.60,-1,-1,492,510
1408,1778510702911,927.8,641,22.80,50.64,-1,-1,492,510
1409,1778510703699,928.6,636,22.85,50.67,-1,-1,493,510
1410,1778510704340,929.2,640,22.84,50.64,-1,-1,493,510
1411,1778510704963,929.9,622,22.82,50.60,-1,-1,493,510
1412,1778510705601,930.5,637,22.80,50.57,-1,-1,493,510
1413,1778510706440,931.3,632,22.86,50.60,-1,-1,493,510
1414,1778510707259,932.2,654,22.91,50.64,-1,-1,493,510
1415,1778510707894,932.8,635,22.90,50.67,-1,-1,493,510
1416,1778510708529,933.4,635,22.88,50.64,-1,-1,494,510
1417,1778510709157,934.1,628,22.87,50.67,-1,-1,494,510
1418,1778510709787,934.7,630,22.85,50.63,-1,-1,494,510
1419,1778510710430,935.3,642,22.83,50.60,-1,-1,494,510
1420,1778510711058,936.0,628,22.82,50.63,-1,-1,494,510
1421,1778510711714,936.6,656,22.80,50.67,-1,-1,494,510
1422,1778510712346,937.2,630,22.78,50.63,-1,-1,495,510
1423,1778510712975,937.9,629,22.77,50.67,-1,-1,495,510
1424,1778510713609,938.5,634,22.75,50.63,-1,-1,495,510
1425,1778510714259,939.2,650,22.74,50.60,-1,-1,495,510
1426,1778510714899,939.8,640,22.72,50.56,-1,-1,495,510
1427,1778510715532,940.4,633,22.70,50.53,-1,-1,495,510
1428,1778510716400,941.3,656,22.76,50.56,-1,-1,496,510
1429,1778510717042,941.9,642,22.74,50.59,-1,-1,496,510
1430,1778510717695,942.6,653,22.73,50.63,-1,-1,496,510
1431,1778510718546,943.4,645,22.78,50.66,-1,-1,496,510
1432,1778510719377,944.3,636,22.84,50.70,-1,-1,496,510
1433,1778510720014,944.9,636,22.82,50.73,-1,-1,496,510
1434,1778510720652,945.5,637,22.80,50.70,-1,-1,497,510
1435,1778510721278,946.2,626,22.79,50.66,-1,-1,497,510
1436,1778510721921,946.8,643,22.77,50.70,-1,-1,497,510
1437,1778510722556,947.5,635,22.76,50.66,-1,-1,497,510
1438,1778510723193,948.1,637,22.74,50.63,-1,-1,497,510
1439,1778510723831,948.7,637,22.72,50.59,-1,-1,497,510
1440,1778510724463,949.4,632,22.71,50.63,-1,-1,498,510
1441,1778510725099,950.0,636,22.69,50.66,-1,-1,498,510
1442,1778510725747,950.6,647,22.68,50.69,-1,-1,498,510
1443,1778510726380,951.3,633,22.66,50.73,-1,-1,498,510
1444,1778510727016,951.9,635,22.65,50.69,-1,-1,498,510
1445,1778510727887,952.8,644,22.70,50.73,-1,-1,498,510
1446,1778510728529,953.4,642,22.68,50.69,-1,-1,499,510
1447,1778510729379,954.3,635,22.74,50.73,-1,-1,499,510
1448,1778510730037,954.9,657,22.72,50.76,-1,-1,499,510
1449,1778510730665,955.6,627,22.71,50.79,-1,-1,499,510
1450,1778510731481,956.4,627,22.76,50.83,-1,-1,499,510
1451,1778510732284,957.2,638,22.81,50.86,3730,28,499,510
1452,1778510732940,957.8,654,22.80,50.90,-1,-1,500,510
1453,1778510733576,958.5,635,22.78,50.93,-1,-1,500,510
1454,1778510734215,959.1,639,22.76,50.96,-1,-1,500,510
1455,1778510735056,960.0,634,22.82,51.00,-1,-1,500,510
1456,1778510735907,960.8,672,22.87,51.03,-1,-1,500,510
1457,1778510736554,961.4,646,22.86,51.00,-1,-1,501,510
1458,1778510737407,962.3,632,22.91,51.03,-1,-1,501,510
1459,1778510738201,963.1,644,22.96,51.06,-1,-1,501,510
1460,1778510738881,963.8,680,22.95,51.03,-1,-1,502,510
1461,1778510739520,964.4,639,22.93,51.06,-1,-1,501,510
1462,1778510740349,965.2,635,22.98,51.09,-1,-1,501,510
1463,1778510740981,965.9,631,22.97,51.13,-1,-1,502,510
1464,1778510741631,966.5,648,22.95,51.09,-1,-1,502,510
1465,1778510742446,967.3,628,23.00,51.13,-1,-1,502,510
1466,1778510743083,968.0,636,22.99,51.16,-1,-1,503,510
1467,1778510743858,968.8,631,23.04,51.19,-1,-1,502,510
1468,1778510744660,969.6,652,23.09,51.23,-1,-1,502,510
1469,1778510745301,970.2,641,23.08,51.19,-1,-1,503,510
1470,1778510746205,971.1,629,23.13,51.22,-1,-1,503,510
1471,1778510746837,971.7,631,23.11,51.19,-1,-1,504,510
1472,1778510747661,972.6,632,23.17,51.22,-1,-1,504,510
1473,1778510748307,973.2,646,23.15,51.26,-1,-1,504,510
1474,1778510749099,974.0,633,23.20,51.29,-1,-1,504,510
1475,1778510749919,974.8,645,23.25,51.32,-1,-1,505,510
1476,1778510750717,975.6,632,23.31,51.36,-1,-1,505,510
1477,1778510751364,976.3,647,23.29,51.32,-1,-1,505,510
1478,1778510752187,977.1,629,23.34,51.35,-1,-1,505,510
1479,1778510753009,977.9,639,23.39,51.39,-1,-1,505,510
1480,1778510753806,978.7,661,23.45,51.42,-1,-1,505,510
1481,1778510754629,979.5,646,23.50,51.45,-1,-1,506,510
1482,1778510755467,980.4,648,23.55,51.48,-1,-1,506,510
1483,1778510756113,981.0,646,23.53,51.52,-1,-1,506,510
1484,1778510756946,981.8,673,23.58,51.55,-1,-1,506,510
1485,1778510757581,982.5,635,23.57,51.58,-1,-1,506,510
1486,1778510758206,983.1,625,23.55,51.62,-1,-1,506,510
1487,1778510759047,983.9,629,23.60,51.65,-1,-1,507,510
1488,1778510759699,984.6,651,23.59,51.61,-1,-1,507,510
1489,1778510760368,985.3,669,23.57,51.58,-1,-1,507,510
1490,1778510761003,985.9,634,23.56,51.54,-1,-1,507,510
1491,1778510761838,986.7,642,23.61,51.58,-1,-1,507,510
1492,1778510762481,987.4,641,23.59,51.54,-1,-1,507,510
1493,1778510763118,988.0,636,23.58,51.51,-1,-1,508,510
1494,1778510763737,988.6,619,23.56,51.47,-1,-1,508,510
1495,1778510764367,989.3,630,23.55,51.44,-1,-1,508,510
1496,1778510765002,989.9,635,23.53,51.40,-1,-1,508,510
1497,1778510765849,990.7,639,23.58,51.44,-1,-1,508,510
1498,1778510766491,991.4,641,23.56,51.47,-1,-1,508,510
1499,1778510767117,992.0,626,23.55,51.50,-1,-1,509,510
1500,1778510767745,992.6,627,23.53,51.53,-1,-1,509,510
1501,1778510768541,993.4,629,23.58,51.57,3728,30,509,510
1502,1778510769186,994.1,642,23.57,51.53,-1,-1,509,510
1503,1778510769821,994.7,635,23.55,51.50,-1,-1,509,510
1504,1778510770452,995.3,630,23.54,51.46,-1,-1,509,510
1505,1778510771087,996.0,635,23.52,51.43,-1,-1,509,510
1506,1778510771714,996.6,626,23.51,51.39,-1,-1,510,510
1507,1778510772347,997.2,633,23.49,51.43,-1,-1,510,510
1508,1778510772982,997.9,635,23.47,51.39,-1,-1,484,510
1509,1778510773623,998.5,640,23.46,51.36,-1,-1,484,510
1510,1778510774245,999.1,622,23.44,51.39,-1,-1,484,510
1511,1778510774880,999.8,634,23.43,51.36,-1,-1,485,510
1512,1778510775508,1000.4,626,23.41,51.32,-1,-1,485,510
1513,1778510776145,1001.0,637,23.40,51.29,-1,-1,485,510
1514,1778510776790,1001.7,644,23.38,51.25,-1,-1,485,510
1515,1778510777419,1002.3,629,23.37,51.22,-1,-1,486,510
1516,1778510778050,1002.9,631,23.35,51.19,-1,-1,486,510
1517,1778510778884,1003.8,654,23.40,51.22,-1,-1,486,510
1518,1778510779520,1004.4,635,23.39,51.25,-1,-1,487,510
1519,1778510780344,1005.2,644,23.44,51.28,-1,-1,487,510
1520,1778510781200,1006.1,646,23.49,51.32,-1,-1,487,510
1521,1778510781838,1006.7,637,23.47,51.28,-1,-1,487,510
1522,1778510782475,1007.4,636,23.46,51.25,-1,-1,487,510
1523,1778510783266,1008.2,634,23.51,51.28,-1,-1,488,510
1524,1778510783897,1008.8,631,23.49,51.31,-1,-1,488,510
1525,1778510784527,1009.4,630,23.48,51.28,-1,-1,488,510
1526,1778510785154,1010.0,627,23.46,51.31,-1,-1,488,510
1527,1778510785978,1010.9,645,23.51,51.34,-1,-1,488,510
1528,1778510786791,1011.7,652,23.56,51.37,-1,-1,488,510
1529,1778510787427,1012.3,636,23.54,51.34,-1,-1,489,510
1530,1778510788073,1013.0,646,23.53,51.31,-1,-1,489,510
1531,1778510788918,1013.8,642,23.58,51.34,-1,-1,489,510
1532,1778510789569,1014.5,650,23.56,51.31,-1,-1,489,510
1533,1778510790205,1015.1,636,23.55,51.27,-1,-1,489,510
1534,1778510790845,1015.7,640,23.53,51.24,-1,-1,489,510
1535,1778510791708,1016.6,642,23.58,51.27,-1,-1,490,510
1536,1778510792348,1017.2,639,23.57,51.24,-1,-1,490,510
1537,1778510792984,1017.9,636,23.55,51.20,-1,-1,490,510
1538,1778510793632,1018.5,647,23.54,51.24,-1,-1,490,510
1539,1778510794268,1019.2,636,23.52,51.27,-1,-1,490,510
1540,1778510794903,1019.8,635,23.51,51.30,-1,-1,490,510
1541,1778510795547,1020.4,644,23.49,51.27,-1,-1,491,510
1542,1778510796407,1021.3,650,23.54,51.30,-1,-1,491,510
1543,1778510797040,1021.9,633,23.53,51.26,-1,-1,491,510
1544,1778510797669,1022.6,629,23.51,51.23,-1,-1,491,510
1545,1778510798323,1023.2,654,23.50,51.20,-1,-1,491,510
1546,1778510799147,1024.0,651,23.54,51.23,-1,-1,491,510
1547,1778510799772,1024.7,625,23.53,51.20,-1,-1,491,510
1548,1778510800408,1025.3,636,23.51,51.23,-1,-1,492,510
1549,1778510801208,1026.1,631,23.56,51.26,-1,-1,492,510
1550,1778510801863,1026.8,654,23.55,51.23,-1,-1,492,510
1551,1778510802693,1027.6,640,23.60,51.26,3728,30,492,510
1552,1778510803539,1028.4,656,23.65,51.29,-1,-1,492,510
1553,1778510804361,1029.3,659,23.70,51.32,-1,-1,493,510
1554,1778510805193,1030.1,641,23.75,51.35,-1,-1,493,510
1555,1778510805838,1030.7,645,23.73,51.38,-1,-1,493,510
1556,1778510806468,1031.4,630,23.71,51.35,-1,-1,493,510
1557,1778510807468,1032.4,643,23.76,51.38,-1,-1,493,510
1558,1778510808306,1033.2,636,23.81,51.41,-1,-1,493,510
1559,1778510808942,1033.8,636,23.80,51.38,-1,-1,494,510
1560,1778510809585,1034.5,643,23.78,51.35,-1,-1,494,510
1561,1778510810239,1035.1,654,23.77,51.31,-1,-1,494,510
1562,1778510810887,1035.8,647,23.75,51.28,-1,-1,494,510
1563,1778510811526,1036.4,639,23.74,51.25,-1,-1,494,510
1564,1778510812175,1037.1,648,23.72,51.21,-1,-1,494,510
1565,1778510812825,1037.7,650,23.71,51.25,-1,-1,495,510
1566,1778510813452,1038.3,627,23.69,51.28,-1,-1,495,510
1567,1778510814091,1039.0,639,23.68,51.24,-1,-1,495,510
1568,1778510814728,1039.6,637,23.66,51.21,-1,-1,495,510
1569,1778510815377,1040.3,648,23.65,51.24,-1,-1,495,510
1570,1778510816234,1041.1,634,23.69,51.27,-1,-1,496,510
1571,1778510816887,1041.8,653,23.68,51.24,-1,-1,496,510
1572,1778510817510,1042.4,622,23.66,51.27,-1,-1,496,510
1573,1778510818365,1043.3,643,23.71,51.30,-1,-1,496,510
1574,1778510819213,1044.1,646,23.76,51.33,-1,-1,496,510
1575,1778510820032,1044.9,631,23.81,51.37,-1,-1,496,510
1576,1778510820672,1045.6,639,23.79,51.33,-1,-1,497,510
1577,1778510821306,1046.2,634,23.78,51.30,-1,-1,497,510
1578,1778510822114,1047.0,635,23.83,51.33,-1,-1,497,510
1579,1778510822770,1047.7,655,23.81,51.30,-1,-1,497,510
1580,1778510823395,1048.3,624,23.80,51.33,-1,-1,497,510
1581,1778510824019,1048.9,624,23.78,51.36,-1,-1,497,510
1582,1778510824655,1049.5,635,23.77,51.33,-1,-1,498,510
1583,1778510825483,1050.4,636,23.82,51.36,-1,-1,498,510
1584,1778510826131,1051.0,648,23.80,51.33,-1,-1,498,510
1585,1778510826770,1051.7,638,23.79,51.36,-1,-1,498,510
1586,1778510827567,1052.5,633,23.83,51.39,-1,-1,498,510
1587,1778510828205,1053.1,637,23.82,51.35,-1,-1,498,510
1588,1778510829122,1054.0,650,23.87,51.39,-1,-1,499,510
1589,1778510829765,1054.7,641,23.85,51.42,-1,-1,499,510
1590,1778510830590,1055.5,629,23.90,51.45,-1,-1,499,510
1591,1778510831231,1056.1,641,23.88,51.41,-1,-1,500,510
1592,1778510831854,1056.7,621,23.87,51.44,-1,-1,499,510
1593,1778510832489,1057.4,635,23.85,51.48,-1,-1,499,510
1594,1778510833140,1058.0,651,23.84,51.44,-1,-1,500,510
1595,1778510834011,1058.9,642,23.89,51.47,-1,-1,500,510
1596,1778510834868,1059.8,643,23.93,51.50,-1,-1,500,510
1597,1778510835743,1060.6,636,23.98,51.53,-1,-1,500,510
1598,1778510836383,1061.3,640,23.97,51.50,-1,-1,501,510
1599,1778510837204,1062.1,637,24.02,51.53,-1,-1,501,510
1600,1778510837852,1062.7,647,24.00,51.50,-1,-1,502,510
1601,1778510838700,1063.6,637,24.05,51.53,3728,30,501,510
1602,1778510839522,1064.4,637,24.09,51.56,-1,-1,501,510
1603,1778510840339,1065.2,641,24.14,51.59,-1,-1,501,510
1604,1778510840990,1065.9,651,24.13,51.62,-1,-1,502,510
1605,1778510841631,1066.5,641,24.11,51.65,-1,-1,503,510
1606,1778510842274,1067.2,643,24.10,51.62,-1,-1,503,510
1607,1778510842918,1067.8,644,24.08,51.65,-1,-1,503,510
1608,1778510843769,1068.7,643,24.13,51.68,-1,-1,503,510
1609,1778510844595,1069.5,651,24.18,51.71,-1,-1,503,510
1610,1778510845450,1070.3,640,24.22,51.74,-1,-1,503,510
1611,1778510846079,1071.0,629,24.21,51.71,-1,-1,503,510
1612,1778510846708,1071.6,627,24.19,51.67,-1,-1,504,510
1613,1778510847346,1072.2,638,24.18,51.64,-1,-1,504,510
1614,1778510847351,1072.2,5,24.16,51.61,-1,-1,504,510
1615,1778510847995,1072.9,644,24.15,51.64,-1,-1,504,510
1616,1778510848646,1073.5,651,24.13,51.61,-1,-1,504,510
1617,1778510849282,1074.2,636,24.12,51.64,-1,-1,504,510
1618,1778510850100,1075.0,627,24.17,51.67,-1,-1,505,510
1619,1778510850897,1075.8,645,24.21,51.70,-1,-1,505,510
1620,1778510851540,1076.4,643,24.20,51.67,-1,-1,505,510
1621,1778510852168,1077.1,627,24.18,51.63,-1,-1,505,510
1622,1778510852809,1077.7,639,24.17,51.60,-1,-1,505,510
1623,1778510853671,1078.6,646,24.21,51.63,-1,-1,505,510
1624,1778510854317,1079.2,644,24.20,51.60,-1,-1,506,510
1625,1778510854950,1079.8,633,24.18,51.57,-1,-1,506,510
1626,1778510855588,1080.5,637,24.17,51.60,-1,-1,506,510
1627,1778510856403,1081.3,639,24.22,51.63,-1,-1,506,510
1628,1778510857036,1081.9,633,24.20,51.66,-1,-1,506,510
1629,1778510857667,1082.6,631,24.19,51.63,-1,-1,506,510
1630,1778510858306,1083.2,639,24.17,51.60,-1,-1,507,510
1631,1778510859179,1084.1,639,24.22,51.62,-1,-1,507,510
1632,1778510859825,1084.7,644,24.20,51.65,-1,-1,507,510
1633,1778510860465,1085.4,640,24.19,51.68,-1,-1,507,510
1634,1778510861118,1086.0,653,24.17,51.65,-1,-1,507,510
1635,1778510861776,1086.7,658,24.16,51.62,-1,-1,507,510
1636,1778510862672,1087.6,642,24.21,51.65,-1,-1,508,510
1637,1778510863475,1088.4,645,24.25,51.68,-1,-1,508,510
1638,1778510864133,1089.0,658,24.24,51.65,-1,-1,508,510
1639,1778510864780,1089.7,647,24.22,51.62,-1,-1,508,510
1640,1778510865412,1090.3,631,24.21,51.65,-1,-1,508,510
1641,1778510866057,1091.0,645,24.19,51.61,-1,-1,508,510
1642,1778510866702,1091.6,643,24.18,51.58,-1,-1,509,510
1643,1778510867339,1092.2,637,24.16,51.55,-1,-1,509,510
1644,1778510868162,1093.1,627,24.21,51.58,-1,-1,509,510
1645,1778510868805,1093.7,642,24.19,51.55,-1,-1,509,510
1646,1778510869654,1094.5,636,24.24,51.58,-1,-1,509,510
1647,1778510870293,1095.2,639,24.23,51.55,-1,-1,509,510
1648,1778510870930,1095.8,637,24.21,51.58,-1,-1,510,510
1649,1778510871794,1096.7,649,24.26,51.61,-1,-1,510,510
1650,1778510872433,1097.3,639,24.24,51.58,-1,-1,510,510
1651,1778510873069,1098.0,636,24.23,51.54,3728,30,484,510
1652,1778510873704,1098.6,633,24.21,51.51,-1,-1,485,510
1653,1778510874348,1099.2,643,24.20,51.48,-1,-1,485,510
1654,1778510875222,1100.1,647,24.24,51.51,-1,-1,485,510
1655,1778510875855,1100.7,632,24.23,51.54,-1,-1,486,510
1656,1778510876690,1101.6,636,24.28,51.57,-1,-1,485,510
1657,1778510877515,1102.4,645,24.32,51.60,-1,-1,485,510
1658,1778510878154,1103.0,638,24.31,51.63,-1,-1,487,510
1659,1778510878978,1103.9,645,24.35,51.66,-1,-1,487,510
1660,1778510879611,1104.5,633,24.34,51.69,-1,-1,487,510
1661,1778510880252,1105.1,640,24.32,51.66,-1,-1,487,510
1662,1778510880889,1105.8,635,24.31,51.62,-1,-1,487,510
1663,1778510881535,1106.4,646,24.29,51.59,-1,-1,487,510
1664,1778510882180,1107.1,645,24.28,51.56,-1,-1,488,510
1665,1778510882830,1107.7,650,24.26,51.53,-1,-1,488,510
1666,1778510883472,1108.4,642,24.25,51.50,-1,-1,488,510
1667,1778510884113,1109.0,641,24.24,51.47,-1,-1,488,510
1668,1778510884745,1109.6,632,24.22,51.50,-1,-1,488,510
1669,1778510885396,1110.3,651,24.21,51.47,-1,-1,488,510
1670,1778510886018,1110.9,622,24.19,51.44,-1,-1,489,510
1671,1778510886661,1111.6,642,24.18,51.41,-1,-1,489,510
1672,1778510887511,1112.4,634,24.22,51.44,-1,-1,489,510
1673,1778510888301,1113.2,644,24.27,51.46,-1,-1,489,510
1674,1778510889099,1114.0,635,24.31,51.49,-1,-1,489,510
1675,1778510889886,1114.8,629,24.36,51.52,-1,-1,489,510
1676,1778510890537,1115.4,651,24.34,51.49,-1,-1,490,510
1677,1778510891360,1116.3,625,24.39,51.52,-1,-1,490,510
1678,1778510892202,1117.1,626,24.43,51.55,-1,-1,490,510
1679,1778510892842,1117.7,639,24.42,51.58,-1,-1,490,510
1680,1778510893658,1118.6,633,24.46,51.61,-1,-1,490,510
1681,1778510894471,1119.4,642,24.51,51.64,-1,-1,490,510
1682,1778510895297,1120.2,641,24.55,51.66,-1,-1,491,510
1683,1778510895954,1120.8,657,24.54,51.63,-1,-1,491,510
1684,1778510896581,1121.5,627,24.52,51.66,-1,-1,491,510
1685,1778510897216,1122.1,635,24.51,51.69,-1,-1,491,510
1686,1778510897861,1122.8,644,24.50,51.66,-1,-1,491,510
1687,1778510898725,1123.6,652,24.54,51.69,-1,-1,491,510
1688,1778510899520,1124.4,639,24.59,51.72,-1,-1,492,510
1689,1778510900410,1125.3,635,24.63,51.75,-1,-1,492,510
1690,1778510901056,1125.9,645,24.62,51.72,-1,-1,492,510
1691,1778510901910,1126.8,633,24.66,51.74,-1,-1,492,510
1692,1778510902555,1127.4,643,24.65,51.71,-1,-1,492,510
1693,1778510903192,1128.1,637,24.63,51.68,-1,-1,492,510
1694,1778510903829,1128.7,636,24.62,51.65,-1,-1,493,510
1695,1778510904478,1129.4,649,24.60,51.62,-1,-1,493,510
1696,1778510905113,1130.0,634,24.59,51.59,-1,-1,493,510
1697,1778510905755,1130.6,641,24.57,51.56,-1,-1,493,510
1698,1778510906402,1131.3,646,24.56,51.53,-1,-1,493,510
1699,1778510907043,1131.9,640,24.54,51.56,-1,-1,493,510
1700,1778510907678,1132.6,635,24.53,51.59,-1,-1,494,510
1701,1778510908312,1133.2,634,24.51,51.62,3728,30,494,510
1702,1778510908952,1133.8,637,24.50,51.59,-1,-1,494,510
1703,1778510909819,1134.7,643,24.54,51.61,-1,-1,494,510
1704,1778510910453,1135.3,634,24.53,51.64,-1,-1,494,510
1705,1778510911086,1136.0,633,24.52,51.61,-1,-1,494,510
1706,1778510911715,1136.6,629,24.50,51.58,-1,-1,495,510
1707,1778510912349,1137.2,634,24.49,51.61,-1,-1,495,510
1708,1778510912987,1137.9,638,24.47,51.64,-1,-1,495,510
1709,1778510913619,1138.5,632,24.46,51.61,-1,-1,495,510
1710,1778510914250,1139.1,631,24.44,51.58,-1,-1,495,510
1711,1778510915109,1140.0,632,24.49,51.61,-1,-1,495,510
1712,1778510915765,1140.7,654,24.47,51.58,-1,-1,496,510
1713,1778510916400,1141.3,634,24.46,51.61,-1,-1,496,510
1714,1778510917033,1141.9,633,24.45,51.58,-1,-1,496,510
1715,1778510917674,1142.6,640,24.43,51.60,-1,-1,496,510
1716,1778510918315,1143.2,641,24.42,51.63,-1,-1,496,510
1717,1778510918947,1143.8,632,24.40,51.60,-1,-1,496,510
1718,1778510919580,1144.5,632,24.39,51.63,-1,-1,497,510
1719,1778510920216,1145.1,636,24.37,51.60,-1,-1,497,510
1720,1778510920857,1145.8,641,24.36,51.57,-1,-1,497,510
1721,1778510921509,1146.4,652,24.35,51.54,-1,-1,497,510
1722,1778510922144,1147.0,634,24.33,51.51,-1,-1,497,510
1723,1778510922780,1147.7,635,24.32,51.48,-1,-1,497,510
1724,1778510923418,1148.3,638,24.30,51.51,-1,-1,498,510
1725,1778510924057,1149.0,638,24.29,51.48,-1,-1,498,510
1726,1778510924703,1149.6,646,24.28,51.45,-1,-1,498,510
1727,1778510925346,1150.2,642,24.26,51.42,-1,-1,498,510
1728,1778510925994,1150.9,647,24.25,51.39,-1,-1,498,510
1729,1778510926672,1151.6,678,24.23,51.36,-1,-1,498,510
1730,1778510927331,1152.2,659,24.22,51.33,-1,-1,498,510
1731,1778510927970,1152.9,639,24.21,51.30,-1,-1,499,510
1732,1778510928608,1153.5,636,24.19,51.27,-1,-1,499,510
1733,1778510929242,1154.1,634,24.18,51.24,-1,-1,499,510
1734,1778510929872,1154.8,630,24.16,51.27,-1,-1,499,510
1735,1778510930510,1155.4,638,24.15,51.24,-1,-1,499,510
1736,1778510931132,1156.0,622,24.14,51.27,-1,-1,499,510
1737,1778510931758,1156.7,626,24.12,51.24,-1,-1,500,510
1738,1778510932390,1157.3,632,24.11,51.27,-1,-1,500,510
1739,1778510933022,1157.9,632,24.09,51.29,-1,-1,500,510
1740,1778510933663,1158.6,640,24.08,51.32,-1,-1,500,510
1741,1778510934509,1159.4,644,24.12,51.35,-1,-1,500,510
1742,1778510935145,1160.0,634,24.11,51.38,-1,-1,502,510
1743,1778510935954,1160.8,631,24.15,51.41,-1,-1,501,510
1744,1778510936589,1161.5,635,24.14,51.43,-1,-1,502,510
1745,1778510937231,1162.1,642,24.13,51.40,-1,-1,501,510
1746,1778510938051,1162.9,625,24.17,51.43,-1,-1,501,510
1747,1778510938892,1163.8,633,24.21,51.46,-1,-1,501,510
1748,1778510939526,1164.4,633,24.20,51.43,-1,-1,503,510
1749,1778510940324,1165.2,622,24.24,51.46,-1,-1,502,510
1750,1778510941160,1166.1,639,24.29,51.49,-1,-1,502,510
1751,1778510941803,1166.7,643,24.27,51.51,3728,30,503,510
1752,1778510942583,1167.5,631,24.32,51.54,-1,-1,502,510
1753,1778510943221,1168.1,637,24.30,51.57,-1,-1,503,510
1754,1778510943852,1168.7,630,24.29,51.54,-1,-1,504,510
1755,1778510944667,1169.6,630,24.33,51.57,-1,-1,504,510
1756,1778510945313,1170.2,646,24.32,51.54,-1,-1,504,510
1757,1778510945969,1170.9,656,24.30,51.51,-1,-1,504,510
1758,1778510946861,1171.8,624,24.35,51.54,-1,-1,504,510
1759,1778510947577,1172.5,714,24.33,51.56,-1,-1,504,510
1760,1778510948203,1173.1,626,24.32,51.53,-1,-1,505,510
1761,1778510948847,1173.7,643,24.30,51.50,-1,-1,505,510
1762,1778510949474,1174.4,625,24.29,51.48,-1,-1,505,510
1763,1778510950116,1175.0,641,24.28,51.45,-1,-1,505,510
1764,1778510950952,1175.8,636,24.32,51.47,-1,-1,505,510
1765,1778510951593,1176.5,640,24.31,51.44,-1,-1,505,510
1766,1778510952215,1177.1,622,24.29,51.42,-1,-1,506,510
1767,1778510953055,1177.9,631,24.34,51.44,-1,-1,506,510
1768,1778510953684,1178.6,629,24.32,51.41,-1,-1,506,510
1769,1778510954316,1179.2,632,24.31,51.38,-1,-1,506,510
1770,1778510954965,1179.9,648,24.29,51.36,-1,-1,506,510
1771,1778510955603,1180.5,637,24.28,51.33,-1,-1,506,510
1772,1778510956301,1181.2,697,24.27,51.30,-1,-1,506,510
1773,1778510956970,1181.9,669,24.25,51.33,-1,-1,507,510
1774,1778510957603,1182.5,633,24.24,51.30,-1,-1,507,510
1775,1778510958240,1183.1,637,24.23,51.27,-1,-1,507,510
1776,1778510958881,1183.8,641,24.21,51.24,-1,-1,507,510
1777,1778510959526,1184.4,644,24.20,51.21,-1,-1,507,510
1778,1778510960173,1185.1,647,24.18,51.18,-1,-1,507,510
1779,1778510960816,1185.7,643,24.17,51.15,-1,-1,508,510
1780,1778510961454,1186.3,638,24.16,51.18,-1,-1,508,510
1781,1778510962084,1187.0,630,24.14,51.21,-1,-1,508,510
1782,1778510962728,1187.6,641,24.13,51.23,-1,-1,508,510
1783,1778510963541,1188.4,662,24.17,51.26,-1,-1,508,510
1784,1778510964180,1189.1,638,24.16,51.23,-1,-1,508,510
1785,1778510964840,1189.7,659,24.15,51.20,-1,-1,509,510
1786,1778510965482,1190.4,642,24.13,51.18,-1,-1,509,510
1787,1778510966305,1191.2,633,24.17,51.20,-1,-1,509,510
1788,1778510967170,1192.1,661,24.22,51.23,-1,-1,509,510
1789,1778510967826,1192.7,656,24.20,51.20,-1,-1,509,510
1790,1778510968460,1193.4,634,24.19,51.17,-1,-1,509,510
1791,1778510969098,1194.0,638,24.18,51.20,-1,-1,510,510
1792,1778510969736,1194.6,636,24.16,51.23,-1,-1,510,510
1793,1778510970363,1195.3,626,24.15,51.25,-1,-1,484,510
1794,1778510971168,1196.1,633,24.19,51.28,-1,-1,484,510
1795,1778510971808,1196.7,639,24.18,51.25,-1,-1,485,510
1796,1778510972438,1197.3,630,24.16,51.22,-1,-1,485,510
1797,1778510973070,1198.0,632,24.15,51.20,-1,-1,486,510
1798,1778510973713,1198.6,642,24.14,51.22,-1,-1,485,510
1799,1778510973718,1198.6,5,24.12,51.20,-1,-1,486,510
1800,1778510974364,1199.3,646,24.11,51.17,-1,-1,486,510
1801,1778510975006,1199.9,642,24.10,51.14,3726,32,486,510
1802,1778510975630,1200.5,622,24.08,51.11,-1,-1,487,510
1803,1778510976269,1201.2,639,24.07,51.08,-1,-1,487,510
1804,1778510976907,1201.8,637,24.06,51.11,-1,-1,487,510
1805,1778510977550,1202.4,643,24.04,51.08,-1,-1,487,510
1806,1778510978186,1203.1,636,24.03,51.05,-1,-1,487,510
1807,1778510979029,1203.9,635,24.07,51.08,-1,-1,487,510
1808,1778510979830,1204.7,642,24.12,51.11,-1,-1,488,510
1809,1778510980666,1205.6,642,24.16,51.13,-1,-1,488,510
1810,1778510981306,1206.2,640,24.14,51.10,-1,-1,488,510
1811,1778510981942,1206.8,636,24.13,51.13,-1,-1,488,510
1812,1778510982587,1207.5,644,24.12,51.16,-1,-1,488,510
1813,1778510983217,1208.1,630,24.10,51.13,-1,-1,488,510
1814,1778510983848,1208.7,631,24.09,51.16,-1,-1,489,510
1815,1778510984712,1209.6,632,24.13,51.18,-1,-1,489,510
1816,1778510985350,1210.2,637,24.12,51.21,-1,-1,489,510
1817,1778510986162,1211.1,630,24.16,51.24,-1,-1,489,510
1818,1778510987028,1211.9,650,24.20,51.27,-1,-1,489,510
1819,1778510987869,1212.8,637,24.24,51.29,-1,-1,489,510
1820,1778510988505,1213.4,636,24.23,51.32,-1,-1,490,510
1821,1778510989145,1214.0,640,24.22,51.29,-1,-1,490,510
1822,1778510989781,1214.7,635,24.20,51.32,-1,-1,490,510
1823,1778510990662,1215.6,646,24.25,51.34,-1,-1,490,510
1824,1778510991294,1216.2,631,24.23,51.37,-1,-1,490,510
1825,1778510992127,1217.0,631,24.27,51.40,-1,-1,490,510
1826,1778510992948,1217.8,641,24.32,51.42,-1,-1,491,510
1827,1778510993843,1218.7,632,24.36,51.45,-1,-1,491,510
1828,1778510994686,1219.6,633,24.40,51.48,-1,-1,491,510
1829,1778510995324,1220.2,638,24.38,51.45,-1,-1,491,510
1830,1778510995956,1220.8,631,24.37,51.42,-1,-1,491,510
1831,1778510996592,1221.5,636,24.36,51.45,-1,-1,491,510
1832,1778510997233,1222.1,639,24.34,51.42,-1,-1,492,510
1833,1778510997883,1222.8,650,24.33,51.39,-1,-1,492,510
1834,1778510998512,1223.4,629,24.32,51.42,-1,-1,492,510
1835,1778510999151,1224.0,639,24.31,51.39,-1,-1,492,510
1836,1778510999792,1224.7,641,24.29,51.36,-1,-1,492,510
1837,1778511000430,1225.3,638,24.28,51.33,-1,-1,492,510
1838,1778511001069,1226.0,639,24.27,51.31,-1,-1,493,510
1839,1778511001707,1226.6,638,24.25,51.33,-1,-1,493,510
1840,1778511002359,1227.3,651,24.24,51.36,-1,-1,493,510
1841,1778511003002,1227.9,643,24.23,51.33,-1,-1,493,510
1842,1778511003642,1228.5,639,24.21,51.36,-1,-1,493,510
1843,1778511004271,1229.2,627,24.20,51.38,-1,-1,493,510
1844,1778511004915,1229.8,644,24.19,51.36,-1,-1,494,510
1845,1778511005548,1230.4,633,24.17,51.33,-1,-1,494,510
1846,1778511006232,1231.1,683,24.16,51.30,-1,-1,494,510
1847,1778511006871,1231.8,638,24.15,51.27,-1,-1,494,510
1848,1778511007498,1232.4,627,24.13,51.24,-1,-1,494,510
1849,1778511008138,1233.0,640,24.12,51.22,-1,-1,494,510
1850,1778511008784,1233.7,646,24.11,51.19,-1,-1,495,510
1851,1778511009411,1234.3,627,24.10,51.16,3726,32,495,510
1852,1778511010242,1235.1,642,24.14,51.19,-1,-1,495,510
1853,1778511010887,1235.8,645,24.12,51.16,-1,-1,495,510
1854,1778511011754,1236.6,632,24.16,51.19,-1,-1,495,510
1855,1778511012407,1237.3,652,24.15,51.21,-1,-1,495,510
1856,1778511013034,1237.9,626,24.14,51.19,-1,-1,496,510
1857,1778511013670,1238.6,635,24.12,51.21,-1,-1,496,510
1858,1778511014302,1239.2,631,24.11,51.24,-1,-1,496,510
1859,1778511014946,1239.8,644,24.10,51.21,-1,-1,496,510
1860,1778511015763,1240.7,635,24.14,51.24,-1,-1,496,510
1861,1778511016583,1241.5,638,24.18,51.26,-1,-1,496,510
1862,1778511017208,1242.1,623,24.17,51.29,-1,-1,497,510
1863,1778511017849,1242.7,641,24.15,51.26,-1,-1,497,510
1864,1778511018681,1243.6,636,24.20,51.29,-1,-1,497,510
1865,1778511019316,1244.2,635,24.18,51.26,-1,-1,497,510
1866,1778511019951,1244.8,634,24.17,51.23,-1,-1,497,510
1867,1778511020812,1245.7,640,24.21,51.26,-1,-1,497,510
1868,1778511021454,1246.3,642,24.20,51.23,-1,-1,498,510
1869,1778511022087,1247.0,633,24.18,51.20,-1,-1,498,510
1870,1778511022728,1247.6,641,24.17,51.23,-1,-1,498,510
1871,1778511023371,1248.3,643,24.16,51.26,-1,-1,498,510
1872,1778511024011,1248.9,639,24.15,51.23,-1,-1,498,510
1873,1778511024648,1249.5,636,24.13,51.25,-1,-1,498,510
1874,1778511025296,1250.2,648,24.12,51.23,-1,-1,498,510
1875,1778511025940,1250.8,644,24.11,51.25,-1,-1,499,510
1876,1778511026576,1251.5,636,24.09,51.28,-1,-1,499,510
1877,1778511027383,1252.3,628,24.13,51.31,-1,-1,499,510
1878,1778511028009,1252.9,626,24.12,51.33,-1,-1,500,510
1879,1778511028634,1253.5,625,24.11,51.30,-1,-1,499,510
1880,1778511029266,1254.2,632,24.10,51.28,-1,-1,499,510
1881,1778511029916,1254.8,649,24.08,51.25,-1,-1,500,510
1882,1778511030764,1255.7,639,24.12,51.28,-1,-1,500,510
1883,1778511031586,1256.5,630,24.16,51.30,-1,-1,500,510
1884,1778511032411,1257.3,627,24.20,51.33,-1,-1,500,510
1885,1778511033274,1258.2,652,24.24,51.35,-1,-1,500,510
1886,1778511033909,1258.8,634,24.23,51.38,-1,-1,501,510
1887,1778511034548,1259.4,639,24.22,51.35,-1,-1,501,510
1888,1778511035192,1260.1,644,24.21,51.32,-1,-1,502,510
1889,1778511035196,1260.1,4,24.19,51.30,-1,-1,502,510
1890,1778511036064,1261.0,639,24.23,51.32,-1,-1,501,510
1891,1778511036698,1261.6,633,24.22,51.35,-1,-1,502,510
1892,1778511037324,1262.2,624,24.21,51.37,-1,-1,502,510
1893,1778511037969,1262.9,645,24.19,51.40,-1,-1,503,510
1894,1778511038618,1263.5,649,24.18,51.37,-1,-1,503,510
1895,1778511039265,1264.2,647,24.17,51.35,-1,-1,503,510
1896,1778511039915,1264.8,650,24.16,51.37,-1,-1,503,510
1897,1778511040563,1265.5,648,24.14,51.34,-1,-1,503,510
1898,1778511041202,1266.1,639,24.13,51.37,-1,-1,503,510
1899,1778511041841,1266.7,639,24.12,51.40,-1,-1,503,510
1900,1778511042498,1267.4,657,24.11,51.37,-1,-1,504,510
1901,1778511043146,1268.0,647,24.09,51.39,3726,32,504,510
1902,1778511043777,1268.7,629,24.08,51.37,-1,-1,504,510
1903,1778511044412,1269.3,635,24.07,51.34,-1,-1,504,510
1904,1778511045057,1270.0,645,24.05,51.31,-1,-1,504,510
1905,1778511045683,1270.6,626,24.04,51.29,-1,-1,504,510
1906,1778511046309,1271.2,625,24.03,51.26,-1,-1,505,510
1907,1778511046941,1271.8,631,24.02,51.23,-1,-1,505,510
1908,1778511047574,1272.5,633,24.00,51.21,-1,-1,505,510
1909,1778511048225,1273.1,651,23.99,51.18,-1,-1,505,510
1910,1778511049064,1274.0,632,24.03,51.20,-1,-1,505,510
1911,1778511049700,1274.6,636,24.02,51.23,-1,-1,505,510
1912,1778511050329,1275.2,627,24.01,51.26,-1,-1,506,510
1913,1778511051181,1276.1,649,24.05,51.28,-1,-1,506,510
1914,1778511052010,1276.9,642,24.09,51.31,-1,-1,506,510
1915,1778511052871,1277.8,633,24.13,51.33,-1,-1,506,510
1916,1778511053706,1278.6,641,24.16,51.36,-1,-1,506,510
1917,1778511054340,1279.2,634,24.15,51.38,-1,-1,506,510
1918,1778511055158,1280.1,627,24.19,51.41,-1,-1,507,510
1919,1778511055978,1280.9,626,24.23,51.43,-1,-1,507,510
1920,1778511056810,1281.7,636,24.27,51.46,-1,-1,507,510
1921,1778511057454,1282.3,643,24.26,51.48,-1,-1,507,510
1922,1778511058090,1283.0,634,24.25,51.51,-1,-1,507,510
1923,1778511058949,1283.8,625,24.28,51.53,-1,-1,507,510
1924,1778511059594,1284.5,644,24.27,51.56,-1,-1,508,510
1925,1778511060227,1285.1,633,24.26,51.58,-1,-1,508,510
1926,1778511060871,1285.8,644,24.25,51.56,-1,-1,508,510
1927,1778511061515,1286.4,643,24.23,51.53,-1,-1,508,510
1928,1778511062158,1287.1,643,24.22,51.50,-1,-1,508,510
1929,1778511062803,1287.7,645,24.21,51.53,-1,-1,508,510
1930,1778511063441,1288.3,638,24.20,51.50,-1,-1,508,510
1931,1778511064286,1289.2,632,24.24,51.53,-1,-1,509,510
1932,1778511064931,1289.8,643,24.22,51.55,-1,-1,509,510
1933,1778511065569,1290.5,638,24.21,51.58,-1,-1,509,510
1934,1778511066206,1291.1,636,24.20,51.60,-1,-1,509,510
1935,1778511066841,1291.7,635,24.19,51.63,-1,-1,509,510
1936,1778511067490,1292.4,648,24.17,51.65,-1,-1,509,510
1937,1778511068123,1293.0,632,24.16,51.63,-1,-1,510,510
1938,1778511068936,1293.8,640,24.20,51.65,-1,-1,510,510
1939,1778511069573,1294.5,637,24.19,51.68,-1,-1,510,510
1940,1778511070200,1295.1,627,24.18,51.70,-1,-1,484,510
1941,1778511071067,1296.0,633,24.21,51.73,-1,-1,485,510
1942,1778511071901,1296.8,634,24.25,51.75,-1,-1,485,510
1943,1778511072543,1297.4,642,24.24,51.78,-1,-1,486,510
1944,1778511073366,1298.3,635,24.28,51.80,-1,-1,485,510
1945,1778511073997,1298.9,631,24.27,51.77,-1,-1,486,510
1946,1778511074639,1299.5,642,24.25,51.75,-1,-1,486,510
1947,1778511075319,1300.2,680,24.24,51.72,-1,-1,487,510
1948,1778511075954,1300.8,634,24.23,51.75,-1,-1,487,510
1949,1778511076589,1301.5,635,24.22,51.77,-1,-1,487,510
1950,1778511077224,1302.1,635,24.21,51.79,-1,-1,487,510
1951,1778511077895,1302.8,671,24.19,51.77,3726,32,487,510
1952,1778511078530,1303.4,632,24.18,51.74,-1,-1,487,510
1953,1778511079611,1304.5,762,24.22,51.77,-1,-1,488,510
1954,1778511080484,1305.4,748,24.26,51.79,-1,-1,488,510
1955,1778511081112,1306.0,627,24.25,51.82,-1,-1,488,510
1956,1778511081761,1306.7,649,24.23,51.79,-1,-1,488,510
1957,1778511082398,1307.3,637,24.22,51.76,-1,-1,488,510
1958,1778511083031,1307.9,633,24.21,51.79,-1,-1,488,510
1959,1778511083882,1308.8,635,24.25,51.81,-1,-1,489,510
1960,1778511084528,1309.4,646,24.23,51.79,-1,-1,489,510
1961,1778511085166,1310.1,638,24.22,51.76,-1,-1,489,510
1962,1778511085807,1310.7,639,24.21,51.73,-1,-1,489,510
1963,1778511086455,1311.3,648,24.20,51.71,-1,-1,489,510
1964,1778511087082,1312.0,627,24.19,51.68,-1,-1,489,510
1965,1778511087723,1312.6,641,24.17,51.65,-1,-1,490,510
1966,1778511088369,1313.3,646,24.16,51.68,-1,-1,490,510
1967,1778511089239,1314.1,647,24.20,51.70,-1,-1,490,510
1968,1778511090076,1315.0,641,24.24,51.73,-1,-1,490,510
1969,1778511090903,1315.8,649,24.28,51.75,-1,-1,490,510
1970,1778511091727,1316.6,646,24.31,51.78,-1,-1,490,510
1971,1778511092400,1317.3,673,24.30,51.80,-1,-1,491,510
1972,1778511093034,1317.9,633,24.29,51.83,-1,-1,491,510
1973,1778511093665,1318.6,631,24.28,51.85,-1,-1,491,510
1974,1778511094300,1319.2,634,24.27,51.87,-1,-1,491,510
1975,1778511095151,1320.0,648,24.30,51.90,-1,-1,491,510
1976,1778511095945,1320.8,637,24.34,51.92,-1,-1,491,510
1977,1778511096794,1321.7,643,24.38,51.95,-1,-1,492,510
1978,1778511097434,1322.3,639,24.37,51.97,-1,-1,492,510
1979,1778511098073,1323.0,638,24.36,52.00,-1,-1,492,510
1980,1778511098999,1323.9,681,24.39,52.02,-1,-1,492,510
1981,1778511099837,1324.7,644,24.43,52.04,-1,-1,492,510
1982,1778511100483,1325.4,643,24.42,52.07,-1,-1,492,510
1983,1778511101115,1326.0,631,24.41,52.04,-1,-1,493,510
1984,1778511101757,1326.7,642,24.40,52.02,-1,-1,493,510
1985,1778511102387,1327.3,630,24.38,52.04,-1,-1,493,510
1986,1778511103020,1327.9,632,24.37,52.01,-1,-1,493,510
1987,1778511103657,1328.6,637,24.36,51.99,-1,-1,493,510
1988,1778511104533,1329.4,660,24.40,52.01,-1,-1,493,510
1989,1778511105167,1330.1,633,24.38,52.04,-1,-1,494,510
1990,1778511105809,1330.7,641,24.37,52.01,-1,-1,494,510
1991,1778511106453,1331.3,643,24.36,51.98,-1,-1,494,510
1992,1778511107087,1332.0,633,24.35,52.01,-1,-1,494,510
1993,1778511107728,1332.6,640,24.34,51.98,-1,-1,494,510
1994,1778511108363,1333.3,635,24.32,51.96,-1,-1,494,510
1995,1778511109005,1333.9,642,24.31,51.93,-1,-1,495,510
1996,1778511109655,1334.5,650,24.30,51.90,-1,-1,495,510
1997,1778511110292,1335.2,637,24.29,51.88,-1,-1,495,510
1998,1778511111155,1336.0,633,24.32,51.90,-1,-1,495,510
1999,1778511111994,1336.9,636,24.36,51.93,-1,-1,495,510
2000,1778511112632,1337.5,638,24.35,51.90,-1,-1,495,510
2001,1778511113466,1338.4,633,24.39,51.92,3724,34,496,510
2002,1778511114105,1339.0,637,24.38,51.90,-1,-1,496,510
2003,1778511114754,1339.6,648,24.36,51.87,-1,-1,496,510
2004,1778511115398,1340.3,643,24.35,51.85,-1,-1,496,510
2005,1778511116028,1340.9,630,24.34,51.87,-1,-1,496,510
2006,1778511116669,1341.6,641,24.33,51.84,-1,-1,496,510
2007,1778511117484,1342.4,627,24.36,51.87,-1,-1,497,510
2008,1778511118119,1343.0,635,24.35,51.84,-1,-1,497,510
2009,1778511118763,1343.7,643,24.34,51.82,-1,-1,497,510
2010,1778511119432,1344.3,669,24.33,51.84,-1,-1,497,510
2011,1778511120085,1345.0,653,24.32,51.86,-1,-1,497,510
2012,1778511120725,1345.6,638,24.30,51.89,-1,-1,497,510
2013,1778511121358,1346.3,633,24.29,51.86,-1,-1,498,510
2014,1778511122002,1346.9,643,24.28,51.84,-1,-1,498,510
2015,1778511122653,1347.5,651,24.27,51.81,-1,-1,498,510
2016,1778511123284,1348.2,630,24.26,51.79,-1,-1,498,510
2017,1778511123922,1348.8,637,24.24,51.76,-1,-1,498,510
2018,1778511124565,1349.5,643,24.23,51.73,-1,-1,498,510
2019,1778511125215,1350.1,650,24.22,51.71,-1,-1,498,510
2020,1778511125793,1350.7,578,24.21,51.68,-1,-1,499,510
2021,1778511126336,1351.2,542,24.20,51.66,-1,-1,499,510
2022,1778511127218,1352.1,635,24.23,51.68,-1,-1,499,510
2023,1778511127997,1352.9,591,24.27,51.71,-1,-1,499,510
2024,1778511128658,1353.6,661,24.26,51.73,-1,-1,500,510
2025,1778511129309,1354.2,651,24.25,51.70,-1,-1,499,510
2026,1778511129955,1354.8,646,24.23,51.73,-1,-1,500,510
2027,1778511130586,1355.5,630,24.22,51.70,-1,-1,500,510
2028,1778511131208,1356.1,621,24.21,51.68,-1,-1,500,510
2029,1778511131848,1356.7,639,24.20,51.65,-1,-1,500,510
2030,1778511132487,1357.4,639,24.19,51.67,-1,-1,500,510
2031,1778511133129,1358.0,642,24.18,51.65,-1,-1,500,510
2032,1778511133778,1358.7,647,24.16,51.62,-1,-1,501,510
2033,1778511134740,1359.6,656,24.20,51.65,-1,-1,501,510
2034,1778511135385,1360.3,644,24.19,51.62,-1,-1,502,510
2035,1778511136187,1361.1,641,24.23,51.65,-1,-1,501,510
2036,1778511137058,1362.0,668,24.26,51.67,-1,-1,501,510
2037,1778511137698,1362.6,640,24.25,51.69,-1,-1,502,510
2038,1778511138329,1363.2,631,24.24,51.67,-1,-1,502,510
2039,1778511138952,1363.8,623,24.23,51.69,-1,-1,503,510
2040,1778511139593,1364.5,641,24.22,51.67,-1,-1,503,510
2041,1778511140235,1365.1,642,24.20,51.69,-1,-1,503,510
2042,1778511140882,1365.8,645,24.19,51.71,-1,-1,503,510
2043,1778511141519,1366.4,637,24.18,51.74,-1,-1,503,510
2044,1778511142157,1367.1,638,24.17,51.76,-1,-1,504,510
2045,1778511142787,1367.7,630,24.16,51.74,-1,-1,504,510
2046,1778511143434,1368.3,647,24.14,51.71,-1,-1,504,510
2047,1778511144335,1369.2,674,24.18,51.73,-1,-1,504,510
2048,1778511144970,1369.9,634,24.17,51.76,-1,-1,504,510
2049,1778511145605,1370.5,635,24.16,51.73,-1,-1,504,510
2050,1778511146242,1371.1,637,24.15,51.71,-1,-1,505,510
2051,1778511146882,1371.8,640,24.13,51.68,3722,36,505,510
2052,1778511147520,1372.4,636,24.12,51.71,-1,-1,505,510
2053,1778511148146,1373.0,626,24.11,51.73,-1,-1,505,510
2054,1778511148788,1373.7,641,24.10,51.70,-1,-1,505,510
2055,1778511149433,1374.3,645,24.09,51.68,-1,-1,505,510
2056,1778511150088,1375.0,655,24.08,51.65,-1,-1,505,510
2057,1778511150724,1375.6,636,24.06,51.63,-1,-1,506,510
2058,1778511151356,1376.3,632,24.05,51.65,-1,-1,506,510
2059,1778511152000,1376.9,644,24.04,51.63,-1,-1,506,510
2060,1778511152861,1377.8,638,24.08,51.65,-1,-1,506,510
2061,1778511153677,1378.6,631,24.11,51.67,-1,-1,506,510
2062,1778511154319,1379.2,640,24.10,51.65,-1,-1,507,510
2063,1778511154950,1379.8,631,24.09,51.67,-1,-1,507,510
2064,1778511155592,1380.5,642,24.08,51.70,-1,-1,507,510
2065,1778511156231,1381.1,638,24.07,51.67,-1,-1,507,510
2066,1778511156854,1381.7,623,24.06,51.65,-1,-1,507,510
2067,1778511157752,1382.6,643,24.09,51.67,-1,-1,507,510
2068,1778511158579,1383.5,645,24.13,51.69,-1,-1,507,510
2069,1778511159411,1384.3,667,24.17,51.72,-1,-1,508,510
2070,1778511160050,1384.9,638,24.15,51.69,-1,-1,508,510
2071,1778511160686,1385.6,636,24.14,51.71,-1,-1,508,510
2072,1778511161562,1386.5,632,24.18,51.74,-1,-1,508,510
2073,1778511162202,1387.1,640,24.17,51.71,-1,-1,508,510
2074,1778511162844,1387.7,642,24.16,51.69,-1,-1,509,510
2075,1778511163732,1388.6,647,24.19,51.71,-1,-1,509,510
2076,1778511164579,1389.5,647,24.23,51.73,-1,-1,509,510
2077,1778511165435,1390.3,647,24.27,51.76,-1,-1,509,510
2078,1778511166073,1391.0,638,24.25,51.78,-1,-1,509,510
2079,1778511166705,1391.6,632,24.24,51.76,-1,-1,509,510
2080,1778511167344,1392.2,638,24.23,51.78,-1,-1,510,510
2081,1778511167995,1392.9,650,24.22,51.75,-1,-1,510,510
2082,1778511168645,1393.5,649,24.21,51.73,-1,-1,510,510
2083,1778511169284,1394.2,639,24.20,51.70,-1,-1,484,510
2084,1778511169905,1394.8,621,24.18,51.68,-1,-1,484,510
2085,1778511170754,1395.6,649,24.22,51.70,-1,-1,485,510
2086,1778511171387,1396.3,633,24.21,51.73,-1,-1,486,510
2087,1778511172243,1397.1,639,24.25,51.75,-1,-1,485,510
2088,1778511173086,1398.0,639,24.28,51.77,-1,-1,485,510
2089,1778511173732,1398.6,646,24.27,51.75,-1,-1,486,510
2090,1778511174362,1399.3,630,24.26,51.72,-1,-1,486,510
2091,1778511174987,1399.9,625,24.25,51.70,-1,-1,486,510
2092,1778511175630,1400.5,641,24.24,51.67,-1,-1,487,510
2093,1778511176272,1401.2,642,24.22,51.70,-1,-1,487,510
2094,1778511176912,1401.8,640,24.21,51.67,-1,-1,487,510
2095,1778511177548,1402.4,636,24.20,51.69,-1,-1,487,510
2096,1778511178186,1403.1,638,24.19,51.67,-1,-1,487,510
2097,1778511178824,1403.7,638,24.18,51.65,-1,-1,487,510
2098,1778511179671,1404.6,650,24.21,51.67,-1,-1,488,510
2099,1778511180492,1405.4,656,24.25,51.69,-1,-1,488,510
2100,1778511181144,1406.0,652,24.24,51.71,-1,-1,488,510
2101,1778511181969,1406.9,636,24.27,51.74,3722,36,488,510
2102,1778511182777,1407.7,628,24.31,51.76,-1,-1,488,510
2103,1778511183417,1408.3,640,24.30,51.78,-1,-1,488,510
2104,1778511184045,1408.9,628,24.29,51.81,-1,-1,489,510
2105,1778511184670,1409.6,625,24.28,51.83,-1,-1,489,510
2106,1778511185298,1410.2,628,24.26,51.80,-1,-1,489,510
2107,1778511186098,1411.0,640,24.30,51.83,-1,-1,489,510
2108,1778511186735,1411.6,637,24.29,51.80,-1,-1,489,510
2109,1778511187361,1412.3,625,24.28,51.78,-1,-1,489,510
2110,1778511187996,1412.9,635,24.27,51.75,-1,-1,490,510
2111,1778511188847,1413.7,633,24.30,51.78,-1,-1,490,510
2112,1778511189491,1414.4,641,24.29,51.75,-1,-1,490,510
2113,1778511190134,1415.0,642,24.28,51.73,-1,-1,490,510
2114,1778511191008,1415.9,642,24.31,51.75,-1,-1,490,510
2115,1778511191859,1416.8,643,24.35,51.77,-1,-1,491,510
2116,1778511192726,1417.6,645,24.39,51.80,-1,-1,491,510
2117,1778511193364,1418.3,638,24.37,51.82,-1,-1,491,510
2118,1778511193992,1418.9,628,24.36,51.79,-1,-1,491,510
2119,1778511194873,1419.8,642,24.40,51.82,-1,-1,491,510
2120,1778511195507,1420.4,633,24.39,51.84,-1,-1,491,510
2121,1778511196145,1421.0,638,24.38,51.86,-1,-1,492,510
2122,1778511196786,1421.7,639,24.36,51.84,-1,-1,492,510
2123,1778511197423,1422.3,637,24.35,51.81,-1,-1,492,510
2124,1778511198289,1423.2,639,24.39,51.84,-1,-1,492,510
2125,1778511198936,1423.8,647,24.38,51.81,-1,-1,492,510
2126,1778511199573,1424.5,637,24.37,51.79,-1,-1,492,510
2127,1778511200417,1425.3,623,24.40,51.81,-1,-1,493,510
2128,1778511201261,1426.2,654,24.44,51.83,-1,-1,493,510
2129,1778511202090,1427.0,636,24.47,51.86,-1,-1,493,510
2130,1778511202722,1427.6,632,24.46,51.88,-1,-1,493,510
2131,1778511203364,1428.3,641,24.45,51.85,-1,-1,493,510
2132,1778511204005,1428.9,640,24.44,51.83,-1,-1,493,510
2133,1778511204856,1429.8,642,24.47,51.85,-1,-1,494,510
2134,1778511205490,1430.4,633,24.46,51.87,-1,-1,494,510
2135,1778511206135,1431.0,645,24.45,51.85,-1,-1,494,510
2136,1778511206774,1431.7,639,24.44,51.83,-1,-1,494,510
2137,1778511207466,1432.4,692,24.43,51.80,-1,-1,494,510
2138,1778511208087,1433.0,621,24.42,51.82,-1,-1,494,510
2139,1778511208732,1433.6,645,24.40,51.80,-1,-1,494,510
2140,1778511209368,1434.3,635,24.39,51.78,-1,-1,495,510
2141,1778511210007,1434.9,639,24.38,51.75,-1,-1,495,510
2142,1778511210652,1435.5,644,24.37,51.73,-1,-1,495,510
2143,1778511211291,1436.2,639,24.36,51.70,-1,-1,495,510
2144,1778511211931,1436.8,640,24.35,51.73,-1,-1,495,510
2145,1778511212570,1437.5,638,24.34,51.75,-1,-1,495,510
2146,1778511213210,1438.1,639,24.32,51.77,-1,-1,496,510
2147,1778511214125,1439.0,640,24.36,51.79,-1,-1,496,510
2148,1778511214762,1439.7,636,24.35,51.77,-1,-1,496,510
2149,1778511215628,1440.5,644,24.38,51.79,-1,-1,496,510
2150,1778511216265,1441.2,636,24.37,51.81,-1,-1,496,510
2151,1778511217067,1442.0,635,24.41,51.84,3722,36,496,510
2152,1778511217702,1442.6,633,24.40,51.86,-1,-1,497,510
2153,1778511218342,1443.2,639,24.38,51.88,-1,-1,497,510
2154,1778511218989,1443.9,647,24.37,51.90,-1,-1,497,510
2155,1778511219629,1444.5,640,24.36,51.88,-1,-1,497,510
2156,1778511220265,1445.2,636,24.35,51.90,-1,-1,497,510
2157,1778511220906,1445.8,641,24.34,51.88,-1,-1,497,510
2158,1778511221544,1446.4,638,24.33,51.90,-1,-1,498,510
2159,1778511222439,1447.3,653,24.36,51.92,-1,-1,498,510
2160,1778511223244,1448.1,631,24.40,51.94,-1,-1,498,510
2161,1778511223887,1448.8,642,24.39,51.97,-1,-1,498,510
2162,1778511224521,1449.4,632,24.38,51.94,-1,-1,498,510
2163,1778511225169,1450.1,648,24.36,51.92,-1,-1,498,510
2164,1778511225942,1450.8,772,24.35,51.94,-1,-1,499,510
2165,1778511226864,1451.8,698,24.39,51.96,-1,-1,499,510
2166,1778511227518,1452.4,654,24.38,51.94,-1,-1,500,510
2167,1778511228221,1453.1,702,24.37,51.96,-1,-1,499,510
2168,1778511229034,1453.9,813,24.35,51.94,-1,-1,499,510
2169,1778511229883,1454.8,848,24.34,51.91,-1,-1,499,510
2170,1778511230551,1455.4,668,24.33,51.94,-1,-1,500,510
2171,1778511231207,1456.1,656,24.32,51.96,-1,-1,500,510
2172,1778511232081,1457.0,646,24.36,51.98,-1,-1,500,510
2173,1778511232724,1457.6,643,24.34,51.96,-1,-1,501,510
2174,1778511233354,1458.2,630,24.33,51.93,-1,-1,500,510
2175,1778511234007,1458.9,652,24.32,51.95,-1,-1,500,510
2176,1778511234632,1459.5,625,24.31,51.98,-1,-1,501,510
2177,1778511235265,1460.2,632,24.30,52.00,-1,-1,501,510
2178,1778511235893,1460.8,628,24.29,51.97,-1,-1,501,510
2179,1778511236531,1461.4,638,24.28,52.00,-1,-1,501,510
2180,1778511237176,1462.1,645,24.27,51.97,-1,-1,501,510
2181,1778511237816,1462.7,640,24.25,51.99,-1,-1,501,510
2182,1778511238477,1463.4,659,24.24,52.02,-1,-1,502,510
2183,1778511239104,1464.0,627,24.23,52.04,-1,-1,503,510
2184,1778511239742,1464.6,637,24.22,52.06,-1,-1,503,510
2185,1778511240400,1465.3,658,24.21,52.04,-1,-1,503,510
2186,1778511241041,1465.9,641,24.20,52.06,-1,-1,503,510
2187,1778511241678,1466.6,637,24.19,52.08,-1,-1,503,510
2188,1778511242328,1467.2,650,24.18,52.10,-1,-1,504,510
2189,1778511242968,1467.9,640,24.17,52.08,-1,-1,504,510
2190,1778511243834,1468.7,670,24.20,52.10,-1,-1,504,510
2191,1778511244470,1469.4,635,24.19,52.08,-1,-1,504,510
2192,1778511245112,1470.0,640,24.18,52.05,-1,-1,504,510
2193,1778511245758,1470.7,645,24.17,52.03,-1,-1,504,510
2194,1778511246444,1471.3,685,24.16,52.05,-1,-1,505,510
2195,1778511247093,1472.0,649,24.15,52.03,-1,-1,505,510
2196,1778511247724,1472.6,630,24.13,52.00,-1,-1,505,510
2197,1778511248613,1473.5,639,24.17,52.03,-1,-1,505,510
2198,1778511249438,1474.3,650,24.20,52.05,-1,-1,505,510
2199,1778511250274,1475.2,630,24.24,52.07,-1,-1,505,510
2200,1778511250913,1475.8,638,24.23,52.05,-1,-1,505,510
2201,1778511251547,1476.4,634,24.22,52.02,3720,38,506,510
2202,1778511252185,1477.1,636,24.21,52.00,-1,-1,506,510
2203,1778511252833,1477.7,648,24.19,52.02,-1,-1,506,510
2204,1778511253486,1478.4,653,24.18,52.00,-1,-1,506,510
2205,1778511254129,1479.0,642,24.17,51.97,-1,-1,506,510
2206,1778511254775,1479.7,645,24.16,51.95,-1,-1,506,510
2207,1778511255417,1480.3,642,24.15,51.93,-1,-1,507,510
2208,1778511256224,1481.1,634,24.18,51.95,-1,-1,507,510
2209,1778511257089,1482.0,634,24.22,51.97,-1,-1,507,510
2210,1778511257733,1482.6,644,24.21,51.99,-1,-1,507,510
2211,1778511258369,1483.3,636,24.20,52.01,-1,-1,507,510
2212,1778511259006,1483.9,636,24.19,51.99,-1,-1,507,510
2213,1778511259642,1484.5,636,24.18,51.97,-1,-1,508,510
2214,1778511260281,1485.2,638,24.16,51.99,-1,-1,508,510
2215,1778511260925,1485.8,644,24.15,52.01,-1,-1,508,510
2216,1778511261560,1486.5,635,24.14,52.03,-1,-1,508,510
2217,1778511262416,1487.3,633,24.18,52.05,-1,-1,508,510
2218,1778511263242,1488.1,632,24.21,52.07,-1,-1,508,510
2219,1778511264099,1489.0,662,24.25,52.10,-1,-1,509,510
2220,1778511264945,1489.8,640,24.28,52.12,-1,-1,509,510
2221,1778511265584,1490.5,639,24.27,52.09,-1,-1,509,510
2222,1778511266219,1491.1,634,24.26,52.07,-1,-1,509,510
2223,1778511266857,1491.8,637,24.25,52.05,-1,-1,509,510
2224,1778511267512,1492.4,655,24.24,52.02,-1,-1,509,510
2225,1778511268148,1493.0,636,24.22,52.00,-1,-1,510,510
2226,1778511268788,1493.7,640,24.21,51.98,-1,-1,510,510
2227,1778511269423,1494.3,635,24.20,51.95,-1,-1,510,510
2228,1778511270073,1495.0,650,24.19,51.93,-1,-1,510,510
2229,1778511270703,1495.6,630,24.18,51.91,-1,-1,484,510
2230,1778511271337,1496.2,633,24.17,51.88,-1,-1,485,510
2231,1778511271971,1496.9,634,24.16,51.86,-1,-1,485,510
2232,1778511272623,1497.5,650,24.15,51.84,-1,-1,485,510
2233,1778511273266,1498.2,643,24.14,51.81,-1,-1,485,510
2234,1778511273905,1498.8,638,24.13,51.84,-1,-1,486,510
2235,1778511274702,1499.6,634,24.16,51.86,-1,-1,485,510
2236,1778511275348,1500.2,645,24.15,51.83,-1,-1,487,510
2237,1778511275978,1500.9,630,24.14,51.81,-1,-1,487,510
2238,1778511276633,1501.5,654,24.13,51.79,-1,-1,487,510
2239,1778511277273,1502.2,640,24.12,51.76,-1,-1,487,510
2240,1778511277897,1502.8,624,24.11,51.74,-1,-1,487,510
2241,1778511278534,1503.4,637,24.10,51.76,-1,-1,487,510
2242,1778511279170,1504.1,635,24.09,51.74,-1,-1,488,510
2243,1778511279812,1504.7,642,24.07,51.72,-1,-1,488,510
2244,1778511280444,1505.3,632,24.06,51.69,-1,-1,488,510
2245,1778511281078,1506.0,634,24.05,51.67,-1,-1,488,510
2246,1778511281950,1506.8,642,24.09,51.69,-1,-1,488,510
2247,1778511282705,1507.6,546,24.12,51.71,-1,-1,488,510
2248,1778511283520,1508.4,632,24.15,51.73,-1,-1,489,510
2249,1778511284105,1509.0,585,24.14,51.76,-1,-1,489,510
2250,1778511284739,1509.6,634,24.13,51.73,-1,-1,489,510
2251,1778511285353,1510.2,613,24.12,51.71,3720,38,489,510
2252,1778511286012,1510.9,657,24.11,51.73,-1,-1,489,510
2253,1778511286653,1511.5,641,24.10,51.75,-1,-1,489,510
2254,1778511287297,1512.2,644,24.09,51.77,-1,-1,490,510
2255,1778511287945,1512.8,648,24.08,51.80,-1,-1,490,510
2256,1778511288577,1513.5,631,24.07,51.77,-1,-1,490,510
2257,1778511289226,1514.1,649,24.06,51.75,-1,-1,490,510
2258,1778511290084,1515.0,644,24.09,51.77,-1,-1,490,510
2259,1778511290721,1515.6,637,24.08,51.75,-1,-1,490,510
2260,1778511291358,1516.3,637,24.07,51.73,-1,-1,491,510
2261,1778511291986,1516.9,627,24.06,51.70,-1,-1,491,510
2262,1778511292625,1517.5,638,24.05,51.68,-1,-1,491,510
2263,1778511293258,1518.2,633,24.04,51.66,-1,-1,491,510
2264,1778511293911,1518.8,652,24.03,51.63,-1,-1,491,510
2265,1778511294560,1519.5,648,24.02,51.61,-1,-1,491,510
2266,1778511295409,1520.3,639,24.05,51.63,-1,-1,491,510
2267,1778511296056,1520.9,647,24.04,51.65,-1,-1,492,510
2268,1778511296688,1521.6,631,24.03,51.68,-1,-1,492,510
2269,1778511297330,1522.2,642,24.02,51.70,-1,-1,492,510
2270,1778511297975,1522.9,645,24.01,51.67,-1,-1,492,510
2271,1778511298825,1523.7,636,24.04,51.70,-1,-1,492,510
2272,1778511299459,1524.4,632,24.03,51.72,-1,-1,492,510
2273,1778511300313,1525.2,639,24.07,51.74,-1,-1,493,510
2274,1778511301154,1526.0,647,24.10,51.76,-1,-1,493,510
2275,1778511301975,1526.9,644,24.13,51.78,-1,-1,493,510
2276,1778511302703,1527.6,728,24.12,51.80,-1,-1,493,510
2277,1778511303426,1528.3,723,24.11,51.78,-1,-1,493,510
2278,1778511304256,1529.2,629,24.14,51.80,-1,-1,494,510
2279,1778511305063,1530.0,647,24.18,51.82,-1,-1,494,510
2280,1778511305697,1530.6,634,24.17,51.80,-1,-1,494,510
2281,1778511306331,1531.2,634,24.16,51.82,-1,-1,494,510
2282,1778511307193,1532.1,641,24.19,51.84,-1,-1,494,510
2283,1778511307846,1532.7,652,24.18,51.82,-1,-1,494,510
2284,1778511308656,1533.6,638,24.21,51.84,-1,-1,494,510
2285,1778511309300,1534.2,644,24.20,51.86,-1,-1,495,510
2286,1778511310125,1535.0,631,24.23,51.88,-1,-1,495,510
2287,1778511310958,1535.9,644,24.27,51.90,-1,-1,495,510
2288,1778511311598,1536.5,639,24.26,51.88,-1,-1,495,510
2289,1778511312404,1537.3,624,24.29,51.90,-1,-1,495,510
2290,1778511313028,1537.9,624,24.28,51.88,-1,-1,495,510
2291,1778511313667,1538.6,639,24.27,51.90,-1,-1,496,510
2292,1778511314305,1539.2,637,24.26,51.92,-1,-1,496,510
2293,1778511315154,1540.0,650,24.29,51.94,-1,-1,496,510
2294,1778511315797,1540.7,643,24.28,51.96,-1,-1,496,510
2295,1778511316468,1541.4,670,24.27,51.98,-1,-1,496,510
2296,1778511317103,1542.0,635,24.26,52.00,-1,-1,496,510
2297,1778511317737,1542.6,633,24.25,52.02,-1,-1,497,510
2298,1778511318371,1543.3,634,24.24,52.05,-1,-1,497,510
2299,1778511319015,1543.9,644,24.23,52.07,-1,-1,497,510
2300,1778511319667,1544.6,652,24.22,52.04,-1,-1,497,510
2301,1778511320306,1545.2,639,24.21,52.02,3718,40,497,510
2302,1778511320955,1545.8,647,24.20,52.00,-1,-1,497,510
2303,1778511321622,1546.5,667,24.19,51.98,-1,-1,498,510
2304,1778511322267,1547.2,644,24.18,51.95,-1,-1,498,510
2305,1778511322911,1547.8,643,24.16,51.93,-1,-1,498,510
2306,1778511323550,1548.4,638,24.15,51.95,-1,-1,498,510
2307,1778511324193,1549.1,642,24.14,51.93,-1,-1,498,510
2308,1778511324836,1549.7,642,24.13,51.91,-1,-1,498,510
2309,1778511325484,1550.4,648,24.12,51.88,-1,-1,498,510
2310,1778511326142,1551.0,658,24.11,51.90,-1,-1,499,510
2311,1778511326805,1551.7,663,24.10,51.88,-1,-1,499,510
2312,1778511327758,1552.7,684,24.13,51.90,-1,-1,499,510
2313,1778511328392,1553.3,634,24.12,51.88,-1,-1,500,510
2314,1778511329021,1553.9,629,24.11,51.90,-1,-1,499,510
2315,1778511329856,1554.8,632,24.15,51.92,-1,-1,499,510
2316,1778511330498,1555.4,641,24.14,51.90,-1,-1,501,510
2317,1778511331320,1556.2,642,24.17,51.92,-1,-1,500,510
2318,1778511332168,1557.1,639,24.20,51.94,-1,-1,500,510
2319,1778511332803,1557.7,634,24.19,51.92,-1,-1,501,510
2320,1778511333666,1558.6,629,24.22,51.94,-1,-1,500,510
2321,1778511334321,1559.2,654,24.21,51.96,-1,-1,501,510
2322,1778511334959,1559.9,635,24.20,51.94,-1,-1,501,510
2323,1778511335767,1560.7,640,24.24,51.96,-1,-1,501,510
2324,1778511336404,1561.3,636,24.23,51.94,-1,-1,502,510
2325,1778511337065,1562.0,661,24.22,51.96,-1,-1,501,510
2326,1778511337688,1562.6,623,24.20,51.98,-1,-1,501,510
2327,1778511338324,1563.2,636,24.19,51.96,-1,-1,501,510
2328,1778511338973,1563.9,648,24.18,51.93,-1,-1,502,510
2329,1778511339607,1564.5,633,24.17,51.95,-1,-1,502,510
2330,1778511340242,1565.1,634,24.16,51.93,-1,-1,503,510
2331,1778511340869,1565.8,626,24.15,51.91,-1,-1,503,510
2332,1778511341502,1566.4,630,24.14,51.89,-1,-1,503,510
2333,1778511342135,1567.0,633,24.13,51.91,-1,-1,503,510
2334,1778511342808,1567.7,673,24.12,51.93,-1,-1,503,510
2335,1778511343444,1568.3,635,24.11,51.91,-1,-1,504,510
2336,1778511344098,1569.0,654,24.10,51.93,-1,-1,504,510
2337,1778511344732,1569.6,634,24.09,51.90,-1,-1,504,510
2338,1778511345374,1570.3,642,24.08,51.88,-1,-1,504,510
2339,1778511346025,1570.9,651,24.07,51.86,-1,-1,504,510
2340,1778511346675,1571.6,649,24.06,51.84,-1,-1,504,510
2341,1778511347312,1572.2,637,24.05,51.82,-1,-1,505,510
2342,1778511347940,1572.8,626,24.04,51.79,-1,-1,505,510
2343,1778511348589,1573.5,648,24.03,51.81,-1,-1,505,510
2344,1778511349537,1574.4,655,24.06,51.83,-1,-1,505,510
2345,1778511350176,1575.1,639,24.05,51.81,-1,-1,505,510
2346,1778511350814,1575.7,638,24.04,51.79,-1,-1,505,510
2347,1778511351453,1576.3,639,24.03,51.81,-1,-1,505,510
2348,1778511352328,1577.2,636,24.06,51.83,-1,-1,506,510
2349,1778511352979,1577.9,650,24.05,51.85,-1,-1,506,510
2350,1778511353624,1578.5,644,24.04,51.87,-1,-1,506,510
2351,1778511354453,1579.3,635,24.07,51.89,3718,40,506,510
2352,1778511355283,1580.2,654,24.11,51.91,-1,-1,506,510
2353,1778511355921,1580.8,638,24.10,51.93,-1,-1,507,510
2354,1778511356550,1581.4,629,24.09,51.95,-1,-1,507,510
2355,1778511357180,1582.1,629,24.08,51.97,-1,-1,507,510
2356,1778511357852,1582.7,672,24.07,51.99,-1,-1,507,510
2357,1778511358733,1583.6,629,24.10,52.02,-1,-1,507,510
2358,1778511359369,1584.3,635,24.09,51.99,-1,-1,507,510
2359,1778511360014,1584.9,645,24.08,52.01,-1,-1,507,510
2360,1778511360659,1585.6,645,24.07,51.99,-1,-1,508,510
2361,1778511361298,1586.2,639,24.06,51.97,-1,-1,508,510
2362,1778511362127,1587.0,633,24.09,51.99,-1,-1,508,510
2363,1778511362758,1587.7,630,24.08,52.01,-1,-1,508,510
2364,1778511363593,1588.5,630,24.11,52.03,-1,-1,508,510
2365,1778511364244,1589.1,650,24.10,52.05,-1,-1,508,510
2366,1778511364874,1589.8,630,24.09,52.07,-1,-1,509,510
2367,1778511365511,1590.4,637,24.08,52.05,-1,-1,509,510
2368,1778511366153,1591.0,641,24.07,52.03,-1,-1,509,510
2369,1778511366800,1591.7,647,24.06,52.01,-1,-1,509,510
2370,1778511367435,1592.3,635,24.05,51.98,-1,-1,509,510
2371,1778511368080,1593.0,645,24.04,51.96,-1,-1,509,510
2372,1778511368719,1593.6,637,24.03,51.94,-1,-1,510,510
2373,1778511369355,1594.2,636,24.02,51.92,-1,-1,510,510
2374,1778511370002,1594.9,646,24.01,51.94,-1,-1,510,510
2375,1778511370624,1595.5,622,24.00,51.96,-1,-1,484,510
2376,1778511371252,1596.1,628,23.99,51.94,-1,-1,484,510
2377,1778511372097,1597.0,637,24.02,51.96,-1,-1,485,510
2378,1778511372944,1597.8,645,24.05,51.98,-1,-1,485,510
2379,1778511373584,1598.5,639,24.04,51.95,-1,-1,486,510
2380,1778511374216,1599.1,632,24.03,51.93,-1,-1,486,510
2381,1778511374855,1599.7,638,24.02,51.95,-1,-1,486,510
2382,1778511375494,1600.4,637,24.01,51.93,-1,-1,486,510
2383,1778511376126,1601.0,632,24.00,51.95,-1,-1,486,510
2384,1778511376775,1601.7,649,23.99,51.97,-1,-1,487,510
2385,1778511377411,1602.3,636,23.98,51.95,-1,-1,487,510
2386,1778511378057,1603.0,646,23.97,51.93,-1,-1,487,510
2387,1778511378886,1603.8,621,24.01,51.95,-1,-1,487,510
2388,1778511379551,1604.4,664,23.99,51.93,-1,-1,487,510
2389,1778511380186,1605.1,635,23.98,51.95,-1,-1,487,510
2390,1778511381050,1605.9,640,24.02,51.97,-1,-1,488,510
2391,1778511381850,1606.7,637,24.05,51.99,-1,-1,488,510
2392,1778511382486,1607.4,635,24.04,52.01,-1,-1,488,510
2393,1778511383121,1608.0,635,24.03,52.03,-1,-1,488,510
2394,1778511383761,1608.7,640,24.02,52.01,-1,-1,488,510
2395,1778511384627,1609.5,644,24.05,52.03,-1,-1,488,510
2396,1778511385272,1610.2,644,24.04,52.05,-1,-1,489,510
2397,1778511385897,1610.8,625,24.03,52.02,-1,-1,489,510
2398,1778511386522,1611.4,625,24.02,52.00,-1,-1,489,510
2399,1778511387156,1612.1,633,24.01,51.98,-1,-1,489,510
2400,1778511388007,1612.9,644,24.04,52.00,-1,-1,489,510
2401,1778511388820,1613.7,641,24.07,52.02,3718,40,489,510
2402,1778511389463,1614.4,642,24.06,52.00,-1,-1,490,510
2403,1778511390090,1615.0,627,24.05,52.02,-1,-1,490,510
2404,1778511390726,1615.6,635,24.04,52.04,-1,-1,490,510
2405,1778511391370,1616.3,643,24.03,52.02,-1,-1,490,510
2406,1778511391997,1616.9,627,24.02,52.00,-1,-1,490,510
2407,1778511392634,1617.5,636,24.01,52.01,-1,-1,490,510
2408,1778511393268,1618.2,634,24.00,51.99,-1,-1,491,510
2409,1778511393906,1618.8,638,23.99,51.97,-1,-1,491,510
2410,1778511394718,1619.6,633,24.02,51.99,-1,-1,491,510
2411,1778511395360,1620.3,641,24.01,51.97,-1,-1,491,510
2412,1778511395989,1620.9,627,24.00,51.99,-1,-1,491,510
2413,1778511396580,1621.5,591,24.00,51.97,-1,-1,491,510
2414,1778511397415,1622.3,627,24.03,51.99,-1,-1,492,510
2415,1778511398050,1622.9,634,24.02,51.97,-1,-1,492,510
2416,1778511398678,1623.6,627,24.01,51.95,-1,-1,492,510
2417,1778511399313,1624.2,635,24.00,51.92,-1,-1,492,510
2418,1778511400157,1625.1,631,24.03,51.94,-1,-1,492,510
2419,1778511400965,1625.9,643,24.06,51.96,-1,-1,492,510
2420,1778511401798,1626.7,640,24.09,51.98,-1,-1,492,510
2421,1778511402623,1627.5,663,24.12,52.00,-1,-1,493,510
2422,1778511403444,1628.3,638,24.15,52.02,-1,-1,493,510
2423,1778511404083,1629.0,639,24.14,52.00,-1,-1,493,510
2424,1778511404717,1629.6,633,24.13,51.98,-1,-1,493,510
2425,1778511405362,1630.3,645,24.12,51.96,-1,-1,493,510
2426,1778511406008,1630.9,646,24.11,51.98,-1,-1,493,510
2427,1778511406646,1631.5,638,24.10,52.00,-1,-1,494,510
2428,1778511407516,1632.4,640,24.14,52.02,-1,-1,494,510
2429,1778511408149,1633.0,633,24.13,52.04,-1,-1,494,510
2430,1778511408782,1633.7,632,24.12,52.06,-1,-1,494,510
2431,1778511409421,1634.3,639,24.11,52.04,-1,-1,494,510
2432,1778511410068,1635.0,645,24.10,52.01,-1,-1,494,510
2433,1778511410707,1635.6,639,24.09,51.99,-1,-1,495,510
2434,1778511411337,1636.2,629,24.08,52.01,-1,-1,495,510
2435,1778511411972,1636.9,634,24.07,51.99,-1,-1,495,510
2436,1778511412618,1637.5,645,24.06,51.97,-1,-1,495,510
2437,1778511413253,1638.1,635,24.05,51.95,-1,-1,495,510
2438,1778511413901,1638.8,647,24.04,51.93,-1,-1,495,510
2439,1778511414760,1639.7,644,24.07,51.95,-1,-1,496,510
2440,1778511415402,1640.3,642,24.06,51.97,-1,-1,496,510
2441,1778511416036,1640.9,634,24.05,51.99,-1,-1,496,510
2442,1778511416674,1641.6,636,24.04,52.01,-1,-1,496,510
2443,1778511417323,1642.2,648,24.03,51.99,-1,-1,496,510
2444,1778511417956,1642.8,633,24.02,51.96,-1,-1,496,510
2445,1778511418843,1643.7,640,24.05,51.98,-1,-1,497,510
2446,1778511419482,1644.4,639,24.04,51.96,-1,-1,497,510
2447,1778511420108,1645.0,626,24.03,51.98,-1,-1,497,510
2448,1778511420729,1645.6,620,24.02,51.96,-1,-1,497,510
2449,1778511421373,1646.3,644,24.01,51.98,-1,-1,497,510
2450,1778511422015,1646.9,642,24.00,52.00,-1,-1,497,510
2451,1778511422651,1647.5,636,23.99,51.98,3716,42,498,510
2452,1778511423300,1648.2,646,23.98,52.00,-1,-1,498,510
2453,1778511423944,1648.8,644,23.97,51.98,-1,-1,498,510
2454,1778511424590,1649.5,646,23.96,51.96,-1,-1,498,510
2455,1778511425235,1650.1,645,23.95,51.93,-1,-1,498,510
2456,1778511425873,1650.8,638,23.94,51.91,-1,-1,498,510
2457,1778511426770,1651.7,637,23.97,51.93,-1,-1,498,510
2458,1778511427617,1652.5,680,24.00,51.95,-1,-1,499,510
2459,1778511428442,1653.3,628,24.03,51.97,-1,-1,499,510
2460,1778511429275,1654.2,630,24.07,51.99,-1,-1,499,510
2461,1778511430110,1655.0,637,24.10,52.01,-1,-1,499,510
2462,1778511430743,1655.6,631,24.09,52.03,-1,-1,500,510
2463,1778511431578,1656.5,631,24.12,52.05,-1,-1,500,510
2464,1778511432440,1657.3,640,24.15,52.07,-1,-1,500,510
2465,1778511433382,1658.3,656,24.18,52.09,-1,-1,500,510
2466,1778511434214,1659.1,634,24.21,52.11,-1,-1,500,510
2467,1778511435042,1659.9,643,24.24,52.13,-1,-1,500,510
2468,1778511435675,1660.6,633,24.23,52.15,-1,-1,502,510
2469,1778511436314,1661.2,639,24.22,52.17,-1,-1,501,510
2470,1778511436950,1661.8,636,24.21,52.15,-1,-1,501,510
2471,1778511437595,1662.5,645,24.20,52.12,-1,-1,501,510
2472,1778511438225,1663.1,629,24.19,52.10,-1,-1,502,510
2473,1778511439058,1664.0,633,24.22,52.12,-1,-1,501,510
2474,1778511439712,1664.6,654,24.21,52.10,-1,-1,502,510
2475,1778511440334,1665.2,622,24.20,52.08,-1,-1,503,510
2476,1778511440970,1665.9,635,24.19,52.10,-1,-1,503,510
2477,1778511441609,1666.5,639,24.18,52.08,-1,-1,503,510
2478,1778511442267,1667.2,658,24.17,52.06,-1,-1,503,510
2479,1778511442908,1667.8,641,24.16,52.04,-1,-1,503,510
2480,1778511443543,1668.4,635,24.15,52.02,-1,-1,503,510
2481,1778511444419,1669.3,650,24.18,52.04,-1,-1,504,510
2482,1778511445070,1670.0,649,24.17,52.05,-1,-1,504,510
2483,1778511445728,1670.6,657,24.16,52.07,-1,-1,504,510
2484,1778511446593,1671.5,624,24.19,52.09,-1,-1,504,510
2485,1778511447444,1672.3,646,24.23,52.11,-1,-1,504,510
2486,1778511448096,1673.0,652,24.22,52.09,-1,-1,504,510
2487,1778511448738,1673.6,642,24.21,52.11,-1,-1,505,510
2488,1778511449567,1674.5,645,24.24,52.13,-1,-1,505,510
2489,1778511450333,1675.2,643,24.27,52.15,-1,-1,505,510
2490,1778511451147,1676.0,649,24.30,52.17,-1,-1,505,510
2491,1778511451992,1676.9,652,24.33,52.19,-1,-1,505,510
2492,1778511452623,1677.5,629,24.32,52.17,-1,-1,505,510
2493,1778511453260,1678.2,636,24.31,52.15,-1,-1,506,510
2494,1778511453891,1678.8,631,24.30,52.13,-1,-1,506,510
2495,1778511454760,1679.7,646,24.33,52.14,-1,-1,506,510
2496,1778511455401,1680.3,641,24.32,52.12,-1,-1,506,510
2497,1778511456039,1680.9,638,24.31,52.10,-1,-1,506,510
2498,1778511456682,1681.6,643,24.30,52.12,-1,-1,506,510
2499,1778511457316,1682.2,634,24.29,52.10,-1,-1,507,510
2500,1778511457948,1682.8,631,24.28,52.08,-1,-1,507,510
2501,1778511458590,1683.5,642,24.27,52.06,3716,42,507,510
2502,1778511459450,1684.3,639,24.30,52.08,-1,-1,507,510
2503,1778511460086,1685.0,635,24.29,52.10,-1,-1,507,510
2504,1778511460724,1685.6,638,24.28,52.08,-1,-1,507,510
2505,1778511461363,1686.3,639,24.27,52.06,-1,-1,508,510
2506,1778511461994,1686.9,631,24.26,52.04,-1,-1,508,510
2507,1778511462845,1687.7,650,24.29,52.05,-1,-1,508,510
2508,1778511463704,1688.6,685,24.32,52.07,-1,-1,508,510
2509,1778511464512,1689.4,631,24.35,52.09,-1,-1,508,510
2510,1778511465148,1690.0,635,24.34,52.07,-1,-1,508,510
2511,1778511465786,1690.7,638,24.33,52.05,-1,-1,509,510
2512,1778511466428,1691.3,641,24.32,52.03,-1,-1,509,510
2513,1778511467060,1692.0,632,24.31,52.05,-1,-1,509,510
2514,1778511467701,1692.6,640,24.30,52.03,-1,-1,509,510
2515,1778511468329,1693.2,628,24.29,52.01,-1,-1,509,510
2516,1778511468968,1693.9,639,24.28,51.99,-1,-1,509,510
2517,1778511469603,1694.5,634,24.27,51.97,-1,-1,509,510
2518,1778511470240,1695.1,637,24.27,51.99,-1,-1,510,510
2519,1778511470879,1695.8,638,24.26,52.00,-1,-1,510,510
2520,1778511471508,1696.4,629,24.25,51.98,-1,-1,510,510
2521,1778511472357,1697.3,631,24.28,52.00,-1,-1,484,510
2522,1778511473148,1698.0,636,24.31,52.02,-1,-1,486,510
2523,1778511473785,1698.7,636,24.30,52.00,-1,-1,486,510
2524,1778511474416,1699.3,631,24.29,52.02,-1,-1,486,510
2525,1778511475047,1699.9,630,24.28,52.04,-1,-1,486,510
2526,1778511475911,1700.8,646,24.31,52.06,-1,-1,486,510
2527,1778511476737,1701.6,641,24.34,52.08,-1,-1,486,510
2528,1778511477369,1702.3,631,24.33,52.10,-1,-1,487,510
2529,1778511478004,1702.9,634,24.32,52.08,-1,-1,487,510
2530,1778511478855,1703.7,629,24.35,52.09,-1,-1,487,510
2531,1778511479495,1704.4,639,24.34,52.11,-1,-1,487,510
2532,1778511480140,1705.0,643,24.33,52.09,-1,-1,487,510
2533,1778511480769,1705.7,628,24.32,52.07,-1,-1,487,510
2534,1778511481570,1706.5,638,24.35,52.09,-1,-1,488,510
2535,1778511482186,1707.1,615,24.34,52.11,-1,-1,488,510
2536,1778511482806,1707.7,619,24.33,52.09,-1,-1,488,510
2537,1778511483442,1708.3,636,24.32,52.07,-1,-1,488,510
2538,1778511484123,1709.0,681,24.31,52.05,-1,-1,488,510
2539,1778511484835,1709.7,712,24.30,52.07,-1,-1,488,510
2540,1778511485480,1710.4,645,24.29,52.09,-1,-1,489,510
2541,1778511486173,1711.1,693,24.28,52.07,-1,-1,489,510
2542,1778511486835,1711.7,660,24.27,52.05,-1,-1,489,510
2543,1778511487516,1712.4,680,24.26,52.06,-1,-1,489,510
2544,1778511488146,1713.0,630,24.25,52.04,-1,-1,489,510
2545,1778511489056,1713.9,631,24.28,52.06,-1,-1,489,510
2546,1778511489701,1714.6,644,24.27,52.04,-1,-1,490,510
2547,1778511490338,1715.2,637,24.26,52.02,-1,-1,490,510
2548,1778511491008,1715.9,669,24.25,52.00,-1,-1,490,510
2549,1778511491649,1716.5,641,24.24,52.02,-1,-1,490,510
2550,1778511492301,1717.2,651,24.24,52.00,-1,-1,490,510
2551,1778511493322,1718.2,628,24.26,52.02,3716,42,490,510
2552,1778511493964,1718.9,636,24.26,52.00,-1,-1,491,510
2553,1778511494613,1719.5,649,24.25,51.98,-1,-1,491,510
2554,1778511495507,1720.4,649,24.28,52.00,-1,-1,491,510
2555,1778511496288,1721.2,651,24.31,52.02,-1,-1,491,510
2556,1778511497161,1722.1,695,24.33,52.03,-1,-1,491,510
2557,1778511497951,1722.8,647,24.36,52.05,-1,-1,491,510
2558,1778511498766,1723.7,663,24.39,52.07,-1,-1,492,510
2559,1778511499403,1724.3,636,24.38,52.05,-1,-1,492,510
2560,1778511500227,1725.1,635,24.41,52.07,-1,-1,492,510
2561,1778511500875,1725.8,648,24.40,52.05,-1,-1,492,510
2562,1778511501519,1726.4,642,24.40,52.07,-1,-1,492,510
2563,1778511502164,1727.1,645,24.39,52.05,-1,-1,492,510
2564,1778511502813,1727.7,648,24.38,52.07,-1,-1,493,510
2565,1778511503448,1728.3,635,24.37,52.09,-1,-1,493,510
2566,1778511504308,1729.2,631,24.40,52.10,-1,-1,493,510
2567,1778511504942,1729.8,634,24.39,52.12,-1,-1,493,510
2568,1778511505762,1730.7,642,24.42,52.14,-1,-1,493,510
2569,1778511506399,1731.3,636,24.41,52.16,-1,-1,493,510
2570,1778511507027,1731.9,628,24.40,52.18,-1,-1,494,510
2571,1778511507661,1732.6,634,24.39,52.20,-1,-1,494,510
2572,1778511508314,1733.2,652,24.38,52.18,-1,-1,494,510
2573,1778511509165,1734.1,631,24.41,52.20,-1,-1,494,510
2574,1778511509801,1734.7,635,24.40,52.18,-1,-1,494,510
2575,1778511510452,1735.3,651,24.39,52.19,-1,-1,494,510
2576,1778511511302,1736.2,623,24.42,52.21,-1,-1,495,510
2577,1778511512136,1737.0,640,24.45,52.23,-1,-1,495,510
2578,1778511512766,1737.7,629,24.44,52.21,-1,-1,495,510
2579,1778511513645,1738.5,649,24.47,52.23,-1,-1,495,510
2580,1778511514276,1739.2,631,24.46,52.25,-1,-1,495,510
2581,1778511515125,1740.0,637,24.49,52.27,-1,-1,495,510
2582,1778511515765,1740.7,636,24.48,52.25,-1,-1,496,510
2583,1778511516394,1741.3,629,24.47,52.26,-1,-1,496,510
2584,1778511517256,1742.2,646,24.50,52.28,-1,-1,496,510
2585,1778511518094,1743.0,635,24.53,52.30,-1,-1,496,510
2586,1778511518734,1743.6,640,24.52,52.28,-1,-1,496,510
2587,1778511519560,1744.5,636,24.55,52.30,-1,-1,497,510
2588,1778511520374,1745.3,628,24.57,52.32,-1,-1,497,510
2589,1778511521206,1746.1,641,24.60,52.34,-1,-1,497,510
2590,1778511522061,1747.0,658,24.63,52.36,-1,-1,497,510
2591,1778511522858,1747.8,635,24.66,52.37,-1,-1,497,510
2592,1778511523723,1748.6,647,24.69,52.39,-1,-1,497,510
2593,1778511524379,1749.3,656,24.68,52.41,-1,-1,498,510
2594,1778511525022,1749.9,643,24.67,52.43,-1,-1,498,510
2595,1778511525671,1750.6,649,24.66,52.45,-1,-1,498,510
2596,1778511526309,1751.2,638,24.65,52.43,-1,-1,498,510
2597,1778511526946,1751.8,637,24.64,52.41,-1,-1,498,510
2598,1778511527585,1752.5,639,24.63,52.39,-1,-1,498,510
2599,1778511528220,1753.1,635,24.62,52.37,-1,-1,499,510
2600,1778511529071,1754.0,640,24.65,52.38,-1,-1,499,510
2601,1778511529963,1754.9,697,24.68,52.40,3714,44,499,510
2602,1778511530738,1755.6,653,24.71,52.42,-1,-1,499,510
2603,1778511531521,1756.4,645,24.74,52.44,-1,-1,499,510
2604,1778511532175,1757.1,653,24.73,52.42,-1,-1,500,510
2605,1778511532877,1757.8,702,24.72,52.40,-1,-1,500,510
2606,1778511533695,1758.6,640,24.75,52.42,-1,-1,500,510
2607,1778511534504,1759.4,624,24.78,52.44,-1,-1,500,510
2608,1778511535137,1760.0,633,24.77,52.42,-1,-1,501,510
2609,1778511535804,1760.7,666,24.76,52.40,-1,-1,500,510
2610,1778511536628,1761.5,624,24.79,52.41,-1,-1,500,510
2611,1778511537452,1762.3,643,24.82,52.43,-1,-1,501,510
2612,1778511538089,1763.0,635,24.81,52.41,-1,-1,502,510
2613,1778511538710,1763.6,620,24.80,52.39,-1,-1,502,510
2614,1778511539346,1764.2,636,24.79,52.41,-1,-1,502,510
2615,1778511539990,1764.9,644,24.78,52.43,-1,-1,502,510
2616,1778511540636,1765.5,646,24.77,52.45,-1,-1,502,510
2617,1778511541280,1766.2,643,24.76,52.46,-1,-1,502,510
2618,1778511541980,1766.9,700,24.75,52.44,-1,-1,503,510
2619,1778511542599,1767.5,619,24.74,52.42,-1,-1,503,510
2620,1778511543473,1768.4,635,24.77,52.44,-1,-1,503,510
2621,1778511544249,1769.1,631,24.80,52.46,-1,-1,503,510
2622,1778511544899,1769.8,648,24.79,52.48,-1,-1,503,510
2623,1778511545537,1770.4,638,24.78,52.46,-1,-1,503,510
2624,1778511546169,1771.1,632,24.77,52.44,-1,-1,504,510
2625,1778511546784,1771.7,614,24.76,52.42,-1,-1,504,510
2626,1778511547650,1772.5,625,24.79,52.44,-1,-1,504,510
2627,1778511548508,1773.4,643,24.82,52.46,-1,-1,504,510
2628,1778511549233,1774.1,724,24.81,52.47,-1,-1,504,510
2629,1778511549934,1774.8,700,24.80,52.49,-1,-1,504,510
2630,1778511550653,1775.5,719,24.79,52.47,-1,-1,505,510
2631,1778511551394,1776.3,741,24.78,52.45,-1,-1,505,510
2632,1778511552481,1777.4,729,24.81,52.47,-1,-1,505,510
2633,1778511553201,1778.1,719,24.80,52.49,-1,-1,505,510
2634,1778511554177,1779.1,721,24.83,52.51,-1,-1,505,510
2635,1778511555080,1780.0,716,24.86,52.52,-1,-1,505,510
2636,1778511555826,1780.7,746,24.85,52.54,-1,-1,505,510
2637,1778511556521,1781.4,695,24.84,52.56,-1,-1,506,510
2638,1778511557225,1782.1,704,24.83,52.58,-1,-1,506,510
2639,1778511557944,1782.8,719,24.82,52.60,-1,-1,506,510
2640,1778511558666,1783.6,722,24.81,52.61,-1,-1,506,510
2641,1778511559389,1784.3,723,24.80,52.63,-1,-1,506,510
2642,1778511560369,1785.3,718,24.83,52.65,-1,-1,506,510
2643,1778511561252,1786.1,731,24.86,52.67,-1,-1,507,510
2644,1778511561958,1786.9,704,24.85,52.65,-1,-1,507,510
2645,1778511562667,1787.6,708,24.84,52.63,-1,-1,507,510
2646,1778511563424,1788.3,757,24.83,52.65,-1,-1,507,510
2647,1778511564132,1789.0,707,24.82,52.66,-1,-1,507,510
2648,1778511564838,1789.7,706,24.81,52.68,-1,-1,507,510
2649,1778511565556,1790.4,717,24.80,52.70,-1,-1,508,510
2650,1778511566620,1791.5,741,24.83,52.72,-1,-1,508,510
2651,1778511567525,1792.4,710,24.86,52.73,3712,46,508,510
2652,1778511568232,1793.1,704,24.85,52.71,-1,-1,508,510
2653,1778511568945,1793.8,712,24.84,52.70,-1,-1,508,510
2654,1778511569729,1794.6,783,24.83,52.68,-1,-1,508,510
2655,1778511570423,1795.3,694,24.82,52.66,-1,-1,509,510
2656,1778511571416,1796.3,720,24.85,52.67,-1,-1,509,510
2657,1778511572320,1797.2,698,24.88,52.69,-1,-1,509,510
2658,1778511573040,1797.9,719,24.87,52.71,-1,-1,509,510
2659,1778511573772,1798.7,732,24.86,52.73,-1,-1,509,510
2660,1778511574519,1799.4,746,24.85,52.74,-1,-1,509,510
2661,1778511575257,1800.2,737,24.84,52.76,-1,-1,509,510
2662,1778511575976,1800.9,716,24.83,52.78,-1,-1,510,510
2663,1778511576701,1801.6,725,24.82,52.80,-1,-1,510,510
2664,1778511577418,1802.3,717,24.81,52.78,-1,-1,485,510
2665,1778511578145,1803.0,727,24.80,52.76,-1,-1,485,510
2666,1778511579117,1804.0,696,24.83,52.78,-1,-1,486,510
2667,1778511580016,1804.9,722,24.86,52.79,-1,-1,486,510
2668,1778511580735,1805.6,719,24.85,52.81,-1,-1,486,510
2669,1778511581452,1806.3,716,24.84,52.83,-1,-1,486,510
2670,1778511582375,1807.3,688,24.87,52.85,-1,-1,486,510
2671,1778511583268,1808.2,721,24.90,52.86,-1,-1,486,510
2672,1778511583973,1808.9,703,24.89,52.84,-1,-1,487,510
2673,1778511584739,1809.6,766,24.88,52.82,-1,-1,487,510
2674,1778511585455,1810.3,716,24.87,52.84,-1,-1,487,510
2675,1778511586163,1811.1,708,24.86,52.82,-1,-1,487,510
2676,1778511586896,1811.8,732,24.85,52.80,-1,-1,487,510
2677,1778511587647,1812.5,751,24.84,52.78,-1,-1,487,510
2678,1778511588371,1813.3,724,24.83,52.76,-1,-1,487,510
2679,1778511589103,1814.0,731,24.82,52.74,-1,-1,488,510
2680,1778511590026,1814.9,709,24.85,52.76,-1,-1,488,510
2681,1778511590931,1815.8,712,24.88,52.78,-1,-1,488,510
2682,1778511591847,1816.7,696,24.91,52.80,-1,-1,488,510
2683,1778511592681,1817.6,707,24.93,52.81,-1,-1,488,510
2684,1778511593445,1818.3,764,24.93,52.83,-1,-1,488,510
2685,1778511594143,1819.0,698,24.92,52.85,-1,-1,489,510
2686,1778511595083,1820.0,703,24.94,52.87,-1,-1,489,510
2687,1778511595964,1820.9,703,24.97,52.88,-1,-1,489,510
2688,1778511596684,1821.6,719,24.96,52.86,-1,-1,489,510
2689,1778511597402,1822.3,718,24.95,52.84,-1,-1,489,510
2690,1778511598134,1823.0,732,24.94,52.86,-1,-1,489,510
2691,1778511598856,1823.8,721,24.93,52.88,-1,-1,490,510
2692,1778511599583,1824.5,724,24.93,52.86,-1,-1,490,510
2693,1778511600315,1825.2,732,24.92,52.84,-1,-1,490,510
2694,1778511600989,1825.9,674,24.91,52.82,-1,-1,490,510
2695,1778511601732,1826.6,743,24.90,52.80,-1,-1,490,510
2696,1778511602674,1827.6,712,24.93,52.82,-1,-1,490,510
2697,1778511603529,1828.4,716,24.95,52.84,-1,-1,491,510
2698,1778511604239,1829.1,709,24.94,52.82,-1,-1,491,510
2699,1778511604959,1829.9,719,24.94,52.80,-1,-1,491,510
2700,1778511605676,1830.6,717,24.93,52.78,-1,-1,491,510
2701,1778511606393,1831.3,717,24.92,52.76,3712,46,491,510
2702,1778511607124,1832.0,728,24.91,52.78,-1,-1,491,510
2703,1778511607844,1832.7,720,24.90,52.79,-1,-1,491,510
2704,1778511608586,1833.5,742,24.89,52.81,-1,-1,492,510
2705,1778511609305,1834.2,719,24.88,52.83,-1,-1,492,510
2706,1778511610290,1835.2,732,24.91,52.85,-1,-1,492,510
2707,1778511611180,1836.1,721,24.94,52.86,-1,-1,492,510
2708,1778511611908,1836.8,726,24.93,52.84,-1,-1,492,510
2709,1778511612620,1837.5,712,24.92,52.82,-1,-1,492,510
2710,1778511613333,1838.2,713,24.91,52.80,-1,-1,493,510
2711,1778511614062,1839.0,729,24.90,52.78,-1,-1,493,510
2712,1778511614832,1839.7,768,24.89,52.77,-1,-1,493,510
2713,1778511615544,1840.4,711,24.88,52.75,-1,-1,493,510
2714,1778511616522,1841.4,707,24.91,52.76,-1,-1,493,510
2715,1778511617237,1842.1,714,24.90,52.78,-1,-1,493,510
2716,1778511617991,1842.9,753,24.89,52.76,-1,-1,493,510
2717,1778511618707,1843.6,715,24.88,52.74,-1,-1,494,510
2718,1778511619441,1844.3,734,24.87,52.72,-1,-1,494,510
2719,1778511620188,1845.1,746,24.86,52.70,-1,-1,494,510
2720,1778511621150,1846.0,716,24.89,52.72,-1,-1,494,510
2721,1778511622050,1846.9,707,24.92,52.74,-1,-1,494,510
2722,1778511622776,1847.7,723,24.91,52.72,-1,-1,494,510
2723,1778511623549,1848.4,773,24.90,52.70,-1,-1,495,510
2724,1778511624259,1849.2,710,24.89,52.72,-1,-1,495,510
2725,1778511624964,1849.9,705,24.88,52.73,-1,-1,495,510
2726,1778511625975,1850.9,727,24.91,52.75,-1,-1,495,510
2727,1778511626929,1851.8,770,24.94,52.77,-1,-1,495,510
2728,1778511627654,1852.5,724,24.93,52.75,-1,-1,495,510
2729,1778511628390,1853.3,736,24.92,52.73,-1,-1,496,510
2730,1778511629091,1854.0,700,24.91,52.71,-1,-1,496,510
2731,1778511629804,1854.7,713,24.90,52.69,-1,-1,496,510
2732,1778511630517,1855.4,711,24.89,52.67,-1,-1,496,510
2733,1778511631296,1856.2,778,24.88,52.65,-1,-1,496,510
2734,1778511632031,1856.9,735,24.87,52.63,-1,-1,496,510
2735,1778511632754,1857.6,722,24.86,52.61,-1,-1,496,510
2736,1778511633496,1858.4,742,24.85,52.60,-1,-1,497,510
2737,1778511634236,1859.1,739,24.84,52.58,-1,-1,497,510
2738,1778511634989,1859.9,753,24.84,52.56,-1,-1,497,510
2739,1778511635728,1860.6,739,24.83,52.54,-1,-1,497,510
2740,1778511636688,1861.6,716,24.85,52.55,-1,-1,497,510
2741,1778511637550,1862.4,696,24.88,52.57,-1,-1,497,510
2742,1778511638268,1863.2,716,24.87,52.55,-1,-1,499,510
2743,1778511638986,1863.9,718,24.86,52.53,-1,-1,498,510
2744,1778511639874,1864.8,706,24.89,52.55,-1,-1,498,510
2745,1778511640740,1865.6,711,24.92,52.57,-1,-1,498,510
2746,1778511641463,1866.4,723,24.91,52.55,-1,-1,499,510
2747,1778511642168,1867.1,704,24.90,52.53,-1,-1,498,510
2748,1778511643103,1868.0,737,24.93,52.55,-1,-1,499,510
2749,1778511643997,1868.9,735,24.95,52.56,-1,-1,499,510
2750,1778511644708,1869.6,710,24.95,52.58,-1,-1,500,510
2751,1778511645638,1870.5,718,24.97,52.60,3710,48,499,510
2752,1778511646357,1871.3,716,24.96,52.62,-1,-1,500,510
2753,1778511647063,1872.0,706,24.95,52.63,-1,-1,499,510
2754,1778511647777,1872.7,713,24.95,52.65,-1,-1,501,510
2755,1778511648745,1873.6,699,24.97,52.67,-1,-1,500,510
2756,1778511649676,1874.6,737,25.00,52.69,-1,-1,501,510
2757,1778511650577,1875.5,703,25.03,52.70,-1,-1,501,510
2758,1778511651530,1876.4,725,25.05,52.72,-1,-1,501,510
2759,1778511652399,1877.3,716,25.08,52.74,-1,-1,501,510
2760,1778511653285,1878.2,705,25.11,52.75,-1,-1,502,510
2761,1778511654170,1879.1,722,25.14,52.77,-1,-1,502,510
2762,1778511654900,1879.8,728,25.13,52.79,-1,-1,502,510
2763,1778511655603,1880.5,702,25.12,52.80,-1,-1,502,510
2764,1778511656341,1881.2,738,25.11,52.79,-1,-1,502,510
2765,1778511657114,1882.0,773,25.10,52.77,-1,-1,502,510
2766,1778511658091,1883.0,709,25.13,52.78,-1,-1,502,510
2767,1778511658960,1883.9,718,25.15,52.80,-1,-1,503,510
2768,1778511659723,1884.6,762,25.14,52.78,-1,-1,503,510
2769,1778511660441,1885.3,718,25.14,52.76,-1,-1,503,510
2770,1778511661165,1886.1,724,25.13,52.74,-1,-1,503,510
2771,1778511661886,1886.8,721,25.12,52.72,-1,-1,503,510
2772,1778511662603,1887.5,714,25.11,52.74,-1,-1,503,510
2773,1778511663314,1888.2,711,25.10,52.76,-1,-1,504,510
2774,1778511664059,1889.0,745,25.09,52.74,-1,-1,504,510
2775,1778511664764,1889.7,705,25.08,52.72,-1,-1,504,510
2776,1778511665479,1890.4,715,25.07,52.74,-1,-1,504,510
2777,1778511666226,1891.1,747,25.06,52.75,-1,-1,504,510
2778,1778511666929,1891.8,703,25.05,52.77,-1,-1,504,510
2779,1778511667641,1892.5,712,25.04,52.79,-1,-1,504,510
2780,1778511668390,1893.3,749,25.04,52.81,-1,-1,505,510
2781,1778511669100,1894.0,710,25.03,52.82,-1,-1,505,510
2782,1778511669814,1894.7,709,25.02,52.80,-1,-1,505,510
2783,1778511670532,1895.4,718,25.01,52.78,-1,-1,505,510
2784,1778511671250,1896.1,718,25.00,52.80,-1,-1,505,510
2785,1778511671971,1896.9,721,24.99,52.82,-1,-1,505,510
2786,1778511672941,1897.8,733,25.02,52.84,-1,-1,506,510
2787,1778511673895,1898.8,727,25.04,52.85,-1,-1,506,510
2788,1778511674602,1899.5,706,25.04,52.87,-1,-1,506,510
2789,1778511675315,1900.2,712,25.03,52.89,-1,-1,506,510
2790,1778511676337,1901.2,755,25.05,52.90,-1,-1,506,510
2791,1778511677255,1902.1,712,25.08,52.92,-1,-1,506,510
2792,1778511677979,1902.9,719,25.07,52.94,-1,-1,507,510
2793,1778511678691,1903.6,711,25.06,52.95,-1,-1,507,510
2794,1778511679419,1904.3,728,25.05,52.93,-1,-1,507,510
2795,1778511680216,1905.1,797,25.04,52.92,-1,-1,507,510
2796,1778511680931,1905.8,714,25.04,52.93,-1,-1,507,510
2797,1778511681644,1906.5,713,25.03,52.95,-1,-1,507,510
2798,1778511682360,1907.3,716,25.02,52.97,-1,-1,508,510
2799,1778511683094,1908.0,734,25.01,52.95,-1,-1,508,510
2800,1778511683791,1908.7,697,25.00,52.93,-1,-1,508,510
2801,1778511684548,1909.4,756,24.99,52.91,3710,48,508,510
2802,1778511685261,1910.2,709,24.98,52.93,-1,-1,508,510
2803,1778511685975,1910.9,714,24.97,52.91,-1,-1,508,510
2804,1778511686678,1911.6,703,24.96,52.89,-1,-1,508,510
2805,1778511687429,1912.3,750,24.96,52.87,-1,-1,509,510
2806,1778511688396,1913.3,707,24.98,52.89,-1,-1,509,510
2807,1778511689289,1914.2,709,25.01,52.90,-1,-1,509,510
2808,1778511690260,1915.2,787,25.04,52.92,-1,-1,509,510
2809,1778511691161,1916.1,716,25.06,52.94,-1,-1,509,510
2810,1778511692243,1917.1,705,25.09,52.95,-1,-1,509,510
2811,1778511693370,1918.3,740,25.12,52.97,-1,-1,510,510
2812,1778511694310,1919.2,727,25.14,52.99,-1,-1,510,510
2813,1778511695253,1920.1,784,25.17,53.00,-1,-1,510,510
2814,1778511695988,1920.9,734,25.16,53.02,-1,-1,486,510
2815,1778511696718,1921.6,730,25.15,53.04,-1,-1,486,510
2816,1778511697456,1922.3,738,25.14,53.02,-1,-1,486,510
2817,1778511698158,1923.1,702,25.13,53.00,-1,-1,486,510
2818,1778511699090,1924.0,684,25.16,53.02,-1,-1,486,510
2819,1778511699968,1924.9,721,25.19,53.03,-1,-1,486,510
2820,1778511700869,1925.8,707,25.21,53.05,-1,-1,487,510
2821,1778511701796,1926.7,774,25.24,53.07,-1,-1,487,510
2822,1778511702675,1927.6,706,25.27,53.08,-1,-1,487,510
2823,1778511703618,1928.5,762,25.29,53.10,-1,-1,487,510
2824,1778511704517,1929.4,707,25.32,53.12,-1,-1,487,510
2825,1778511705516,1930.4,771,25.35,53.13,-1,-1,487,510
2826,1778511706229,1931.1,712,25.34,53.11,-1,-1,488,510
2827,1778511706944,1931.8,714,25.33,53.10,-1,-1,488,510
2828,1778511707635,1932.5,690,25.32,53.08,-1,-1,488,510
2829,1778511708426,1933.3,790,25.31,53.06,-1,-1,488,510
2830,1778511709138,1934.0,712,25.30,53.04,-1,-1,488,510
2831,1778511709858,1934.8,720,25.29,53.02,-1,-1,488,510
2832,1778511710565,1935.5,703,25.28,53.04,-1,-1,488,510
2833,1778511711315,1936.2,750,25.27,53.05,-1,-1,489,510
2834,1778511712346,1937.2,721,25.30,53.07,-1,-1,489,510
2835,1778511713249,1938.1,726,25.33,53.09,-1,-1,489,510
2836,1778511713959,1938.9,710,25.32,53.07,-1,-1,489,510
2837,1778511714660,1939.6,701,25.31,53.05,-1,-1,489,510
2838,1778511715376,1940.3,716,25.30,53.03,-1,-1,489,510
2839,1778511716089,1941.0,712,25.29,53.01,-1,-1,490,510
2840,1778511716852,1941.7,763,25.28,52.99,-1,-1,490,510
2841,1778511717592,1942.5,740,25.27,52.97,-1,-1,490,510
2842,1778511718314,1943.2,719,25.26,52.96,-1,-1,490,510
2843,1778511719034,1943.9,720,25.26,52.97,-1,-1,490,510
2844,1778511720166,1945.1,802,25.28,52.99,-1,-1,490,510
2845,1778511721059,1946.0,692,25.31,53.01,-1,-1,491,510
2846,1778511721757,1946.7,697,25.30,52.99,-1,-1,491,510
2847,1778511722469,1947.4,711,25.29,52.97,-1,-1,491,510
2848,1778511723341,1948.2,699,25.32,52.98,-1,-1,491,510
2849,1778511724270,1949.2,728,25.34,53.00,-1,-1,491,510
2850,1778511724989,1949.9,718,25.33,52.98,-1,-1,491,510
2851,1778511725705,1950.6,716,25.32,52.96,3708,50,492,510
2852,1778511726428,1951.3,720,25.32,52.95,-1,-1,492,510
2853,1778511727181,1952.1,753,25.31,52.93,-1,-1,492,510
2854,1778511727972,1952.9,791,25.30,52.94,-1,-1,492,510
2855,1778511728683,1953.6,711,25.29,52.96,-1,-1,492,510
2856,1778511729681,1954.6,704,25.32,52.98,-1,-1,492,510
2857,1778511730596,1955.5,706,25.34,52.99,-1,-1,492,510
2858,1778511731593,1956.5,712,25.37,53.01,-1,-1,493,510
2859,1778511732308,1957.2,715,25.36,53.03,-1,-1,493,510
2860,1778511733011,1957.9,703,25.35,53.04,-1,-1,493,510
2861,1778511733733,1958.6,722,25.34,53.06,-1,-1,493,510
2862,1778511734443,1959.3,708,25.33,53.04,-1,-1,493,510
2863,1778511735161,1960.1,717,25.32,53.02,-1,-1,493,510
2864,1778511735870,1960.8,709,25.31,53.04,-1,-1,494,510
2865,1778511736576,1961.5,706,25.31,53.05,-1,-1,494,510
2866,1778511737298,1962.2,722,25.30,53.04,-1,-1,494,510
2867,1778511738001,1962.9,703,25.29,53.02,-1,-1,494,510
2868,1778511738717,1963.6,716,25.28,53.03,-1,-1,494,510
2869,1778511739437,1964.3,720,25.27,53.05,-1,-1,494,510
2870,1778511740169,1965.1,731,25.26,53.07,-1,-1,494,510
2871,1778511740892,1965.8,723,25.25,53.08,-1,-1,495,510
2872,1778511741860,1966.8,727,25.28,53.10,-1,-1,495,510
2873,1778511742750,1967.6,715,25.30,53.12,-1,-1,495,510
2874,1778511743452,1968.3,702,25.30,53.10,-1,-1,495,510
2875,1778511744227,1969.1,775,25.29,53.08,-1,-1,495,510
2876,1778511745204,1970.1,698,25.31,53.09,-1,-1,495,510
2877,1778511746115,1971.0,709,25.34,53.11,-1,-1,496,510
2878,1778511747041,1971.9,729,25.36,53.13,-1,-1,496,510
2879,1778511747908,1972.8,724,25.39,53.14,-1,-1,496,510
2880,1778511748797,1973.7,713,25.42,53.16,-1,-1,496,510
2881,1778511749698,1974.6,711,25.44,53.18,-1,-1,496,510
2882,1778511750419,1975.3,716,25.43,53.19,-1,-1,496,510
2883,1778511751152,1976.0,733,25.42,53.17,-1,-1,497,510
2884,1778511751888,1976.8,735,25.42,53.19,-1,-1,497,510
2885,1778511752603,1977.5,715,25.41,53.21,-1,-1,497,510
2886,1778511753325,1978.2,722,25.40,53.22,-1,-1,497,510
2887,1778511754032,1978.9,707,25.39,53.24,-1,-1,497,510
2888,1778511754744,1979.6,711,25.38,53.22,-1,-1,497,510
2889,1778511755443,1980.3,698,25.37,53.20,-1,-1,498,510
2890,1778511756169,1981.1,726,25.36,53.22,-1,-1,498,510
2891,1778511756908,1981.8,739,25.35,53.23,-1,-1,498,510
2892,1778511757635,1982.5,724,25.35,53.22,-1,-1,498,510
2893,1778511758352,1983.2,717,25.34,53.23,-1,-1,498,510
2894,1778511759063,1984.0,711,25.33,53.25,-1,-1,498,510
2895,1778511759784,1984.7,720,25.32,53.26,-1,-1,498,510
2896,1778511760789,1985.7,710,25.35,53.28,-1,-1,499,510
2897,1778511761699,1986.6,709,25.37,53.30,-1,-1,499,510
2898,1778511762418,1987.3,718,25.36,53.28,-1,-1,500,510
2899,1778511763129,1988.0,711,25.35,53.26,-1,-1,499,510
2900,1778511764067,1989.0,707,25.38,53.28,-1,-1,499,510
2901,1778511765088,1990.0,741,25.41,53.29,3708,50,499,510
2902,1778511765808,1990.7,713,25.40,53.31,-1,-1,501,510
2903,1778511766513,1991.4,704,25.39,53.32,-1,-1,500,510
2904,1778511767214,1992.1,700,25.38,53.31,-1,-1,501,510
2905,1778511767954,1992.8,740,25.37,53.29,-1,-1,501,510
2906,1778511768663,1993.6,709,25.36,53.30,-1,-1,501,510
2907,1778511769378,1994.3,714,25.35,53.32,-1,-1,501,510
2908,1778511770100,1995.0,721,25.34,53.34,-1,-1,502,510
2909,1778511770826,1995.7,726,25.34,53.35,-1,-1,502,510
2910,1778511771557,1996.5,731,25.33,53.37,-1,-1,502,510
2911,1778511772290,1997.2,733,25.32,53.38,-1,-1,502,510
2912,1778511772995,1997.9,702,25.31,53.40,-1,-1,502,510
2913,1778511773703,1998.6,708,25.30,53.42,-1,-1,502,510
2914,1778511774411,1999.3,707,25.29,53.40,-1,-1,502,510
2915,1778511775104,2000.0,693,25.28,53.38,-1,-1,503,510
2916,1778511776091,2001.0,709,25.31,53.40,-1,-1,503,510
2917,1778511777025,2001.9,708,25.33,53.41,-1,-1,503,510
2918,1778511777947,2002.8,708,25.36,53.43,-1,-1,503,510
2919,1778511778851,2003.7,711,25.39,53.44,-1,-1,503,510
2920,1778511779786,2004.7,726,25.41,53.46,-1,-1,503,510
2921,1778511780665,2005.6,723,25.44,53.47,-1,-1,504,510
2922,1778511781567,2006.5,711,25.46,53.49,-1,-1,504,510
2923,1778511782436,2007.3,702,25.49,53.51,-1,-1,504,510
2924,1778511783378,2008.3,729,25.51,53.52,-1,-1,504,510
2925,1778511784269,2009.2,717,25.54,53.54,-1,-1,504,510
2926,1778511785221,2010.1,711,25.56,53.55,-1,-1,504,510
2927,1778511786246,2011.1,755,25.59,53.57,-1,-1,505,510
2928,1778511786949,2011.8,702,25.58,53.55,-1,-1,505,510
2929,1778511787665,2012.6,716,25.57,53.53,-1,-1,505,510
2930,1778511788400,2013.3,735,25.56,53.52,-1,-1,505,510
2931,1778511789168,2014.1,768,25.55,53.50,-1,-1,505,510
2932,1778511789892,2014.8,719,25.55,53.51,-1,-1,505,510
2933,1778511790604,2015.5,712,25.54,53.53,-1,-1,506,510
2934,1778511791534,2016.4,716,25.56,53.54,-1,-1,506,510
2935,1778511792386,2017.3,717,25.59,53.56,-1,-1,506,510
2936,1778511793295,2018.2,713,25.61,53.58,-1,-1,506,510
2937,1778511794004,2018.9,708,25.60,53.59,-1,-1,506,510
2938,1778511794732,2019.6,728,25.60,53.61,-1,-1,506,510
2939,1778511795445,2020.3,713,25.59,53.62,-1,-1,507,510
2940,1778511796154,2021.0,709,25.58,53.61,-1,-1,507,510
2941,1778511796859,2021.8,705,25.57,53.59,-1,-1,507,510
2942,1778511797779,2022.7,726,25.59,53.60,-1,-1,507,510
2943,1778511798703,2023.6,719,25.62,53.62,-1,-1,507,510
2944,1778511799419,2024.3,716,25.61,53.60,-1,-1,507,510
2945,1778511800139,2025.0,719,25.60,53.58,-1,-1,507,510
2946,1778511801072,2026.0,709,25.63,53.60,-1,-1,508,510
2947,1778511801973,2026.9,707,25.65,53.61,-1,-1,508,510
2948,1778511802707,2027.6,733,25.64,53.60,-1,-1,508,510
2949,1778511803416,2028.3,709,25.64,53.58,-1,-1,508,510
2950,1778511804144,2029.0,728,25.63,53.56,-1,-1,508,510
2951,1778511804872,2029.8,728,25.62,53.54,3706,52,508,510
2952,1778511805796,2030.7,715,25.64,53.56,-1,-1,509,510
2953,1778511806713,2031.6,711,25.67,53.57,-1,-1,509,510
2954,1778511807688,2032.6,763,25.69,53.59,-1,-1,509,510
2955,1778511808597,2033.5,718,25.72,53.60,-1,-1,509,510
2956,1778511809340,2034.2,743,25.71,53.59,-1,-1,509,510
2957,1778511810050,2034.9,710,25.70,53.57,-1,-1,509,510
2958,1778511810758,2035.7,708,25.69,53.58,-1,-1,510,510
2959,1778511811477,2036.4,718,25.68,53.60,-1,-1,510,510
2960,1778511812227,2037.1,750,25.68,53.61,-1,-1,510,510
2961,1778511812954,2037.8,727,25.67,53.63,-1,-1,510,510
2962,1778511813744,2038.6,785,25.66,53.65,-1,-1,484,510
2963,1778511814466,2039.4,722,25.65,53.66,-1,-1,484,510
2964,1778511815178,2040.1,712,25.64,53.64,-1,-1,486,510
2965,1778511815892,2040.8,713,25.63,53.63,-1,-1,486,510
2966,1778511816909,2041.8,715,25.66,53.64,-1,-1,485,510
2967,1778511817762,2042.7,706,25.68,53.66,-1,-1,486,510
2968,1778511818468,2043.4,706,25.67,53.67,-1,-1,486,510
2969,1778511819164,2044.1,696,25.67,53.69,-1,-1,486,510
2970,1778511819923,2044.8,759,25.66,53.67,-1,-1,487,510
2971,1778511820648,2045.5,725,25.65,53.69,-1,-1,487,510
2972,1778511821411,2046.3,760,25.64,53.67,-1,-1,487,510
2973,1778511822121,2047.0,709,25.63,53.68,-1,-1,487,510
2974,1778511823136,2048.0,723,25.66,53.70,-1,-1,487,510
2975,1778511823862,2048.8,725,25.65,53.68,-1,-1,487,510
2976,1778511824577,2049.5,715,25.64,53.66,-1,-1,487,510
2977,1778511825306,2050.2,728,25.63,53.64,-1,-1,488,510
2978,1778511826032,2050.9,726,25.62,53.63,-1,-1,488,510
2979,1778511826987,2051.9,714,25.65,53.64,-1,-1,488,510
2980,1778511827955,2052.8,730,25.67,53.66,-1,-1,488,510
2981,1778511828692,2053.6,736,25.66,53.64,-1,-1,488,510
2982,1778511829422,2054.3,727,25.65,53.62,-1,-1,488,510
2983,1778511830417,2055.3,744,25.68,53.64,-1,-1,489,510
2984,1778511831154,2056.0,736,25.67,53.62,-1,-1,489,510
2985,1778511831884,2056.8,730,25.66,53.60,-1,-1,489,510
2986,1778511832607,2057.5,723,25.65,53.62,-1,-1,489,510
2987,1778511833539,2058.4,715,25.68,53.63,-1,-1,489,510
2988,1778511834250,2059.1,711,25.67,53.61,-1,-1,489,510
2989,1778511834962,2059.9,712,25.66,53.63,-1,-1,490,510
2990,1778511835676,2060.6,714,25.65,53.65,-1,-1,490,510
2991,1778511836390,2061.3,714,25.64,53.63,-1,-1,490,510
2992,1778511837106,2062.0,713,25.64,53.61,-1,-1,490,510
2993,1778511837886,2062.8,780,25.63,53.63,-1,-1,490,510
2994,1778511838898,2063.8,699,25.65,53.64,-1,-1,490,510
2995,1778511839691,2064.6,793,25.64,53.66,-1,-1,490,510
2996,1778511840417,2065.3,725,25.63,53.67,-1,-1,491,510
2997,1778511841380,2066.3,713,25.66,53.69,-1,-1,491,510
2998,1778511842145,2067.0,765,25.65,53.67,-1,-1,491,510
2999,1778511842851,2067.7,706,25.64,53.68,-1,-1,491,510
3000,1778511843557,2068.5,705,25.63,53.70,-1,-1,491,510
3001,1778511844265,2069.2,708,25.62,53.68,3706,52,491,510
3002,1778511844997,2069.9,727,25.62,53.66,-1,-1,492,510
3003,1778511846026,2070.9,719,25.64,53.68,-1,-1,492,510
3004,1778511846737,2071.6,710,25.63,53.70,-1,-1,492,510
3005,1778511847460,2072.4,723,25.62,53.68,-1,-1,492,510
3006,1778511848184,2073.1,724,25.62,53.66,-1,-1,492,510
3007,1778511848898,2073.8,713,25.61,53.67,-1,-1,492,510
3008,1778511849620,2074.5,722,25.60,53.66,-1,-1,493,510
3009,1778511850356,2075.3,736,25.59,53.67,-1,-1,493,510
3010,1778511851090,2076.0,733,25.58,53.69,-1,-1,493,510
3011,1778511851829,2076.7,738,25.57,53.67,-1,-1,493,510
3012,1778511852845,2077.7,731,25.60,53.69,-1,-1,493,510
3013,1778511853566,2078.5,720,25.59,53.67,-1,-1,493,510
3014,1778511854275,2079.2,709,25.58,53.65,-1,-1,494,510
3015,1778511855306,2080.2,728,25.61,53.67,-1,-1,494,510
3016,1778511856030,2080.9,723,25.60,53.65,-1,-1,494,510
3017,1778511856722,2081.6,691,25.59,53.66,-1,-1,494,510
3018,1778511857449,2082.3,727,25.58,53.68,-1,-1,494,510
3019,1778511858171,2083.1,721,25.57,53.69,-1,-1,494,510
3020,1778511858880,2083.8,709,25.56,53.71,-1,-1,494,510
3021,1778511859864,2084.8,715,25.59,53.72,-1,-1,495,510
3022,1778511860586,2085.5,718,25.58,53.74,-1,-1,495,510
3023,1778511861306,2086.2,720,25.57,53.75,-1,-1,495,510
3024,1778511862024,2086.9,717,25.56,53.74,-1,-1,495,510
3025,1778511863038,2087.9,723,25.59,53.75,-1,-1,495,510
3026,1778511863992,2088.9,717,25.61,53.77,-1,-1,495,510
3027,1778511864711,2089.6,717,25.60,53.78,-1,-1,496,510
3028,1778511865408,2090.3,697,25.59,53.76,-1,-1,496,510
3029,1778511866124,2091.0,716,25.59,53.75,-1,-1,496,510
3030,1778511866833,2091.7,708,25.58,53.73,-1,-1,496,510
3031,1778511867868,2092.8,703,25.60,53.74,-1,-1,496,510
3032,1778511868796,2093.7,719,25.63,53.76,-1,-1,496,510
3033,1778511869537,2094.4,740,25.62,53.78,-1,-1,497,510
3034,1778511870250,2095.1,713,25.61,53.79,-1,-1,497,510
3035,1778511870949,2095.8,699,25.60,53.81,-1,-1,497,510
3036,1778511871924,2096.8,727,25.63,53.82,-1,-1,497,510
3037,1778511872869,2097.8,720,25.65,53.84,-1,-1,497,510
3038,1778511873588,2098.5,717,25.64,53.82,-1,-1,497,510
3039,1778511874527,2099.4,705,25.67,53.83,-1,-1,498,510
3040,1778511875236,2100.1,708,25.66,53.85,-1,-1,498,510
3041,1778511876069,2101.0,833,25.65,53.86,-1,-1,498,510
3042,1778511876776,2101.7,704,25.64,53.88,-1,-1,498,510
3043,1778511877494,2102.4,718,25.63,53.86,-1,-1,498,510
3044,1778511878440,2103.3,728,25.66,53.88,-1,-1,498,510
3045,1778511879164,2104.1,723,25.65,53.89,-1,-1,500,510
3046,1778511879871,2104.8,706,25.64,53.91,-1,-1,499,510
3047,1778511880581,2105.5,710,25.63,53.92,-1,-1,499,510
3048,1778511881296,2106.2,715,25.62,53.90,-1,-1,499,510
3049,1778511882557,2107.5,922,25.65,53.92,-1,-1,499,510
3050,1778511883277,2108.2,719,25.64,53.93,-1,-1,500,510
3051,1778511884247,2109.1,769,25.66,53.95,3704,54,499,510
3052,1778511884960,2109.9,709,25.66,53.93,-1,-1,501,510
3053,1778511885676,2110.6,715,25.65,53.95,-1,-1,500,510
3054,1778511886418,2111.3,742,25.64,53.93,-1,-1,500,510
3055,1778511887137,2112.0,718,25.63,53.94,-1,-1,500,510
3056,1778511887848,2112.7,710,25.62,53.93,-1,-1,500,510
3057,1778511888561,2113.5,712,25.61,53.94,-1,-1,500,510
3058,1778511889279,2114.2,718,25.60,53.96,-1,-1,501,510
3059,1778511890330,2115.2,725,25.63,53.97,-1,-1,501,510
3060,1778511891076,2116.0,745,25.62,53.95,-1,-1,502,510
3061,1778511891816,2116.7,740,25.61,53.94,-1,-1,502,510
3062,1778511892725,2117.6,704,25.64,53.95,-1,-1,502,510
3063,1778511893438,2118.3,712,25.63,53.93,-1,-1,502,510
3064,1778511894198,2119.1,760,25.62,53.92,-1,-1,503,510
3065,1778511894907,2119.8,709,25.61,53.90,-1,-1,503,510
3066,1778511895612,2120.5,704,25.60,53.88,-1,-1,503,510
3067,1778511896332,2121.2,719,25.60,53.90,-1,-1,503,510
3068,1778511897053,2121.9,719,25.59,53.88,-1,-1,503,510
3069,1778511897788,2122.7,735,25.58,53.89,-1,-1,503,510
3070,1778511898795,2123.7,719,25.60,53.91,-1,-1,504,510
3071,1778511899529,2124.4,733,25.59,53.89,-1,-1,504,510
3072,1778511900259,2125.2,727,25.59,53.87,-1,-1,504,510
3073,1778511900961,2125.9,701,25.58,53.89,-1,-1,504,510
3074,1778511901666,2126.6,704,25.57,53.90,-1,-1,504,510
3075,1778511902354,2127.2,688,25.56,53.89,-1,-1,504,510
3076,1778511903060,2128.0,706,25.55,53.87,-1,-1,504,510
3077,1778511903764,2128.7,703,25.54,53.85,-1,-1,505,510
3078,1778511904475,2129.4,711,25.54,53.83,-1,-1,505,510
3079,1778511905194,2130.1,718,25.53,53.82,-1,-1,505,510
3080,1778511906209,2131.1,708,25.55,53.83,-1,-1,505,510
3081,1778511907144,2132.0,725,25.58,53.85,-1,-1,505,510
3082,1778511908047,2132.9,715,25.60,53.86,-1,-1,505,510
3083,1778511908786,2133.7,738,25.59,53.88,-1,-1,506,510
3084,1778511909499,2134.4,713,25.58,53.86,-1,-1,506,510
3085,1778511910237,2135.1,738,25.58,53.84,-1,-1,506,510
3086,1778511911021,2135.9,784,25.57,53.82,-1,-1,506,510
3087,1778511911730,2136.6,708,25.56,53.81,-1,-1,506,510
3088,1778511912433,2137.3,703,25.55,53.82,-1,-1,506,510
3089,1778511913144,2138.0,710,25.54,53.84,-1,-1,507,510
3090,1778511914123,2139.0,715,25.57,53.85,-1,-1,507,510
3091,1778511914836,2139.7,712,25.56,53.83,-1,-1,507,510
3092,1778511915538,2140.4,698,25.55,53.82,-1,-1,507,510
3093,1778511916268,2141.2,730,25.54,53.80,-1,-1,507,510
3094,1778511917355,2142.2,796,25.57,53.81,-1,-1,507,510
3095,1778511918077,2143.0,722,25.56,53.80,-1,-1,507,510
3096,1778511918774,2143.7,696,25.55,53.78,-1,-1,508,510
3097,1778511919553,2144.4,778,25.54,53.76,-1,-1,508,510
3098,1778511920276,2145.2,722,25.53,53.78,-1,-1,508,510
3099,1778511921323,2146.2,711,25.56,53.79,-1,-1,508,510
3100,1778511922245,2147.1,710,25.58,53.81,-1,-1,508,510
3101,1778511922969,2147.9,723,25.57,53.82,3704,54,508,510
3102,1778511923729,2148.6,757,25.56,53.84,-1,-1,509,510
3103,1778511924498,2149.4,769,25.56,53.82,-1,-1,509,510
3104,1778511925539,2150.4,705,25.58,53.83,-1,-1,509,510
3105,1778511926411,2151.3,871,25.57,53.82,-1,-1,509,510
3106,1778511927123,2152.0,711,25.56,53.80,-1,-1,509,510
3107,1778511927841,2152.7,717,25.56,53.78,-1,-1,509,510
3108,1778511928556,2153.4,715,25.55,53.80,-1,-1,510,510
3109,1778511929270,2154.2,714,25.54,53.78,-1,-1,510,510
3110,1778511929980,2154.9,709,25.53,53.79,-1,-1,510,510
3111,1778511930698,2155.6,718,25.52,53.78,-1,-1,510,510
3112,1778511931661,2156.6,710,25.55,53.79,-1,-1,486,510
3113,1778511932357,2157.3,694,25.54,53.77,-1,-1,486,510
3114,1778511933064,2158.0,707,25.53,53.76,-1,-1,486,510
3115,1778511933842,2158.7,778,25.52,53.74,-1,-1,486,510
3116,1778511934541,2159.4,698,25.51,53.75,-1,-1,486,510
3117,1778511935607,2160.5,709,25.54,53.77,-1,-1,486,510
3118,1778511936554,2161.4,724,25.56,53.78,-1,-1,487,510
3119,1778511937270,2162.2,716,25.55,53.77,-1,-1,487,510
3120,1778511937980,2162.9,709,25.54,53.78,-1,-1,487,510
3121,1778511938711,2163.6,731,25.54,53.76,-1,-1,487,510
3122,1778511939718,2164.6,734,25.56,53.78,-1,-1,487,510
3123,1778511940444,2165.3,726,25.55,53.76,-1,-1,487,510
3124,1778511941178,2166.1,734,25.54,53.75,-1,-1,487,510
3125,1778511941873,2166.8,695,25.54,53.76,-1,-1,488,510
3126,1778511942708,2167.6,834,25.53,53.74,-1,-1,488,510
3127,1778511943485,2168.4,776,25.52,53.73,-1,-1,488,510
3128,1778511944180,2169.1,695,25.51,53.71,-1,-1,488,510
3129,1778511944892,2169.8,712,25.50,53.69,-1,-1,488,510
3130,1778511945683,2170.6,790,25.50,53.67,-1,-1,488,510
3131,1778511946739,2171.6,704,25.52,53.69,-1,-1,489,510
3132,1778511947471,2172.4,730,25.51,53.67,-1,-1,489,510
3133,1778511948181,2173.1,709,25.50,53.65,-1,-1,489,510
3134,1778511948930,2173.8,749,25.49,53.64,-1,-1,489,510
3135,1778511949675,2174.6,744,25.49,53.62,-1,-1,489,510
3136,1778511950403,2175.3,728,25.48,53.60,-1,-1,489,510
3137,1778511951124,2176.0,721,25.47,53.59,-1,-1,489,510
3138,1778511951870,2176.8,746,25.46,53.60,-1,-1,490,510
3139,1778511952604,2177.5,734,25.45,53.58,-1,-1,490,510
3140,1778511953348,2178.2,744,25.45,53.57,-1,-1,490,510
3141,1778511954084,2179.0,736,25.44,53.55,-1,-1,490,510
3142,1778511955068,2180.0,732,25.46,53.56,-1,-1,490,510
3143,1778511955796,2180.7,728,25.45,53.55,-1,-1,490,510
3144,1778511956522,2181.4,726,25.45,53.56,-1,-1,491,510
3145,1778511957451,2182.3,706,25.47,53.58,-1,-1,491,510
3146,1778511958175,2183.1,723,25.46,53.59,-1,-1,491,510
3147,1778511958877,2183.8,702,25.45,53.61,-1,-1,491,510
3148,1778511959595,2184.5,718,25.44,53.59,-1,-1,491,510
3149,1778511960324,2185.2,729,25.44,53.57,-1,-1,491,510
3150,1778511961042,2185.9,718,25.43,53.56,-1,-1,492,510
3151,1778511961752,2186.6,709,25.42,53.54,3702,56,492,510
3152,1778511962468,2187.4,711,25.41,53.52,-1,-1,492,510
3153,1778511963200,2188.1,732,25.40,53.50,-1,-1,492,510
3154,1778511963981,2188.9,780,25.40,53.49,-1,-1,492,510
3155,1778511964717,2189.6,736,25.39,53.47,-1,-1,492,510
3156,1778511965467,2190.4,749,25.38,53.49,-1,-1,493,510
3157,1778511966168,2191.1,701,25.37,53.50,-1,-1,493,510
3158,1778511966874,2191.8,706,25.36,53.48,-1,-1,493,510
3159,1778511967590,2192.5,716,25.36,53.47,-1,-1,493,510
3160,1778511968319,2193.2,729,25.35,53.45,-1,-1,493,510
3161,1778511969062,2194.0,743,25.34,53.46,-1,-1,493,510
3162,1778511969795,2194.7,729,25.33,53.45,-1,-1,493,510
3163,1778511970806,2195.7,709,25.36,53.46,-1,-1,494,510
3164,1778511971768,2196.7,718,25.38,53.48,-1,-1,494,510
3165,1778511972525,2197.4,757,25.37,53.49,-1,-1,494,510
3166,1778511973233,2198.1,707,25.36,53.51,-1,-1,494,510
3167,1778511973947,2198.8,714,25.36,53.49,-1,-1,494,510
3168,1778511974919,2199.8,713,25.38,53.50,-1,-1,494,510
3169,1778511975635,2200.5,716,25.37,53.49,-1,-1,495,510
3170,1778511976404,2201.3,769,25.36,53.47,-1,-1,495,510
3171,1778511977109,2202.0,705,25.35,53.45,-1,-1,495,510
3172,1778511977804,2202.7,692,25.35,53.47,-1,-1,495,510
3173,1778511978527,2203.4,723,25.34,53.45,-1,-1,495,510
3174,1778511979240,2204.1,712,25.33,53.47,-1,-1,495,510
3175,1778511979973,2204.9,733,25.32,53.45,-1,-1,496,510
3176,1778511980705,2205.6,732,25.31,53.43,-1,-1,496,510
3177,1778511981719,2206.6,724,25.34,53.45,-1,-1,496,510
3178,1778511982433,2207.3,713,25.33,53.43,-1,-1,497,510
3179,1778511983336,2208.2,705,25.35,53.44,-1,-1,496,510
3180,1778511984212,2209.1,711,25.38,53.46,-1,-1,496,510
3181,1778511984926,2209.8,714,25.37,53.44,-1,-1,497,510
3182,1778511985892,2210.8,733,25.39,53.46,-1,-1,497,510
3183,1778511986834,2211.7,727,25.42,53.47,-1,-1,497,510
3184,1778511987754,2212.6,716,25.44,53.49,-1,-1,497,510
3185,1778511988470,2213.4,716,25.43,53.50,-1,-1,498,510
3186,1778511989407,2214.3,711,25.46,53.52,-1,-1,497,510
3187,1778511990361,2215.3,709,25.48,53.53,-1,-1,498,510
3188,1778511991092,2216.0,730,25.47,53.51,-1,-1,499,510
3189,1778511992007,2216.9,718,25.49,53.53,-1,-1,498,510
3190,1778511992710,2217.6,703,25.49,53.51,-1,-1,499,510
3191,1778511993700,2218.6,725,25.51,53.53,-1,-1,498,510
3192,1778511994410,2219.3,708,25.50,53.51,-1,-1,499,510
3193,1778511995366,2220.3,734,25.52,53.52,-1,-1,498,510
3194,1778511996112,2221.0,744,25.52,53.51,-1,-1,500,510
3195,1778511996823,2221.7,710,25.51,53.49,-1,-1,500,510
3196,1778511997789,2222.7,716,25.53,53.50,-1,-1,500,510
3197,1778511998484,2223.4,695,25.52,53.49,-1,-1,500,510
3198,1778511999207,2224.1,723,25.52,53.47,-1,-1,500,510
3199,1778511999914,2224.8,707,25.51,53.49,-1,-1,500,510
3200,1778512000870,2225.8,723,25.53,53.50,-1,-1,501,510
3201,1778512001760,2226.7,725,25.55,53.51,3702,56,501,510
3202,1778512002668,2227.6,710,25.58,53.53,-1,-1,501,510
3203,1778512003648,2228.5,792,25.60,53.54,-1,-1,501,510
3204,1778512004375,2229.3,727,25.59,53.56,-1,-1,501,510
3205,1778512005315,2230.2,712,25.62,53.57,-1,-1,501,510
3206,1778512006106,2231.0,790,25.61,53.56,-1,-1,502,510
3207,1778512007059,2232.0,707,25.63,53.57,-1,-1,502,510
3208,1778512007786,2232.7,727,25.62,53.58,-1,-1,502,510
3209,1778512008513,2233.4,727,25.62,53.57,-1,-1,502,510
3210,1778512009243,2234.1,729,25.61,53.55,-1,-1,502,510
3211,1778512010209,2235.1,745,25.63,53.57,-1,-1,502,510
3212,1778512010953,2235.8,740,25.62,53.55,-1,-1,503,510
3213,1778512011684,2236.6,730,25.61,53.53,-1,-1,503,510
3214,1778512012412,2237.3,728,25.61,53.55,-1,-1,503,510
3215,1778512013392,2238.3,734,25.63,53.56,-1,-1,503,510
3216,1778512014122,2239.0,729,25.62,53.54,-1,-1,503,510
3217,1778512015040,2239.9,702,25.65,53.56,-1,-1,503,510
3218,1778512015765,2240.7,725,25.64,53.57,-1,-1,504,510
3219,1778512016471,2241.4,705,25.63,53.59,-1,-1,504,510
3220,1778512017184,2242.1,712,25.62,53.57,-1,-1,504,510
3221,1778512017918,2242.8,733,25.61,53.55,-1,-1,504,510
3222,1778512018861,2243.8,730,25.64,53.57,-1,-1,504,510
3223,1778512019593,2244.5,732,25.63,53.58,-1,-1,504,510
3224,1778512020343,2245.2,749,25.62,53.60,-1,-1,505,510
3225,1778512021062,2246.0,719,25.61,53.58,-1,-1,505,510
3226,1778512021772,2246.7,710,25.60,53.56,-1,-1,505,510
3227,1778512022494,2247.4,722,25.60,53.55,-1,-1,505,510
3228,1778512023510,2248.4,727,25.62,53.56,-1,-1,505,510
3229,1778512024511,2249.4,805,25.64,53.58,-1,-1,505,510
3230,1778512025500,2250.4,765,25.67,53.59,-1,-1,506,510
3231,1778512026428,2251.3,714,25.69,53.61,-1,-1,506,510
3232,1778512027419,2252.3,765,25.71,53.62,-1,-1,506,510
3233,1778512028135,2253.0,716,25.70,53.60,-1,-1,506,510
3234,1778512029047,2253.9,707,25.73,53.62,-1,-1,506,510
3235,1778512029750,2254.6,702,25.72,53.60,-1,-1,506,510
3236,1778512030482,2255.4,732,25.71,53.62,-1,-1,506,510
3237,1778512031217,2256.1,734,25.70,53.63,-1,-1,507,510
3238,1778512031948,2256.8,731,25.69,53.64,-1,-1,507,510
3239,1778512032677,2257.6,729,25.69,53.63,-1,-1,507,510
3240,1778512033385,2258.3,708,25.68,53.61,-1,-1,507,510
3241,1778512034302,2259.2,700,25.70,53.63,-1,-1,507,510
3242,1778512035040,2259.9,736,25.69,53.61,-1,-1,507,510
3243,1778512035756,2260.6,715,25.69,53.59,-1,-1,508,510
3244,1778512036489,2261.4,732,25.68,53.61,-1,-1,508,510
3245,1778512037220,2262.1,731,25.67,53.59,-1,-1,508,510
3246,1778512038227,2263.1,753,25.69,53.60,-1,-1,508,510
3247,1778512038946,2263.8,718,25.69,53.62,-1,-1,508,510
3248,1778512039841,2264.7,721,25.71,53.63,-1,-1,508,510
3249,1778512040751,2265.6,722,25.73,53.65,-1,-1,509,510
3250,1778512041483,2266.4,731,25.72,53.63,-1,-1,509,510
3251,1778512042217,2267.1,733,25.72,53.65,3702,56,509,510
3252,1778512042963,2267.9,744,25.71,53.66,-1,-1,509,510
3253,1778512043930,2268.8,738,25.73,53.67,-1,-1,509,510
3254,1778512044668,2269.6,737,25.72,53.66,-1,-1,509,510
3255,1778512045602,2270.5,735,25.75,53.67,-1,-1,510,510
3256,1778512046324,2271.2,721,25.74,53.69,-1,-1,510,510
3257,1778512047046,2271.9,722,25.73,53.70,-1,-1,510,510
3258,1778512047755,2272.6,709,25.72,53.68,-1,-1,485,510
3259,1778512048529,2273.4,774,25.71,53.70,-1,-1,485,510
3260,1778512049499,2274.4,714,25.74,53.71,-1,-1,486,510
3261,1778512050209,2275.1,710,25.73,53.70,-1,-1,486,510
3262,1778512050931,2275.8,719,25.72,53.68,-1,-1,486,510
3263,1778512051668,2276.6,736,25.71,53.66,-1,-1,486,510
3264,1778512052397,2277.3,729,25.70,53.68,-1,-1,486,510
3265,1778512053150,2278.0,753,25.70,53.66,-1,-1,486,510
3266,1778512053876,2278.8,726,25.69,53.64,-1,-1,486,510
3267,1778512054602,2279.5,726,25.68,53.63,-1,-1,487,510
3268,1778512055528,2280.4,713,25.70,53.64,-1,-1,487,510
3269,1778512056443,2281.3,707,25.73,53.66,-1,-1,487,510
3270,1778512057185,2282.1,741,25.72,53.64,-1,-1,487,510
3271,1778512057886,2282.8,700,25.71,53.65,-1,-1,487,510
3272,1778512058598,2283.5,710,25.70,53.64,-1,-1,487,510
3273,1778512059291,2284.2,692,25.70,53.65,-1,-1,488,510
3274,1778512060020,2284.9,729,25.69,53.63,-1,-1,488,510
3275,1778512060756,2285.6,735,25.68,53.62,-1,-1,488,510
3276,1778512061500,2286.4,744,25.67,53.60,-1,-1,488,510
3277,1778512062224,2287.1,723,25.66,53.59,-1,-1,488,510
3278,1778512062964,2287.9,739,25.66,53.57,-1,-1,488,510
3279,1778512063730,2288.6,765,25.65,53.55,-1,-1,489,510
3280,1778512064442,2289.3,712,25.64,53.54,-1,-1,489,510
3281,1778512065159,2290.1,716,25.63,53.52,-1,-1,489,510
3282,1778512065889,2290.8,726,25.62,53.50,-1,-1,489,510
3283,1778512066667,2291.6,778,25.62,53.52,-1,-1,489,510
3284,1778512067573,2292.5,694,25.64,53.53,-1,-1,489,510
3285,1778512068308,2293.2,734,25.63,53.52,-1,-1,490,510
3286,1778512069013,2293.9,704,25.62,53.53,-1,-1,490,510
3287,1778512069994,2294.9,772,25.65,53.54,-1,-1,490,510
3288,1778512070697,2295.6,703,25.64,53.53,-1,-1,490,510
3289,1778512071416,2296.3,719,25.63,53.51,-1,-1,490,510
3290,1778512072367,2297.3,723,25.65,53.53,-1,-1,490,510
3291,1778512073155,2298.0,788,25.65,53.51,-1,-1,490,510
3292,1778512073853,2298.7,696,25.64,53.49,-1,-1,491,510
3293,1778512074578,2299.5,725,25.63,53.48,-1,-1,491,510
3294,1778512075284,2300.2,706,25.62,53.49,-1,-1,491,510
3295,1778512076041,2300.9,756,25.61,53.47,-1,-1,491,510
3296,1778512076760,2301.7,719,25.61,53.46,-1,-1,491,510
3297,1778512077778,2302.7,738,25.63,53.47,-1,-1,491,510
3298,1778512078492,2303.4,714,25.62,53.46,-1,-1,492,510
3299,1778512079222,2304.1,730,25.61,53.44,-1,-1,492,510
3300,1778512080196,2305.1,708,25.64,53.45,-1,-1,492,510
3301,1778512080905,2305.8,709,25.63,53.47,3700,58,492,510
3302,1778512081686,2306.6,778,25.62,53.45,-1,-1,492,510
3303,1778512082415,2307.3,729,25.61,53.44,-1,-1,492,510
3304,1778512083362,2308.3,720,25.64,53.45,-1,-1,493,510
3305,1778512084272,2309.2,718,25.66,53.46,-1,-1,493,510
3306,1778512085030,2309.9,758,25.65,53.45,-1,-1,493,510
3307,1778512085752,2310.6,722,25.64,53.46,-1,-1,493,510
3308,1778512086448,2311.3,696,25.63,53.45,-1,-1,493,510
3309,1778512087164,2312.1,716,25.63,53.43,-1,-1,493,510
3310,1778512088173,2313.1,723,25.65,53.44,-1,-1,494,510
3311,1778512088901,2313.8,727,25.64,53.46,-1,-1,494,510
3312,1778512089627,2314.5,723,25.63,53.44,-1,-1,494,510
3313,1778512090341,2315.2,714,25.63,53.43,-1,-1,494,510
3314,1778512091332,2316.2,717,25.65,53.44,-1,-1,494,510
3315,1778512092044,2316.9,712,25.64,53.45,-1,-1,494,510
3316,1778512092773,2317.7,728,25.63,53.44,-1,-1,494,510
3317,1778512093490,2318.4,717,25.63,53.42,-1,-1,495,510
3318,1778512094287,2319.2,797,25.62,53.44,-1,-1,495,510
3319,1778512095267,2320.2,719,25.64,53.45,-1,-1,495,510
3320,1778512095970,2320.9,701,25.63,53.43,-1,-1,495,510
3321,1778512096736,2321.6,766,25.62,53.45,-1,-1,495,510
3322,1778512097469,2322.4,731,25.62,53.46,-1,-1,495,510
3323,1778512098195,2323.1,726,25.61,53.48,-1,-1,496,510
3324,1778512098900,2323.8,705,25.60,53.46,-1,-1,496,510
3325,1778512099619,2324.5,718,25.59,53.44,-1,-1,496,510
3326,1778512100336,2325.2,716,25.59,53.43,-1,-1,496,510
3327,1778512101048,2325.9,711,25.58,53.41,-1,-1,496,510
3328,1778512102059,2327.0,732,25.60,53.43,-1,-1,496,510
3329,1778512102784,2327.7,724,25.59,53.44,-1,-1,498,510
3330,1778512103499,2328.4,714,25.59,53.42,-1,-1,497,510
3331,1778512104404,2329.3,732,25.61,53.44,-1,-1,497,510
3332,1778512105298,2330.2,712,25.63,53.45,-1,-1,497,510
3333,1778512106011,2330.9,713,25.62,53.47,-1,-1,498,510
3334,1778512106724,2331.6,712,25.61,53.48,-1,-1,497,510
3335,1778512107467,2332.4,743,25.61,53.46,-1,-1,497,510
3336,1778512108221,2333.1,754,25.60,53.45,-1,-1,498,510
3337,1778512108955,2333.8,733,25.59,53.46,-1,-1,498,510
3338,1778512109686,2334.6,730,25.58,53.45,-1,-1,498,510
3339,1778512110431,2335.3,745,25.58,53.43,-1,-1,498,510
3340,1778512111380,2336.3,725,25.60,53.44,-1,-1,498,510
3341,1778512112097,2337.0,717,25.59,53.43,-1,-1,499,510
3342,1778512112816,2337.7,717,25.58,53.41,-1,-1,500,510
3343,1778512113543,2338.4,726,25.58,53.40,-1,-1,500,510
3344,1778512114262,2339.2,719,25.57,53.41,-1,-1,500,510
3345,1778512115419,2340.3,793,25.59,53.42,-1,-1,500,510
3346,1778512116139,2341.0,719,25.58,53.44,-1,-1,500,510
3347,1778512116838,2341.7,699,25.58,53.42,-1,-1,500,510
3348,1778512117839,2342.7,731,25.60,53.43,-1,-1,501,510
3349,1778512118552,2343.4,713,25.59,53.42,-1,-1,501,510
3350,1778512119467,2344.4,715,25.61,53.43,-1,-1,501,510
3351,1778512120202,2345.1,735,25.60,53.42,3700,58,501,510
3352,1778512121192,2346.1,735,25.63,53.43,-1,-1,501,510
3353,1778512122146,2347.0,731,25.65,53.44,-1,-1,501,510
3354,1778512122879,2347.8,732,25.64,53.43,-1,-1,502,510
3355,1778512123621,2348.5,742,25.63,53.44,-1,-1,502,510
3356,1778512124553,2349.4,710,25.66,53.46,-1,-1,502,510
3357,1778512125263,2350.2,710,25.65,53.44,-1,-1,502,510
3358,1778512126149,2351.0,707,25.67,53.45,-1,-1,502,510
3359,1778512127031,2351.9,709,25.69,53.47,-1,-1,502,510
3360,1778512127737,2352.6,706,25.68,53.45,-1,-1,503,510
3361,1778512128643,2353.5,707,25.71,53.47,-1,-1,503,510
3362,1778512129358,2354.3,712,25.70,53.45,-1,-1,503,510
3363,1778512130067,2355.0,708,25.69,53.43,-1,-1,503,510
3364,1778512130778,2355.7,710,25.68,53.42,-1,-1,503,510
3365,1778512131502,2356.4,724,25.68,53.43,-1,-1,503,510
3366,1778512132236,2357.1,734,25.67,53.45,-1,-1,503,510
3367,1778512132971,2357.9,734,25.66,53.46,-1,-1,504,510
3368,1778512133708,2358.6,737,25.65,53.44,-1,-1,504,510
3369,1778512134467,2359.4,759,25.65,53.43,-1,-1,504,510
3370,1778512135203,2360.1,736,25.64,53.41,-1,-1,504,510
3371,1778512135930,2360.8,727,25.63,53.43,-1,-1,504,510
3372,1778512136634,2361.5,700,25.62,53.41,-1,-1,504,510
3373,1778512137344,2362.2,710,25.62,53.42,-1,-1,505,510
3374,1778512138073,2363.0,729,25.61,53.44,-1,-1,505,510
3375,1778512138791,2363.7,717,25.60,53.45,-1,-1,505,510
3376,1778512139822,2364.7,730,25.62,53.47,-1,-1,505,510
3377,1778512140561,2365.5,738,25.61,53.45,-1,-1,505,510
3378,1778512141272,2366.2,711,25.61,53.43,-1,-1,505,510
3379,1778512141979,2366.9,707,25.60,53.42,-1,-1,506,510
3380,1778512142714,2367.6,734,25.59,53.40,-1,-1,506,510
3381,1778512143434,2368.3,720,25.58,53.42,-1,-1,506,510
3382,1778512144155,2369.0,717,25.58,53.40,-1,-1,506,510
3383,1778512144892,2369.8,737,25.57,53.38,-1,-1,506,510
3384,1778512145619,2370.5,727,25.56,53.37,-1,-1,506,510
3385,1778512146353,2371.2,733,25.55,53.38,-1,-1,506,510
3386,1778512147054,2371.9,701,25.55,53.40,-1,-1,507,510
3387,1778512147778,2372.7,724,25.54,53.38,-1,-1,507,510
3388,1778512148492,2373.4,714,25.53,53.39,-1,-1,507,510
3389,1778512149508,2374.4,720,25.55,53.41,-1,-1,507,510
3390,1778512150218,2375.1,710,25.55,53.39,-1,-1,507,510
3391,1778512150922,2375.8,704,25.54,53.41,-1,-1,507,510
3392,1778512151672,2376.6,746,25.53,53.42,-1,-1,508,510
3393,1778512152681,2377.6,712,25.55,53.43,-1,-1,508,510
3394,1778512153403,2378.3,721,25.55,53.45,-1,-1,508,510
3395,1778512154121,2379.0,718,25.54,53.43,-1,-1,508,510
3396,1778512155069,2380.0,739,25.56,53.45,-1,-1,508,510
3397,1778512156020,2380.9,730,25.58,53.46,-1,-1,508,510
3398,1778512156749,2381.6,728,25.57,53.47,-1,-1,509,510
3399,1778512157461,2382.4,711,25.57,53.46,-1,-1,509,510
3400,1778512158171,2383.1,710,25.56,53.44,-1,-1,509,510
3401,1778512159179,2384.1,714,25.58,53.45,3698,60,509,510
3402,1778512159907,2384.8,724,25.57,53.44,-1,-1,509,510
3403,1778512160625,2385.5,718,25.57,53.42,-1,-1,509,510
3404,1778512161319,2386.2,693,25.56,53.44,-1,-1,510,510
3405,1778512162032,2386.9,712,25.55,53.42,-1,-1,510,510
3406,1778512162768,2387.7,736,25.54,53.41,-1,-1,510,510
3407,1778512163500,2388.4,732,25.54,53.42,-1,-1,510,510
3408,1778512164225,2389.1,724,25.53,53.43,-1,-1,485,510
3409,1778512164940,2389.8,715,25.52,53.45,-1,-1,486,510
3410,1778512165656,2390.6,716,25.51,53.43,-1,-1,486,510
3411,1778512166374,2391.3,718,25.51,53.44,-1,-1,486,510
3412,1778512167403,2392.3,712,25.53,53.46,-1,-1,486,510
3413,1778512168352,2393.2,727,25.55,53.47,-1,-1,486,510
3414,1778512169076,2394.0,722,25.54,53.49,-1,-1,486,510
3415,1778512169805,2394.7,729,25.53,53.47,-1,-1,487,510
3416,1778512170770,2395.7,738,25.56,53.48,-1,-1,487,510
3417,1778512171506,2396.4,734,25.55,53.50,-1,-1,487,510
3418,1778512172424,2397.3,707,25.57,53.51,-1,-1,487,510
3419,1778512173145,2398.0,721,25.56,53.50,-1,-1,487,510
3420,1778512173867,2398.8,722,25.56,53.48,-1,-1,487,510
3421,1778512174838,2399.7,738,25.58,53.49,-1,-1,488,510
3422,1778512175787,2400.7,731,25.60,53.51,-1,-1,488,510
3423,1778512176494,2401.4,707,25.59,53.52,-1,-1,488,510
3424,1778512177194,2402.1,700,25.58,53.50,-1,-1,488,510
3425,1778512177876,2402.8,682,25.58,53.49,-1,-1,488,510
3426,1778512178604,2403.5,728,25.57,53.50,-1,-1,488,510
3427,1778512179579,2404.5,736,25.59,53.52,-1,-1,489,510
3428,1778512180307,2405.2,727,25.58,53.53,-1,-1,489,510
3429,1778512181218,2406.1,712,25.61,53.54,-1,-1,489,510
3430,1778512181952,2406.8,734,25.60,53.53,-1,-1,489,510
3431,1778512182685,2407.6,732,25.59,53.51,-1,-1,489,510
3432,1778512183428,2408.3,740,25.58,53.50,-1,-1,489,510
3433,1778512184173,2409.1,745,25.58,53.48,-1,-1,490,510
3434,1778512184906,2409.8,733,25.57,53.49,-1,-1,490,510
3435,1778512185617,2410.5,711,25.56,53.48,-1,-1,490,510
3436,1778512186320,2411.2,702,25.55,53.49,-1,-1,490,510
3437,1778512187034,2411.9,713,25.55,53.48,-1,-1,490,510
3438,1778512187988,2412.9,754,25.57,53.49,-1,-1,490,510
3439,1778512188692,2413.6,704,25.56,53.47,-1,-1,490,510
3440,1778512189630,2414.5,710,25.58,53.49,-1,-1,491,510
3441,1778512190358,2415.3,728,25.57,53.47,-1,-1,491,510
3442,1778512191091,2416.0,731,25.57,53.46,-1,-1,491,510
3443,1778512191799,2416.7,708,25.56,53.44,-1,-1,491,510
3444,1778512192506,2417.4,707,25.55,53.43,-1,-1,491,510
3445,1778512193222,2418.1,716,25.54,53.41,-1,-1,491,510
3446,1778512194012,2418.9,790,25.54,53.40,-1,-1,492,510
3447,1778512194725,2419.6,713,25.53,53.41,-1,-1,492,510
3448,1778512195442,2420.3,717,25.52,53.39,-1,-1,492,510
3449,1778512196180,2421.1,738,25.51,53.41,-1,-1,492,510
3450,1778512196910,2421.8,729,25.51,53.42,-1,-1,492,510
3451,1778512197621,2422.5,711,25.50,53.40,3698,60,492,510
3452,1778512198698,2423.6,745,25.52,53.42,-1,-1,493,510
3453,1778512199629,2424.5,720,25.54,53.43,-1,-1,493,510
3454,1778512200570,2425.5,705,25.56,53.45,-1,-1,493,510
3455,1778512201307,2426.2,736,25.56,53.43,-1,-1,493,510
3456,1778512202007,2426.9,698,25.55,53.41,-1,-1,493,510
3457,1778512203002,2427.9,715,25.57,53.43,-1,-1,493,510
3458,1778512203718,2428.6,716,25.56,53.44,-1,-1,494,510
3459,1778512204431,2429.3,713,25.56,53.43,-1,-1,494,510
3460,1778512205163,2430.1,731,25.55,53.41,-1,-1,494,510
3461,1778512206184,2431.1,755,25.57,53.42,-1,-1,494,510
3462,1778512206902,2431.8,715,25.56,53.41,-1,-1,494,510
3463,1778512207611,2432.5,708,25.56,53.42,-1,-1,494,510
3464,1778512208602,2433.5,720,25.58,53.44,-1,-1,495,510
3465,1778512209350,2434.2,747,25.57,53.42,-1,-1,495,510
3466,1778512210293,2435.2,698,25.59,53.43,-1,-1,495,510
3467,1778512211020,2435.9,726,25.58,53.45,-1,-1,495,510
3468,1778512211739,2436.6,718,25.58,53.43,-1,-1,495,510
3469,1778512212701,2437.6,713,25.60,53.44,-1,-1,495,510
3470,1778512213403,2438.3,702,25.59,53.46,-1,-1,495,510
3471,1778512214115,2439.0,712,25.58,53.47,-1,-1,496,510
3472,1778512214843,2439.7,725,25.58,53.49,-1,-1,496,510
3473,1778512215591,2440.5,747,25.57,53.50,-1,-1,496,510
3474,1778512216317,2441.2,726,25.56,53.51,-1,-1,496,510
3475,1778512217038,2441.9,720,25.55,53.50,-1,-1,496,510
3476,1778512218011,2442.9,734,25.58,53.51,-1,-1,496,510
3477,1778512218890,2443.8,714,25.60,53.52,-1,-1,497,510
3478,1778512219613,2444.5,723,25.59,53.54,-1,-1,498,510
3479,1778512220582,2445.5,726,25.61,53.55,-1,-1,497,510
3480,1778512221290,2446.2,708,25.60,53.53,-1,-1,498,510
3481,1778512222030,2446.9,739,25.60,53.52,-1,-1,497,510
3482,1778512222748,2447.6,715,25.59,53.53,-1,-1,497,510
3483,1778512223455,2448.3,707,25.58,53.52,-1,-1,498,510
3484,1778512224460,2449.4,708,25.60,53.53,-1,-1,498,510
3485,1778512225415,2450.3,723,25.62,53.54,-1,-1,498,510
3486,1778512226347,2451.2,726,25.65,53.56,-1,-1,498,510
3487,1778512227259,2452.2,717,25.67,53.57,-1,-1,498,510
3488,1778512227970,2452.9,710,25.66,53.56,-1,-1,499,510
3489,1778512228665,2453.6,695,25.65,53.54,-1,-1,500,510
3490,1778512229403,2454.3,738,25.64,53.55,-1,-1,500,510
3491,1778512230143,2455.0,740,25.64,53.57,-1,-1,500,510
3492,1778512231075,2456.0,712,25.66,53.58,-1,-1,500,510
3493,1778512231806,2456.7,731,25.65,53.56,-1,-1,500,510
3494,1778512232530,2457.4,723,25.64,53.58,-1,-1,500,510
3495,1778512233386,2458.3,856,25.64,53.59,-1,-1,501,510
3496,1778512234099,2459.0,712,25.63,53.60,-1,-1,501,510
3497,1778512234816,2459.7,717,25.62,53.62,-1,-1,501,510
3498,1778512235951,2460.8,714,25.64,53.63,-1,-1,501,510
3499,1778512236669,2461.6,717,25.64,53.62,-1,-1,501,510
3500,1778512237356,2462.3,687,25.63,53.63,-1,-1,501,510
3501,1778512238091,2463.0,735,25.62,53.61,3696,62,501,510
3502,1778512238838,2463.7,744,25.61,53.63,-1,-1,502,510
3503,1778512239564,2464.5,726,25.61,53.61,-1,-1,502,510
3504,1778512240300,2465.2,736,25.60,53.62,-1,-1,502,510
3505,1778512241024,2465.9,724,25.59,53.64,-1,-1,502,510
3506,1778512241969,2466.9,677,25.61,53.65,-1,-1,502,510
3507,1778512242693,2467.6,722,25.61,53.66,-1,-1,502,510
3508,1778512243410,2468.3,717,25.60,53.68,-1,-1,503,510
3509,1778512244120,2469.0,710,25.59,53.69,-1,-1,503,510
3510,1778512244834,2469.7,714,25.58,53.68,-1,-1,503,510
3511,1778512245535,2470.4,701,25.58,53.69,-1,-1,503,510
3512,1778512246549,2471.4,705,25.60,53.70,-1,-1,503,510
3513,1778512247277,2472.2,727,25.59,53.69,-1,-1,503,510
3514,1778512248166,2473.1,707,25.61,53.70,-1,-1,504,510
3515,1778512248880,2473.8,713,25.60,53.68,-1,-1,504,510
3516,1778512249853,2474.7,711,25.63,53.70,-1,-1,504,510
3517,1778512250583,2475.5,729,25.62,53.68,-1,-1,504,510
3518,1778512251538,2476.4,780,25.64,53.70,-1,-1,504,510
3519,1778512252485,2477.4,715,25.66,53.71,-1,-1,504,510
3520,1778512253205,2478.1,720,25.65,53.69,-1,-1,505,510
3521,1778512253949,2478.8,744,25.65,53.68,-1,-1,505,510
3522,1778512254669,2479.6,718,25.64,53.66,-1,-1,505,510
3523,1778512255653,2480.5,697,25.66,53.68,-1,-1,505,510
3524,1778512256545,2481.4,716,25.68,53.69,-1,-1,505,510
3525,1778512257322,2482.2,776,25.67,53.67,-1,-1,505,510
3526,1778512258029,2482.9,706,25.67,53.69,-1,-1,506,510
3527,1778512258731,2483.6,701,25.66,53.67,-1,-1,506,510
3528,1778512259673,2484.6,705,25.68,53.68,-1,-1,506,510
3529,1778512260358,2485.3,684,25.67,53.70,-1,-1,506,510
3530,1778512261083,2486.0,725,25.67,53.68,-1,-1,506,510
3531,1778512262034,2486.9,715,25.69,53.70,-1,-1,506,510
3532,1778512262941,2487.8,708,25.71,53.71,-1,-1,507,510
3533,1778512263932,2488.8,769,25.73,53.72,-1,-1,507,510
3534,1778512264656,2489.6,724,25.72,53.71,-1,-1,507,510
3535,1778512265363,2490.3,707,25.71,53.72,-1,-1,507,510
3536,1778512266076,2491.0,713,25.71,53.70,-1,-1,507,510
3537,1778512266784,2491.7,708,25.70,53.72,-1,-1,507,510
3538,1778512267834,2492.7,727,25.72,53.73,-1,-1,507,510
3539,1778512268565,2493.5,730,25.71,53.74,-1,-1,508,510
3540,1778512269316,2494.2,751,25.71,53.73,-1,-1,508,510
3541,1778512270026,2494.9,710,25.70,53.71,-1,-1,508,510
3542,1778512270773,2495.7,745,25.69,53.70,-1,-1,508,510
3543,1778512271506,2496.4,733,25.68,53.71,-1,-1,508,510
3544,1778512272465,2497.4,730,25.71,53.72,-1,-1,508,510
3545,1778512273182,2498.1,717,25.70,53.74,-1,-1,509,510
3546,1778512273903,2498.8,720,25.69,53.75,-1,-1,509,510
3547,1778512274635,2499.5,731,25.68,53.76,-1,-1,509,510
3548,1778512275619,2500.5,757,25.70,53.78,-1,-1,509,510
3549,1778512276550,2501.4,711,25.73,53.79,-1,-1,509,510
3550,1778512277251,2502.1,700,25.72,53.77,-1,-1,509,510
3551,1778512277962,2502.9,711,25.71,53.79,3696,62,510,510
3552,1778512278912,2503.8,728,25.73,53.80,-1,-1,510,510
3553,1778512279643,2504.5,730,25.72,53.79,-1,-1,510,510
3554,1778512280365,2505.3,722,25.72,53.80,-1,-1,510,510
3555,1778512281307,2506.2,694,25.74,53.81,-1,-1,485,510
3556,1778512282026,2506.9,719,25.73,53.82,-1,-1,485,510
3557,1778512282740,2507.6,714,25.72,53.84,-1,-1,486,510
3558,1778512283469,2508.4,728,25.72,53.82,-1,-1,486,510
3559,1778512284265,2509.2,795,25.71,53.84,-1,-1,486,510
3560,1778512284976,2509.9,710,25.70,53.82,-1,-1,486,510
3561,1778512285691,2510.6,715,25.70,53.81,-1,-1,486,510
3562,1778512286396,2511.3,703,25.69,53.82,-1,-1,486,510
3563,1778512287124,2512.0,728,25.68,53.83,-1,-1,487,510
3564,1778512288142,2513.0,724,25.70,53.84,-1,-1,487,510
3565,1778512288852,2513.7,710,25.69,53.83,-1,-1,487,510
3566,1778512289553,2514.4,700,25.69,53.81,-1,-1,487,510
3567,1778512290300,2515.2,747,25.68,53.83,-1,-1,487,510
3568,1778512291012,2515.9,712,25.67,53.84,-1,-1,487,510
3569,1778512291744,2516.6,732,25.67,53.82,-1,-1,487,510
3570,1778512292482,2517.4,737,25.66,53.81,-1,-1,488,510
3571,1778512293217,2518.1,735,25.65,53.82,-1,-1,488,510
3572,1778512294177,2519.1,726,25.67,53.84,-1,-1,488,510
3573,1778512295156,2520.1,732,25.69,53.85,-1,-1,488,510
3574,1778512296076,2521.0,714,25.71,53.86,-1,-1,488,510
3575,1778512296821,2521.7,744,25.71,53.87,-1,-1,488,510
3576,1778512297546,2522.4,725,25.70,53.86,-1,-1,489,510
3577,1778512298280,2523.2,734,25.69,53.87,-1,-1,489,510
3578,1778512299262,2524.2,729,25.71,53.88,-1,-1,489,510
3579,1778512299970,2524.9,708,25.71,53.87,-1,-1,489,510
3580,1778512300676,2525.6,706,25.70,53.85,-1,-1,489,510
3581,1778512301383,2526.3,706,25.69,53.87,-1,-1,489,510
3582,1778512302090,2527.0,703,25.68,53.88,-1,-1,490,510
3583,1778512302845,2527.7,754,25.68,53.87,-1,-1,490,510
3584,1778512303574,2528.5,729,25.67,53.85,-1,-1,490,510
3585,1778512304297,2529.2,723,25.66,53.84,-1,-1,490,510
3586,1778512305002,2529.9,705,25.66,53.85,-1,-1,490,510
3587,1778512305725,2530.6,723,25.65,53.83,-1,-1,490,510
3588,1778512306472,2531.4,747,25.64,53.85,-1,-1,490,510
3589,1778512307513,2532.4,736,25.66,53.86,-1,-1,491,510
3590,1778512308253,2533.1,740,25.65,53.84,-1,-1,491,510
3591,1778512309221,2534.1,756,25.68,53.86,-1,-1,491,510
3592,1778512309930,2534.8,705,25.67,53.84,-1,-1,491,510
3593,1778512310653,2535.5,723,25.66,53.83,-1,-1,491,510
3594,1778512311416,2536.3,763,25.65,53.81,-1,-1,491,510
3595,1778512312127,2537.0,710,25.65,53.80,-1,-1,492,510
3596,1778512313084,2538.0,709,25.67,53.81,-1,-1,492,510
3597,1778512313812,2538.7,728,25.66,53.79,-1,-1,492,510
3598,1778512314744,2539.6,708,25.68,53.81,-1,-1,492,510
3599,1778512315465,2540.4,720,25.67,53.79,-1,-1,492,510
3600,1778512316197,2541.1,731,25.67,53.78,-1,-1,492,510
3601,1778512316925,2541.8,727,25.66,53.76,3696,62,493,510
3602,1778512317872,2542.8,716,25.68,53.78,-1,-1,493,510
3603,1778512318813,2543.7,723,25.70,53.79,-1,-1,493,510
3604,1778512319714,2544.6,720,25.72,53.80,-1,-1,493,510
3605,1778512320600,2545.5,690,25.74,53.81,-1,-1,493,510
3606,1778512321315,2546.2,714,25.73,53.83,-1,-1,493,510
3607,1778512322012,2546.9,696,25.73,53.81,-1,-1,494,510
3608,1778512322733,2547.6,721,25.72,53.80,-1,-1,494,510
3609,1778512323462,2548.4,729,25.71,53.78,-1,-1,494,510
3610,1778512324174,2549.1,712,25.71,53.77,-1,-1,494,510
3611,1778512325114,2550.0,712,25.73,53.78,-1,-1,494,510
3612,1778512325860,2550.8,741,25.72,53.77,-1,-1,494,510
3613,1778512326574,2551.5,714,25.71,53.75,-1,-1,495,510
3614,1778512327279,2552.2,704,25.71,53.74,-1,-1,495,510
3615,1778512328258,2553.2,707,25.73,53.75,-1,-1,495,510
3616,1778512328980,2553.9,722,25.72,53.73,-1,-1,495,510
3617,1778512329730,2554.6,749,25.71,53.72,-1,-1,495,510
3618,1778512330672,2555.6,705,25.73,53.73,-1,-1,495,510
3619,1778512331577,2556.5,715,25.75,53.74,-1,-1,496,510
3620,1778512332289,2557.2,711,25.75,53.76,-1,-1,496,510
3621,1778512332995,2557.9,705,25.74,53.74,-1,-1,496,510
3622,1778512333723,2558.6,726,25.73,53.73,-1,-1,496,510
3623,1778512334470,2559.4,746,25.72,53.74,-1,-1,496,510
3624,1778512335202,2560.1,732,25.72,53.73,-1,-1,496,510
3625,1778512336146,2561.0,740,25.74,53.74,-1,-1,496,510
3626,1778512336909,2561.8,763,25.73,53.72,-1,-1,498,510
3627,1778512337610,2562.5,701,25.72,53.71,-1,-1,497,510
3628,1778512338313,2563.2,703,25.72,53.72,-1,-1,497,510
3629,1778512339301,2564.2,716,25.74,53.73,-1,-1,497,510
3630,1778512340023,2564.9,720,25.73,53.72,-1,-1,498,510
3631,1778512340740,2565.6,717,25.72,53.70,-1,-1,497,510
3632,1778512341484,2566.4,741,25.72,53.72,-1,-1,498,510
3633,1778512342230,2567.1,746,25.71,53.73,-1,-1,498,510
3634,1778512342949,2567.8,719,25.70,53.71,-1,-1,498,510
3635,1778512343927,2568.8,728,25.72,53.73,-1,-1,498,510
3636,1778512344661,2569.6,732,25.72,53.71,-1,-1,499,510
3637,1778512345596,2570.5,729,25.74,53.73,-1,-1,498,510
3638,1778512346485,2571.4,700,25.76,53.74,-1,-1,499,510
3639,1778512347185,2572.1,700,25.75,53.72,-1,-1,500,510
3640,1778512348165,2573.1,745,25.77,53.74,-1,-1,499,510
3641,1778512348877,2573.8,711,25.76,53.72,-1,-1,500,510
3642,1778512349590,2574.5,711,25.76,53.71,-1,-1,500,510
3643,1778512350303,2575.2,713,25.75,53.69,-1,-1,500,510
3644,1778512351035,2575.9,731,25.74,53.68,-1,-1,501,510
3645,1778512351748,2576.6,713,25.73,53.66,-1,-1,501,510
3646,1778512352484,2577.4,736,25.73,53.65,-1,-1,501,510
3647,1778512353220,2578.1,736,25.72,53.63,-1,-1,501,510
3648,1778512353960,2578.9,740,25.71,53.62,-1,-1,501,510
3649,1778512354694,2579.6,734,25.71,53.60,-1,-1,501,510
3650,1778512355435,2580.3,740,25.70,53.59,-1,-1,501,510
3651,1778512356411,2581.3,726,25.72,53.60,3694,64,502,510
3652,1778512357132,2582.0,718,25.71,53.59,-1,-1,502,510
3653,1778512357848,2582.7,716,25.70,53.57,-1,-1,502,510
3654,1778512358564,2583.5,716,25.70,53.56,-1,-1,502,510
3655,1778512359293,2584.2,729,25.69,53.57,-1,-1,502,510
3656,1778512360021,2584.9,728,25.68,53.56,-1,-1,502,510
3657,1778512360748,2585.6,726,25.68,53.57,-1,-1,503,510
3658,1778512361495,2586.4,747,25.67,53.58,-1,-1,503,510
3659,1778512362230,2587.1,735,25.66,53.57,-1,-1,503,510
3660,1778512363258,2588.2,771,25.68,53.58,-1,-1,503,510
3661,1778512364146,2589.0,705,25.70,53.59,-1,-1,503,510
3662,1778512365089,2590.0,718,25.72,53.60,-1,-1,503,510
3663,1778512365818,2590.7,728,25.72,53.59,-1,-1,504,510
3664,1778512366532,2591.4,714,25.71,53.60,-1,-1,504,510
3665,1778512367469,2592.4,746,25.73,53.62,-1,-1,504,510
3666,1778512368180,2593.1,711,25.72,53.60,-1,-1,504,510
3667,1778512368931,2593.8,751,25.72,53.59,-1,-1,504,510
3668,1778512369859,2594.8,711,25.74,53.60,-1,-1,504,510
3669,1778512370569,2595.5,709,25.73,53.58,-1,-1,505,510
3670,1778512371275,2596.2,706,25.72,53.60,-1,-1,505,510
3671,1778512371999,2596.9,723,25.72,53.58,-1,-1,505,510
3672,1778512372723,2597.6,721,25.71,53.57,-1,-1,505,510
3673,1778512373449,2598.3,726,25.70,53.55,-1,-1,505,510
3674,1778512374173,2599.1,724,25.69,53.57,-1,-1,505,510
3675,1778512375171,2600.1,776,25.71,53.58,-1,-1,505,510
3676,1778512375890,2600.8,718,25.71,53.59,-1,-1,506,510
3677,1778512376819,2601.7,699,25.73,53.60,-1,-1,506,510
3678,1778512377817,2602.7,729,25.75,53.62,-1,-1,506,510
3679,1778512378531,2603.4,713,25.74,53.63,-1,-1,506,510
3680,1778512379489,2604.4,720,25.76,53.64,-1,-1,506,510
3681,1778512380218,2605.1,728,25.75,53.65,-1,-1,506,510
3682,1778512380928,2605.8,707,25.75,53.67,-1,-1,507,510
3683,1778512381643,2606.5,714,25.74,53.65,-1,-1,507,510
3684,1778512382615,2607.5,731,25.76,53.66,-1,-1,507,510
3685,1778512383313,2608.2,697,25.75,53.68,-1,-1,507,510
3686,1778512384010,2608.9,697,25.75,53.69,-1,-1,507,510
3687,1778512384721,2609.6,711,25.74,53.68,-1,-1,507,510
3688,1778512385422,2610.3,700,25.73,53.69,-1,-1,508,510
3689,1778512386123,2611.0,700,25.73,53.67,-1,-1,508,510
3690,1778512387135,2612.0,726,25.75,53.69,-1,-1,508,510
3691,1778512387839,2612.7,704,25.74,53.67,-1,-1,508,510
3692,1778512388548,2613.4,706,25.73,53.68,-1,-1,508,510
3693,1778512389267,2614.2,719,25.72,53.70,-1,-1,508,510
3694,1778512390004,2614.9,737,25.72,53.71,-1,-1,509,510
3695,1778512390728,2615.6,724,25.71,53.69,-1,-1,509,510
3696,1778512391446,2616.3,718,25.70,53.68,-1,-1,509,510
3697,1778512392180,2617.1,733,25.70,53.67,-1,-1,509,510
3698,1778512392916,2617.8,736,25.69,53.68,-1,-1,509,510
3699,1778512393889,2618.8,738,25.71,53.69,-1,-1,509,510
3700,1778512394620,2619.5,731,25.70,53.68,-1,-1,510,510
3701,1778512395580,2620.5,721,25.72,53.69,3694,64,510,510
3702,1778512396361,2621.3,778,25.72,53.70,-1,-1,510,510
3703,1778512397078,2622.0,716,25.71,53.69,-1,-1,510,510
3704,1778512397817,2622.7,739,25.70,53.67,-1,-1,485,510
3705,1778512398543,2623.4,726,25.70,53.66,-1,-1,486,510
3706,1778512399318,2624.2,775,25.69,53.67,-1,-1,486,510
3707,1778512400021,2624.9,703,25.68,53.66,-1,-1,486,510
3708,1778512400738,2625.6,715,25.67,53.64,-1,-1,486,510
3709,1778512401480,2626.4,742,25.67,53.65,-1,-1,486,510
3710,1778512402208,2627.1,727,25.66,53.64,-1,-1,486,510
3711,1778512402908,2627.8,699,25.65,53.65,-1,-1,487,510
3712,1778512403622,2628.5,711,25.65,53.64,-1,-1,487,510
3713,1778512404355,2629.2,733,25.64,53.65,-1,-1,487,510
3714,1778512405110,2630.0,754,25.63,53.66,-1,-1,487,510
3715,1778512405835,2630.7,724,25.63,53.67,-1,-1,487,510
3716,1778512406861,2631.8,718,25.65,53.69,-1,-1,487,510
3717,1778512407820,2632.7,735,25.67,53.70,-1,-1,488,510
3718,1778512408789,2633.7,753,25.69,53.71,-1,-1,488,510
3719,1778512409497,2634.4,708,25.68,53.70,-1,-1,488,510
3720,1778512410212,2635.1,715,25.67,53.68,-1,-1,488,510
3721,1778512411203,2636.1,713,25.69,53.70,-1,-1,488,510
3722,1778512411941,2636.8,733,25.69,53.68,-1,-1,488,510
3723,1778512412667,2637.6,725,25.68,53.67,-1,-1,489,510
3724,1778512413390,2638.3,723,25.67,53.65,-1,-1,489,510
3725,1778512414466,2639.4,711,25.69,53.66,-1,-1,489,510
3726,1778512415440,2640.3,717,25.71,53.68,-1,-1,489,510
3727,1778512416171,2641.1,730,25.70,53.66,-1,-1,489,510
3728,1778512417138,2642.0,706,25.72,53.67,-1,-1,489,510
3729,1778512417824,2642.7,684,25.72,53.66,-1,-1,490,510
3730,1778512418545,2643.4,721,25.71,53.65,-1,-1,490,510
3731,1778512419488,2644.4,710,25.73,53.66,-1,-1,490,510
3732,1778512420401,2645.3,720,25.75,53.67,-1,-1,490,510
3733,1778512421114,2646.0,712,25.74,53.66,-1,-1,490,510
3734,1778512421826,2646.7,712,25.74,53.64,-1,-1,490,510
3735,1778512422533,2647.4,707,25.73,53.63,-1,-1,490,510
3736,1778512423513,2648.4,780,25.75,53.64,-1,-1,491,510
3737,1778512424440,2649.3,714,25.77,53.65,-1,-1,491,510
3738,1778512425363,2650.3,722,25.79,53.67,-1,-1,491,510
3739,1778512426075,2651.0,710,25.78,53.68,-1,-1,491,510
3740,1778512427041,2651.9,760,25.80,53.69,-1,-1,491,510
3741,1778512427743,2652.6,702,25.80,53.68,-1,-1,491,510
3742,1778512428484,2653.4,737,25.79,53.66,-1,-1,492,510
3743,1778512429204,2654.1,720,25.78,53.67,-1,-1,492,510
3744,1778512429901,2654.8,696,25.77,53.69,-1,-1,492,510
3745,1778512430843,2655.7,703,25.79,53.70,-1,-1,492,510
3746,1778512431547,2656.4,704,25.79,53.71,-1,-1,492,510
3747,1778512432264,2657.2,716,25.78,53.70,-1,-1,492,510
3748,1778512433021,2657.9,757,25.77,53.68,-1,-1,493,510
3749,1778512433978,2658.9,720,25.79,53.69,-1,-1,493,510
3750,1778512434710,2659.6,731,25.79,53.68,-1,-1,493,510
3751,1778512435440,2660.3,730,25.78,53.69,3694,64,493,510
3752,1778512436162,2661.1,719,25.77,53.70,-1,-1,493,510
3753,1778512436889,2661.8,726,25.77,53.69,-1,-1,493,510
3754,1778512437620,2662.5,730,25.76,53.70,-1,-1,494,510
3755,1778512438623,2663.5,712,25.78,53.72,-1,-1,494,510
3756,1778512439597,2664.5,739,25.80,53.73,-1,-1,494,510
3757,1778512440321,2665.2,723,25.79,53.71,-1,-1,494,510
3758,1778512441045,2665.9,724,25.78,53.70,-1,-1,494,510
3759,1778512441808,2666.7,763,25.78,53.71,-1,-1,494,510
3760,1778512442535,2667.4,727,25.77,53.70,-1,-1,494,510
3761,1778512443261,2668.2,726,25.76,53.71,-1,-1,495,510
3762,1778512443975,2668.9,711,25.76,53.72,-1,-1,495,510
3763,1778512444692,2669.6,717,25.75,53.71,-1,-1,495,510
3764,1778512445657,2670.6,698,25.77,53.72,-1,-1,495,510
3765,1778512446373,2671.3,716,25.76,53.73,-1,-1,495,510
3766,1778512447085,2672.0,711,25.76,53.74,-1,-1,495,510
3767,1778512447879,2672.8,793,25.75,53.76,-1,-1,496,510
3768,1778512448852,2673.7,708,25.77,53.77,-1,-1,496,510
3769,1778512449578,2674.5,725,25.76,53.75,-1,-1,496,510
3770,1778512450307,2675.2,729,25.76,53.74,-1,-1,496,510
3771,1778512451028,2675.9,720,25.75,53.73,-1,-1,496,510
3772,1778512451757,2676.7,726,25.74,53.71,-1,-1,496,510
3773,1778512452485,2677.4,728,25.74,53.70,-1,-1,497,510
3774,1778512453205,2678.1,719,25.73,53.71,-1,-1,497,510
3775,1778512453917,2678.8,712,25.72,53.72,-1,-1,497,510
3776,1778512454657,2679.6,740,25.72,53.71,-1,-1,497,510
3777,1778512455643,2680.5,728,25.73,53.72,-1,-1,497,510
3778,1778512456348,2681.2,704,25.73,53.71,-1,-1,498,510
3779,1778512457061,2682.0,713,25.72,53.69,-1,-1,498,510
3780,1778512458034,2682.9,711,25.74,53.70,-1,-1,498,510
3781,1778512458754,2683.6,719,25.73,53.69,-1,-1,499,510
3782,1778512459487,2684.4,730,25.73,53.68,-1,-1,498,510
3783,1778512460199,2685.1,711,25.72,53.66,-1,-1,498,510
3784,1778512461197,2686.1,711,25.74,53.67,-1,-1,498,510
3785,1778512461920,2686.8,723,25.73,53.66,-1,-1,499,510
3786,1778512462868,2687.8,741,25.75,53.67,-1,-1,499,510
3787,1778512463582,2688.5,713,25.75,53.66,-1,-1,500,510
3788,1778512464522,2689.4,704,25.77,53.67,-1,-1,499,510
3789,1778512465445,2690.3,721,25.79,53.68,-1,-1,499,510
3790,1778512466238,2691.1,792,25.78,53.69,-1,-1,500,510
3791,1778512467214,2692.1,709,25.80,53.71,-1,-1,500,510
3792,1778512467920,2692.8,704,25.79,53.69,-1,-1,501,510
3793,1778512468686,2693.6,766,25.78,53.68,-1,-1,501,510
3794,1778512469176,2694.1,489,25.78,53.69,-1,-1,501,510
3795,1778512469839,2694.7,662,25.77,53.70,-1,-1,501,510
3796,1778512470820,2695.7,710,25.79,53.71,-1,-1,501,510
3797,1778512471764,2696.7,718,25.81,53.73,-1,-1,501,510
3798,1778512472672,2697.6,707,25.83,53.74,-1,-1,502,510
3799,1778512473387,2698.3,714,25.82,53.72,-1,-1,502,510
3800,1778512474362,2699.3,713,25.84,53.74,-1,-1,502,510
3801,1778512475115,2700.0,753,25.84,53.75,3692,66,502,510
3802,1778512475819,2700.7,701,25.83,53.73,-1,-1,502,510
3803,1778512476817,2701.7,700,25.85,53.75,-1,-1,502,510
3804,1778512477524,2702.4,706,25.84,53.73,-1,-1,503,510
3805,1778512478247,2703.1,723,25.83,53.72,-1,-1,503,510
3806,1778512479205,2704.1,725,25.85,53.73,-1,-1,503,510
3807,1778512479916,2704.8,710,25.85,53.72,-1,-1,503,510
3808,1778512480632,2705.5,716,25.84,53.73,-1,-1,503,510
3809,1778512481371,2706.3,739,25.83,53.74,-1,-1,503,510
3810,1778512482127,2707.0,756,25.83,53.73,-1,-1,504,510
3811,1778512482837,2707.7,710,25.82,53.71,-1,-1,504,510
3812,1778512483847,2708.7,711,25.84,53.73,-1,-1,504,510
3813,1778512484568,2709.5,720,25.83,53.74,-1,-1,504,510
3814,1778512485277,2710.2,709,25.83,53.75,-1,-1,504,510
3815,1778512486300,2711.2,711,25.85,53.76,-1,-1,504,510
3816,1778512487061,2712.0,760,25.84,53.75,-1,-1,505,510
3817,1778512487771,2712.7,710,25.83,53.73,-1,-1,505,510
3818,1778512488483,2713.4,712,25.83,53.75,-1,-1,505,510
3819,1778512489196,2714.1,712,25.82,53.73,-1,-1,505,510
3820,1778512490157,2715.1,697,25.84,53.74,-1,-1,505,510
3821,1778512490876,2715.8,719,25.83,53.73,-1,-1,505,510
3822,1778512491594,2716.5,715,25.82,53.72,-1,-1,505,510
3823,1778512492324,2717.2,730,25.82,53.70,-1,-1,506,510
3824,1778512493054,2717.9,730,25.81,53.69,-1,-1,506,510
3825,1778512494011,2718.9,736,25.83,53.70,-1,-1,506,510
3826,1778512494740,2719.6,728,25.82,53.69,-1,-1,506,510
3827,1778512495636,2720.5,726,25.84,53.70,-1,-1,506,510
3828,1778512496348,2721.2,712,25.84,53.68,-1,-1,506,510
3829,1778512497264,2722.2,709,25.86,53.70,-1,-1,507,510
3830,1778512497982,2722.9,717,25.85,53.68,-1,-1,507,510
3831,1778512498705,2723.6,723,25.84,53.69,-1,-1,507,510
3832,1778512499477,2724.4,770,25.84,53.68,-1,-1,507,510
3833,1778512500228,2725.1,750,25.83,53.69,-1,-1,507,510
3834,1778512501181,2726.1,715,25.85,53.70,-1,-1,507,510
3835,1778512501942,2726.8,761,25.84,53.72,-1,-1,508,510
3836,1778512502841,2727.7,689,25.86,53.73,-1,-1,508,510
3837,1778512503563,2728.5,721,25.85,53.71,-1,-1,508,510
3838,1778512504284,2729.2,721,25.85,53.70,-1,-1,508,510
3839,1778512504985,2729.9,701,25.84,53.69,-1,-1,508,510
3840,1778512505692,2730.6,706,25.83,53.67,-1,-1,508,510
3841,1778512506398,2731.3,706,25.83,53.66,-1,-1,509,510
3842,1778512507112,2732.0,711,25.82,53.64,-1,-1,509,510
3843,1778512508120,2733.0,684,25.84,53.66,-1,-1,509,510
3844,1778512509028,2733.9,727,25.86,53.67,-1,-1,509,510
3845,1778512509960,2734.9,719,25.88,53.68,-1,-1,509,510
3846,1778512510692,2735.6,731,25.87,53.69,-1,-1,509,510
3847,1778512511411,2736.3,718,25.86,53.68,-1,-1,510,510
3848,1778512512378,2737.3,744,25.88,53.69,-1,-1,510,510
3849,1778512513107,2738.0,728,25.88,53.70,-1,-1,510,510
3850,1778512513822,2738.7,714,25.87,53.69,-1,-1,510,510
3851,1778512514523,2739.4,701,25.86,53.67,3690,68,485,510
3852,1778512515242,2740.1,716,25.86,53.66,-1,-1,485,510
3853,1778512516255,2741.1,730,25.88,53.67,-1,-1,486,510
3854,1778512517136,2742.0,720,25.90,53.68,-1,-1,486,510
3855,1778512518051,2742.9,713,25.91,53.70,-1,-1,486,510
3856,1778512518764,2743.7,711,25.91,53.68,-1,-1,486,510
3857,1778512519499,2744.4,735,25.90,53.67,-1,-1,486,510
3858,1778512520228,2745.1,729,25.89,53.68,-1,-1,486,510
3859,1778512520981,2745.9,753,25.89,53.69,-1,-1,487,510
3860,1778512521692,2746.6,710,25.88,53.68,-1,-1,487,510
3861,1778512522395,2747.3,703,25.87,53.69,-1,-1,487,510
3862,1778512523136,2748.0,739,25.87,53.68,-1,-1,487,510
3863,1778512523875,2748.8,739,25.86,53.66,-1,-1,487,510
3864,1778512524599,2749.5,723,25.85,53.65,-1,-1,487,510
3865,1778512525588,2750.5,732,25.87,53.66,-1,-1,488,510
3866,1778512526313,2751.2,724,25.87,53.65,-1,-1,488,510
3867,1778512527017,2751.9,704,25.86,53.66,-1,-1,488,510
3868,1778512527746,2752.6,729,25.85,53.65,-1,-1,488,510
3869,1778512528715,2753.6,727,25.87,53.66,-1,-1,488,510
3870,1778512529696,2754.6,786,25.89,53.67,-1,-1,488,510
3871,1778512530631,2755.5,720,25.91,53.68,-1,-1,488,510
3872,1778512531565,2756.5,723,25.93,53.69,-1,-1,489,510
3873,1778512532333,2757.2,768,25.92,53.71,-1,-1,489,510
3874,1778512533038,2757.9,705,25.92,53.69,-1,-1,489,510
3875,1778512533770,2758.7,732,25.91,53.70,-1,-1,489,510
3876,1778512534505,2759.4,735,25.90,53.72,-1,-1,489,510
3877,1778512535235,2760.1,729,25.90,53.70,-1,-1,489,510
3878,1778512535988,2760.9,752,25.89,53.71,-1,-1,490,510
3879,1778512536704,2761.6,715,25.88,53.73,-1,-1,490,510
3880,1778512537682,2762.6,734,25.90,53.74,-1,-1,490,510
3881,1778512538399,2763.3,717,25.90,53.72,-1,-1,490,510
3882,1778512539348,2764.2,706,25.91,53.74,-1,-1,490,510
3883,1778512540067,2765.0,718,25.91,53.75,-1,-1,490,510
3884,1778512541027,2765.9,722,25.93,53.76,-1,-1,491,510
3885,1778512541738,2766.6,710,25.92,53.75,-1,-1,491,510
3886,1778512542464,2767.4,725,25.91,53.73,-1,-1,491,510
3887,1778512543168,2768.1,704,25.91,53.74,-1,-1,491,510
3888,1778512543892,2768.8,724,25.90,53.73,-1,-1,491,510
3889,1778512544660,2769.6,767,25.89,53.72,-1,-1,491,510
3890,1778512545368,2770.3,708,25.89,53.73,-1,-1,492,510
3891,1778512546109,2771.0,741,25.88,53.71,-1,-1,492,510
3892,1778512547185,2772.1,720,25.90,53.73,-1,-1,492,510
3893,1778512547908,2772.8,722,25.89,53.74,-1,-1,492,510
3894,1778512548626,2773.5,718,25.89,53.75,-1,-1,492,510
3895,1778512549362,2774.3,735,25.88,53.74,-1,-1,492,510
3896,1778512550084,2775.0,720,25.87,53.72,-1,-1,492,510
3897,1778512551163,2776.1,781,25.89,53.73,-1,-1,493,510
3898,1778512551868,2776.8,704,25.89,53.75,-1,-1,493,510
3899,1778512552588,2777.5,720,25.88,53.76,-1,-1,493,510
3900,1778512553540,2778.4,720,25.90,53.77,-1,-1,493,510
3901,1778512554277,2779.2,737,25.89,53.78,3690,68,493,510
3902,1778512554986,2779.9,707,25.88,53.79,-1,-1,493,510
3903,1778512555704,2780.6,718,25.88,53.78,-1,-1,494,510
3904,1778512556409,2781.3,705,25.87,53.77,-1,-1,494,510
3905,1778512557405,2782.3,717,25.89,53.78,-1,-1,494,510
3906,1778512558109,2783.0,704,25.88,53.76,-1,-1,494,510
3907,1778512558815,2783.7,705,25.88,53.78,-1,-1,494,510
3908,1778512559549,2784.4,733,25.87,53.76,-1,-1,494,510
3909,1778512560292,2785.2,743,25.86,53.75,-1,-1,495,510
3910,1778512561036,2785.9,743,25.86,53.73,-1,-1,495,510
3911,1778512561739,2786.6,703,25.85,53.72,-1,-1,495,510
3912,1778512562484,2787.4,743,25.84,53.73,-1,-1,495,510
3913,1778512563418,2788.3,705,25.86,53.74,-1,-1,495,510
3914,1778512564367,2789.3,701,25.88,53.76,-1,-1,495,510
3915,1778512565068,2790.0,700,25.87,53.77,-1,-1,496,510
3916,1778512566011,2790.9,722,25.89,53.78,-1,-1,496,510
3917,1778512566736,2791.6,725,25.89,53.77,-1,-1,497,510
3918,1778512567465,2792.4,729,25.88,53.75,-1,-1,496,510
3919,1778512568195,2793.1,730,25.87,53.76,-1,-1,496,510
3920,1778512568907,2793.8,712,25.87,53.75,-1,-1,496,510
3921,1778512569628,2794.5,721,25.86,53.74,-1,-1,496,510
3922,1778512570393,2795.3,762,25.85,53.72,-1,-1,497,510
3923,1778512571116,2796.0,723,25.85,53.71,-1,-1,497,510
3924,1778512571845,2796.7,729,25.84,53.70,-1,-1,497,510
3925,1778512572580,2797.5,735,25.83,53.71,-1,-1,497,510
3926,1778512573316,2798.2,736,25.83,53.69,-1,-1,497,510
3927,1778512574254,2799.1,721,25.85,53.71,-1,-1,497,510
3928,1778512575005,2799.9,750,25.84,53.72,-1,-1,499,510
3929,1778512575716,2800.6,711,25.83,53.70,-1,-1,498,510
3930,1778512576650,2801.5,725,25.85,53.72,-1,-1,498,510
3931,1778512577362,2802.3,712,25.85,53.73,-1,-1,499,510
3932,1778512578060,2803.0,696,25.84,53.74,-1,-1,498,510
3933,1778512578762,2803.7,702,25.83,53.75,-1,-1,499,510
3934,1778512579480,2804.4,718,25.83,53.74,-1,-1,500,510
3935,1778512580182,2805.1,701,25.82,53.75,-1,-1,500,510
3936,1778512580908,2805.8,725,25.81,53.73,-1,-1,500,510
3937,1778512581983,2806.9,744,25.83,53.75,-1,-1,500,510
3938,1778512582709,2807.6,725,25.83,53.73,-1,-1,500,510
3939,1778512583666,2808.6,727,25.84,53.74,-1,-1,500,510
3940,1778512584400,2809.3,733,25.84,53.73,-1,-1,501,510
3941,1778512585100,2810.0,700,25.83,53.72,-1,-1,501,510
3942,1778512585939,2810.8,835,25.82,53.73,-1,-1,501,510
3943,1778512586653,2811.5,714,25.82,53.72,-1,-1,501,510
3944,1778512587365,2812.3,712,25.81,53.73,-1,-1,501,510
3945,1778512588319,2813.2,707,25.83,53.74,-1,-1,501,510
3946,1778512589261,2814.2,767,25.85,53.75,-1,-1,501,510
3947,1778512589978,2814.9,717,25.84,53.76,-1,-1,502,510
3948,1778512590682,2815.6,704,25.84,53.77,-1,-1,502,510
3949,1778512591405,2816.3,722,25.83,53.79,-1,-1,502,510
3950,1778512592136,2817.0,731,25.82,53.77,-1,-1,502,510
3951,1778512592878,2817.8,742,25.82,53.78,3690,68,502,510
3952,1778512593802,2818.7,717,25.84,53.80,-1,-1,502,510
3953,1778512594530,2819.4,728,25.83,53.78,-1,-1,503,510
3954,1778512595254,2820.1,724,25.82,53.79,-1,-1,503,510
3955,1778512595978,2820.9,724,25.82,53.78,-1,-1,503,510
3956,1778512596695,2821.6,716,25.81,53.77,-1,-1,503,510
3957,1778512597624,2822.5,710,25.83,53.78,-1,-1,503,510
3958,1778512598339,2823.2,714,25.82,53.79,-1,-1,503,510
3959,1778512599277,2824.2,703,25.84,53.80,-1,-1,504,510
3960,1778512600020,2824.9,742,25.83,53.79,-1,-1,504,510
3961,1778512600724,2825.6,704,25.83,53.77,-1,-1,504,510
3962,1778512601426,2826.3,700,25.82,53.79,-1,-1,504,510
3963,1778512602341,2827.2,700,25.84,53.80,-1,-1,504,510
3964,1778512603054,2827.9,712,25.83,53.78,-1,-1,504,510
3965,1778512603808,2828.7,753,25.83,53.77,-1,-1,505,510
3966,1778512604763,2829.7,709,25.84,53.78,-1,-1,505,510
3967,1778512605475,2830.4,711,25.84,53.77,-1,-1,505,510
3968,1778512606385,2831.3,709,25.86,53.78,-1,-1,505,510
3969,1778512607152,2832.0,767,25.85,53.79,-1,-1,505,510
3970,1778512607878,2832.8,726,25.84,53.80,-1,-1,505,510
3971,1778512608590,2833.5,712,25.84,53.82,-1,-1,505,510
3972,1778512609306,2834.2,712,25.83,53.83,-1,-1,506,510
3973,1778512609993,2834.9,686,25.82,53.81,-1,-1,506,510
3974,1778512610727,2835.6,733,25.82,53.82,-1,-1,506,510
3975,1778512611455,2836.3,727,25.81,53.81,-1,-1,506,510
3976,1778512612159,2837.1,704,25.80,53.80,-1,-1,506,510
3977,1778512612865,2837.8,706,25.80,53.78,-1,-1,506,510
3978,1778512613563,2838.5,697,25.79,53.77,-1,-1,507,510
3979,1778512614270,2839.2,706,25.79,53.76,-1,-1,507,510
3980,1778512614982,2839.9,712,25.78,53.77,-1,-1,507,510
3981,1778512615707,2840.6,725,25.77,53.78,-1,-1,507,510
3982,1778512616420,2841.3,708,25.77,53.77,-1,-1,507,510
3983,1778512617451,2842.3,719,25.78,53.78,-1,-1,507,510
3984,1778512618165,2843.1,713,25.78,53.77,-1,-1,508,510
3985,1778512618876,2843.8,710,25.77,53.75,-1,-1,508,510
3986,1778512619802,2844.7,721,25.79,53.76,-1,-1,508,510
3987,1778512620523,2845.4,720,25.78,53.77,-1,-1,508,510
3988,1778512621232,2846.1,708,25.78,53.79,-1,-1,508,510
3989,1778512621980,2846.9,748,25.77,53.77,-1,-1,508,510
3990,1778512622702,2847.6,722,25.76,53.76,-1,-1,508,510
3991,1778512623682,2848.6,726,25.78,53.77,-1,-1,509,510
3992,1778512624628,2849.5,736,25.80,53.78,-1,-1,509,510
3993,1778512625358,2850.3,728,25.80,53.77,-1,-1,509,510
3994,1778512626076,2851.0,718,25.79,53.76,-1,-1,509,510
3995,1778512626798,2851.7,722,25.78,53.74,-1,-1,509,510
3996,1778512627520,2852.4,722,25.78,53.75,-1,-1,509,510
3997,1778512628217,2853.1,696,25.77,53.77,-1,-1,510,510
3998,1778512628938,2853.8,720,25.76,53.75,-1,-1,510,510
3999,1778512629646,2854.5,708,25.76,53.74,-1,-1,510,510
4000,1778512630665,2855.6,717,25.77,53.75,-1,-1,485,510
4001,1778512631611,2856.5,714,25.79,53.76,3688,70,486,510
4002,1778512632322,2857.2,708,25.79,53.75,-1,-1,486,510
4003,1778512633280,2858.2,706,25.81,53.76,-1,-1,486,510
4004,1778512634280,2859.2,763,25.82,53.77,-1,-1,486,510
4005,1778512635003,2859.9,722,25.82,53.78,-1,-1,486,510
4006,1778512635708,2860.6,705,25.81,53.77,-1,-1,486,510
4007,1778512636416,2861.3,707,25.80,53.78,-1,-1,487,510
4008,1778512637185,2862.1,769,25.80,53.77,-1,-1,487,510
4009,1778512638115,2863.0,712,25.82,53.78,-1,-1,487,510
4010,1778512638827,2863.7,712,25.81,53.77,-1,-1,487,510
4011,1778512639548,2864.4,720,25.80,53.78,-1,-1,487,510
4012,1778512640294,2865.2,742,25.80,53.76,-1,-1,487,510
4013,1778512641021,2865.9,727,25.79,53.75,-1,-1,488,510
4014,1778512641743,2866.6,722,25.78,53.74,-1,-1,488,510
4015,1778512642456,2867.4,713,25.78,53.75,-1,-1,488,510
4016,1778512643174,2868.1,717,25.77,53.74,-1,-1,488,510
4017,1778512643877,2868.8,703,25.77,53.72,-1,-1,488,510
4018,1778512644594,2869.5,717,25.76,53.73,-1,-1,488,510
4019,1778512645301,2870.2,707,25.75,53.74,-1,-1,488,510
4020,1778512646023,2870.9,722,25.75,53.76,-1,-1,489,510
4021,1778512646727,2871.6,703,25.74,53.74,-1,-1,489,510
4022,1778512647455,2872.3,723,25.73,53.75,-1,-1,489,510
4023,1778512648170,2873.1,715,25.73,53.74,-1,-1,489,510
4024,1778512648901,2873.8,731,25.72,53.73,-1,-1,489,510
4025,1778512649620,2874.5,719,25.71,53.71,-1,-1,489,510
4026,1778512650625,2875.5,734,25.73,53.73,-1,-1,490,510
4027,1778512651334,2876.2,708,25.73,53.71,-1,-1,490,510
4028,1778512652042,2876.9,708,25.72,53.70,-1,-1,490,510
4029,1778512652765,2877.7,723,25.71,53.71,-1,-1,490,510
4030,1778512653816,2878.7,743,25.73,53.72,-1,-1,490,510
4031,1778512654532,2879.4,714,25.73,53.71,-1,-1,490,510
4032,1778512655251,2880.1,716,25.72,53.70,-1,-1,491,510
4033,1778512655973,2880.9,722,25.71,53.71,-1,-1,491,510
4034,1778512656700,2881.6,727,25.71,53.69,-1,-1,491,510
4035,1778512657434,2882.3,733,25.70,53.68,-1,-1,491,510
4036,1778512658387,2883.3,722,25.72,53.69,-1,-1,491,510
4037,1778512659108,2884.0,721,25.71,53.68,-1,-1,491,510
4038,1778512659828,2884.7,720,25.71,53.67,-1,-1,491,510
4039,1778512660567,2885.5,738,25.70,53.68,-1,-1,492,510
4040,1778512661334,2886.2,767,25.69,53.66,-1,-1,492,510
4041,1778512662068,2887.0,734,25.69,53.65,-1,-1,492,510
4042,1778512662784,2887.7,713,25.68,53.64,-1,-1,492,510
4043,1778512663494,2888.4,709,25.67,53.62,-1,-1,492,510
4044,1778512664244,2889.1,748,25.67,53.61,-1,-1,492,510
4045,1778512664946,2889.8,702,25.66,53.60,-1,-1,493,510
4046,1778512665675,2890.6,728,25.65,53.58,-1,-1,493,510
4047,1778512666703,2891.6,707,25.67,53.60,-1,-1,493,510
4048,1778512667454,2892.3,751,25.67,53.58,-1,-1,493,510
4049,1778512668168,2893.1,714,25.66,53.57,-1,-1,493,510
4050,1778512669112,2894.0,748,25.68,53.58,-1,-1,493,510
4051,1778512669846,2894.7,733,25.67,53.59,3688,70,494,510
4052,1778512670571,2895.5,723,25.67,53.58,-1,-1,494,510
4053,1778512671306,2896.2,735,25.66,53.57,-1,-1,494,510
4054,1778512672035,2896.9,728,25.65,53.58,-1,-1,494,510
4055,1778512672768,2897.7,733,25.65,53.56,-1,-1,494,510
4056,1778512673725,2898.6,723,25.67,53.57,-1,-1,494,510
4057,1778512674455,2899.3,730,25.66,53.56,-1,-1,494,510
4058,1778512675163,2900.1,708,25.65,53.57,-1,-1,495,510
4059,1778512675898,2900.8,735,25.65,53.58,-1,-1,495,510
4060,1778512676620,2901.5,722,25.64,53.57,-1,-1,495,510
4061,1778512677312,2902.2,692,25.63,53.56,-1,-1,495,510
4062,1778512678059,2903.0,745,25.63,53.55,-1,-1,495,510
4063,1778512678762,2903.7,703,25.62,53.53,-1,-1,495,510
4064,1778512679480,2904.4,718,25.62,53.52,-1,-1,496,510
4065,1778512680212,2905.1,732,25.61,53.53,-1,-1,496,510
4066,1778512680924,2905.8,711,25.60,53.52,-1,-1,496,510
4067,1778512681640,2906.5,716,25.60,53.50,-1,-1,496,510
4068,1778512682350,2907.2,710,25.59,53.52,-1,-1,496,510
4069,1778512683339,2908.2,726,25.61,53.53,-1,-1,496,510
4070,1778512684278,2909.2,725,25.63,53.54,-1,-1,497,510
4071,1778512685004,2909.9,726,25.62,53.52,-1,-1,498,510
4072,1778512685717,2910.6,711,25.61,53.51,-1,-1,497,510
4073,1778512686453,2911.3,736,25.61,53.52,-1,-1,497,510
4074,1778512687173,2912.1,720,25.60,53.53,-1,-1,497,510
4075,1778512687886,2912.8,712,25.60,53.52,-1,-1,497,510
4076,1778512688588,2913.5,701,25.59,53.53,-1,-1,498,510
4077,1778512689596,2914.5,738,25.61,53.54,-1,-1,498,510
4078,1778512690315,2915.2,719,25.60,53.53,-1,-1,499,510
4079,1778512691024,2915.9,708,25.59,53.52,-1,-1,498,510
4080,1778512691803,2916.7,779,25.59,53.50,-1,-1,498,510
4081,1778512692764,2917.7,717,25.61,53.52,-1,-1,498,510
4082,1778512693480,2918.4,713,25.60,53.50,-1,-1,499,510
4083,1778512694421,2919.3,681,25.62,53.51,-1,-1,499,510
4084,1778512695158,2920.1,736,25.61,53.50,-1,-1,500,510
4085,1778512696108,2921.0,712,25.63,53.51,-1,-1,499,510
4086,1778512696733,2921.6,623,25.62,53.52,-1,-1,500,510
4087,1778512697214,2922.1,481,25.62,53.54,-1,-1,500,510
4088,1778512697972,2922.9,758,25.61,53.55,-1,-1,500,510
4089,1778512698974,2923.9,728,25.63,53.56,-1,-1,501,510
4090,1778512699906,2924.8,714,25.65,53.57,-1,-1,501,510
4091,1778512700652,2925.5,745,25.64,53.56,-1,-1,501,510
4092,1778512701384,2926.3,729,25.64,53.54,-1,-1,501,510
4093,1778512702319,2927.2,740,25.65,53.55,-1,-1,501,510
4094,1778512703049,2927.9,729,25.65,53.54,-1,-1,501,510
4095,1778512703785,2928.7,735,25.64,53.53,-1,-1,502,510
4096,1778512704491,2929.4,706,25.63,53.54,-1,-1,502,510
4097,1778512705211,2930.1,718,25.63,53.53,-1,-1,502,510
4098,1778512705936,2930.8,725,25.62,53.51,-1,-1,502,510
4099,1778512706656,2931.6,720,25.62,53.53,-1,-1,502,510
4100,1778512707648,2932.5,704,25.63,53.54,-1,-1,502,510
4101,1778512708581,2933.5,721,25.65,53.55,3686,72,503,510
4102,1778512709503,2934.4,716,25.67,53.56,-1,-1,503,510
4103,1778512710449,2935.3,708,25.69,53.57,-1,-1,503,510
4104,1778512711401,2936.3,717,25.71,53.58,-1,-1,503,510
4105,1778512712125,2937.0,724,25.70,53.57,-1,-1,503,510
4106,1778512712833,2937.7,707,25.69,53.58,-1,-1,503,510
4107,1778512713553,2938.4,720,25.69,53.59,-1,-1,504,510
4108,1778512714529,2939.4,711,25.71,53.60,-1,-1,504,510
4109,1778512715237,2940.1,707,25.70,53.59,-1,-1,504,510
4110,1778512716200,2941.1,779,25.72,53.60,-1,-1,504,510
4111,1778512717113,2942.0,715,25.74,53.61,-1,-1,504,510
4112,1778512717830,2942.7,711,25.73,53.60,-1,-1,504,510
4113,1778512718607,2943.5,777,25.72,53.59,-1,-1,504,510
4114,1778512719587,2944.5,738,25.74,53.60,-1,-1,505,510
4115,1778512720308,2945.2,721,25.74,53.58,-1,-1,505,510
4116,1778512721012,2945.9,704,25.73,53.57,-1,-1,505,510
4117,1778512721771,2946.7,759,25.72,53.58,-1,-1,505,510
4118,1778512722485,2947.4,714,25.72,53.57,-1,-1,505,510
4119,1778512723198,2948.1,713,25.71,53.56,-1,-1,505,510
4120,1778512723901,2948.8,702,25.70,53.54,-1,-1,506,510
4121,1778512724644,2949.5,743,25.70,53.53,-1,-1,506,510
4122,1778512725388,2950.3,741,25.69,53.52,-1,-1,506,510
4123,1778512726122,2951.0,733,25.69,53.50,-1,-1,506,510
4124,1778512726833,2951.7,709,25.68,53.49,-1,-1,506,510
4125,1778512727578,2952.5,745,25.67,53.48,-1,-1,506,510
4126,1778512728270,2953.2,691,25.67,53.49,-1,-1,507,510
4127,1778512729361,2954.3,709,25.68,53.50,-1,-1,507,510
4128,1778512730075,2955.0,711,25.68,53.49,-1,-1,507,510
4129,1778512730781,2955.7,705,25.67,53.48,-1,-1,507,510
4130,1778512731507,2956.4,726,25.67,53.49,-1,-1,507,510
4131,1778512732236,2957.1,729,25.66,53.47,-1,-1,507,510
4132,1778512732978,2957.9,739,25.65,53.48,-1,-1,507,510
4133,1778512733706,2958.6,727,25.65,53.47,-1,-1,508,510
4134,1778512734432,2959.3,726,25.64,53.46,-1,-1,508,510
4135,1778512735512,2960.4,749,25.66,53.47,-1,-1,508,510
4136,1778512736415,2961.3,720,25.68,53.48,-1,-1,508,510
4137,1778512737365,2962.3,715,25.69,53.49,-1,-1,508,510
4138,1778512738116,2963.0,749,25.69,53.48,-1,-1,508,510
4139,1778512738839,2963.7,723,25.68,53.47,-1,-1,509,510
4140,1778512739567,2964.5,728,25.68,53.45,-1,-1,509,510
4141,1778512740501,2965.4,733,25.69,53.47,-1,-1,509,510
4142,1778512741222,2966.1,718,25.69,53.45,-1,-1,509,510
4143,1778512741922,2966.8,700,25.68,53.46,-1,-1,509,510
4144,1778512742644,2967.5,722,25.68,53.45,-1,-1,509,510
4145,1778512743363,2968.3,719,25.67,53.46,-1,-1,510,510
4146,1778512744092,2969.0,729,25.66,53.47,-1,-1,510,510
4147,1778512744830,2969.7,738,25.66,53.46,-1,-1,510,510
4148,1778512745823,2970.7,736,25.68,53.47,-1,-1,510,510
4149,1778512746532,2971.4,708,25.67,53.46,-1,-1,485,510
4150,1778512747261,2972.2,729,25.66,53.45,-1,-1,485,510
4151,1778512747982,2972.9,720,25.66,53.43,3686,72,486,510
4152,1778512749020,2973.9,701,25.67,53.44,-1,-1,486,510
4153,1778512749725,2974.6,705,25.67,53.46,-1,-1,486,510
4154,1778512750444,2975.3,719,25.66,53.47,-1,-1,486,510
4155,1778512751166,2976.1,722,25.66,53.45,-1,-1,486,510
4156,1778512752107,2977.0,727,25.67,53.46,-1,-1,486,510
4157,1778512752835,2977.7,727,25.67,53.45,-1,-1,487,510
4158,1778512753785,2978.7,700,25.69,53.46,-1,-1,487,510
4159,1778512754498,2979.4,712,25.68,53.45,-1,-1,487,510
4160,1778512755212,2980.1,714,25.67,53.44,-1,-1,487,510
4161,1778512755924,2980.8,711,25.67,53.42,-1,-1,487,510
4162,1778512756800,2981.7,694,25.68,53.44,-1,-1,487,510
4163,1778512757540,2982.4,739,25.68,53.45,-1,-1,488,510
4164,1778512758253,2983.1,713,25.67,53.46,-1,-1,488,510
4165,1778512759239,2984.1,707,25.69,53.47,-1,-1,488,510
4166,1778512760213,2985.1,718,25.71,53.48,-1,-1,488,510
4167,1778512761040,2985.9,825,25.70,53.47,-1,-1,488,510
4168,1778512761747,2986.6,707,25.70,53.45,-1,-1,488,510
4169,1778512762463,2987.4,716,25.69,53.47,-1,-1,489,510
4170,1778512763194,2988.1,730,25.68,53.48,-1,-1,489,510
4171,1778512763947,2988.8,753,25.68,53.46,-1,-1,489,510
4172,1778512764912,2989.8,722,25.70,53.48,-1,-1,489,510
4173,1778512765654,2990.5,741,25.69,53.46,-1,-1,489,510
4174,1778512766592,2991.5,713,25.71,53.47,-1,-1,489,510
4175,1778512767310,2992.2,718,25.70,53.46,-1,-1,490,510
4176,1778512768268,2993.2,717,25.72,53.47,-1,-1,490,510
4177,1778512769139,2994.0,704,25.74,53.48,-1,-1,490,510
4178,1778512769851,2994.7,711,25.73,53.47,-1,-1,490,510
4179,1778512770563,2995.5,712,25.72,53.46,-1,-1,490,510
4180,1778512771287,2996.2,724,25.72,53.44,-1,-1,490,510
4181,1778512772021,2996.9,734,25.71,53.46,-1,-1,490,510
4182,1778512772964,2997.9,727,25.73,53.47,-1,-1,491,510
4183,1778512773691,2998.6,725,25.72,53.45,-1,-1,491,510
4184,1778512774413,2999.3,722,25.72,53.47,-1,-1,491,510
4185,1778512775150,3000.0,737,25.71,53.45,-1,-1,491,510
4186,1778512775881,3000.8,731,25.70,53.44,-1,-1,491,510
4187,1778512776604,3001.5,723,25.70,53.43,-1,-1,491,510
4188,1778512777333,3002.2,729,25.69,53.41,-1,-1,492,510
4189,1778512778074,3003.0,741,25.69,53.40,-1,-1,492,510
4190,1778512779107,3004.0,682,25.70,53.41,-1,-1,492,510
4191,1778512779829,3004.7,721,25.70,53.42,-1,-1,492,510
4192,1778512780529,3005.4,697,25.69,53.41,-1,-1,492,510
4193,1778512781490,3006.4,704,25.71,53.42,-1,-1,492,510
4194,1778512782387,3007.3,768,25.73,53.43,-1,-1,493,510
4195,1778512783115,3008.0,728,25.72,53.42,-1,-1,493,510
4196,1778512783843,3008.7,728,25.71,53.41,-1,-1,493,510
4197,1778512784554,3009.4,711,25.71,53.40,-1,-1,493,510
4198,1778512785559,3010.5,778,25.73,53.41,-1,-1,493,510
4199,1778512786269,3011.2,710,25.72,53.39,-1,-1,493,510
4200,1778512787209,3012.1,710,25.74,53.40,-1,-1,494,510
4201,1778512787924,3012.8,714,25.73,53.39,3686,72,494,510
4202,1778512788980,3013.9,833,25.75,53.40,-1,-1,494,510
4203,1778512789714,3014.6,734,25.74,53.39,-1,-1,494,510
4204,1778512790428,3015.3,713,25.74,53.40,-1,-1,494,510
4205,1778512791131,3016.0,702,25.73,53.39,-1,-1,494,510
4206,1778512791838,3016.7,706,25.73,53.38,-1,-1,494,510
4207,1778512792528,3017.4,690,25.72,53.36,-1,-1,495,510
4208,1778512793235,3018.1,706,25.71,53.37,-1,-1,495,510
4209,1778512794180,3019.1,715,25.73,53.39,-1,-1,495,510
4210,1778512794894,3019.8,713,25.72,53.37,-1,-1,495,510
4211,1778512795600,3020.5,705,25.72,53.36,-1,-1,495,510
4212,1778512796335,3021.2,733,25.71,53.35,-1,-1,495,510
4213,1778512797052,3021.9,716,25.71,53.33,-1,-1,496,510
4214,1778512797806,3022.7,754,25.70,53.32,-1,-1,496,510
4215,1778512798529,3023.4,723,25.69,53.31,-1,-1,496,510
4216,1778512799242,3024.1,712,25.69,53.32,-1,-1,496,510
4217,1778512799972,3024.9,730,25.68,53.31,-1,-1,496,510
4218,1778512801043,3025.9,792,25.70,53.32,-1,-1,496,510
4219,1778512801987,3026.9,706,25.72,53.33,-1,-1,497,510
4220,1778512802909,3027.8,709,25.73,53.34,-1,-1,497,510
4221,1778512803836,3028.7,723,25.75,53.35,-1,-1,497,510
4222,1778512804546,3029.4,705,25.75,53.36,-1,-1,498,510
4223,1778512805251,3030.1,705,25.74,53.37,-1,-1,497,510
4224,1778512805992,3030.9,740,25.73,53.36,-1,-1,497,510
4225,1778512806770,3031.7,777,25.73,53.37,-1,-1,498,510
4226,1778512807484,3032.4,714,25.72,53.36,-1,-1,498,510
4227,1778512808203,3033.1,718,25.72,53.37,-1,-1,498,510
4228,1778512809150,3034.0,710,25.73,53.38,-1,-1,498,510
4229,1778512809891,3034.8,741,25.73,53.39,-1,-1,499,510
4230,1778512810605,3035.5,714,25.72,53.38,-1,-1,498,510
4231,1778512811314,3036.2,708,25.71,53.37,-1,-1,498,510
4232,1778512812028,3036.9,711,25.71,53.36,-1,-1,499,510
4233,1778512812732,3037.6,704,25.70,53.37,-1,-1,500,510
4234,1778512813444,3038.3,711,25.70,53.35,-1,-1,500,510
4235,1778512814166,3039.1,722,25.69,53.36,-1,-1,500,510
4236,1778512814874,3039.8,708,25.68,53.35,-1,-1,500,510
4237,1778512815638,3040.5,763,25.68,53.36,-1,-1,500,510
4238,1778512816350,3041.2,711,25.67,53.37,-1,-1,501,510
4239,1778512817069,3042.0,718,25.67,53.36,-1,-1,501,510
4240,1778512817809,3042.7,740,25.66,53.35,-1,-1,501,510
4241,1778512818552,3043.4,742,25.65,53.36,-1,-1,501,510
4242,1778512819291,3044.2,736,25.65,53.35,-1,-1,501,510
4243,1778512820011,3044.9,719,25.64,53.33,-1,-1,501,510
4244,1778512820752,3045.6,741,25.64,53.32,-1,-1,502,510
4245,1778512821466,3046.4,714,25.63,53.33,-1,-1,502,510
4246,1778512822186,3047.1,720,25.62,53.34,-1,-1,502,510
4247,1778512822906,3047.8,720,25.62,53.33,-1,-1,502,510
4248,1778512823616,3048.5,710,25.61,53.34,-1,-1,502,510
4249,1778512824321,3049.2,705,25.61,53.33,-1,-1,502,510
4250,1778512825108,3050.0,787,25.60,53.32,-1,-1,502,510
4251,1778512825823,3050.7,715,25.59,53.31,3684,74,503,510
4252,1778512826530,3051.4,703,25.59,53.32,-1,-1,503,510
4253,1778512827226,3052.1,696,25.58,53.33,-1,-1,503,510
4254,1778512828011,3052.9,784,25.58,53.31,-1,-1,503,510
4255,1778512828718,3053.6,707,25.57,53.30,-1,-1,503,510
4256,1778512829436,3054.3,717,25.56,53.31,-1,-1,503,510
4257,1778512830163,3055.1,727,25.56,53.30,-1,-1,504,510
4258,1778512830878,3055.8,715,25.55,53.31,-1,-1,504,510
4259,1778512831589,3056.5,711,25.55,53.30,-1,-1,504,510
4260,1778512832318,3057.2,728,25.54,53.29,-1,-1,504,510
4261,1778512833042,3057.9,723,25.53,53.30,-1,-1,504,510
4262,1778512834123,3059.0,730,25.55,53.31,-1,-1,504,510
4263,1778512834843,3059.7,720,25.55,53.30,-1,-1,505,510
4264,1778512835813,3060.7,714,25.56,53.31,-1,-1,505,510
4265,1778512836772,3061.7,737,25.58,53.32,-1,-1,505,510
4266,1778512837528,3062.4,755,25.57,53.31,-1,-1,505,510
4267,1778512838236,3063.1,708,25.57,53.32,-1,-1,505,510
4268,1778512838948,3063.8,712,25.56,53.30,-1,-1,505,510
4269,1778512839675,3064.6,727,25.56,53.29,-1,-1,505,510
4270,1778512840650,3065.5,718,25.57,53.30,-1,-1,506,510
4271,1778512841374,3066.3,724,25.57,53.31,-1,-1,506,510
4272,1778512842103,3067.0,726,25.56,53.32,-1,-1,506,510
4273,1778512843098,3068.0,733,25.58,53.33,-1,-1,506,510
4274,1778512843813,3068.7,714,25.57,53.35,-1,-1,506,510
4275,1778512844531,3069.4,718,25.57,53.36,-1,-1,506,510
4276,1778512845243,3070.1,712,25.56,53.37,-1,-1,507,510
4277,1778512846082,3071.0,839,25.56,53.36,-1,-1,507,510
4278,1778512846808,3071.7,726,25.55,53.34,-1,-1,507,510
4279,1778512847522,3072.4,714,25.54,53.33,-1,-1,507,510
4280,1778512848236,3073.1,713,25.54,53.32,-1,-1,507,510
4281,1778512848996,3073.9,760,25.53,53.31,-1,-1,507,510
4282,1778512849708,3074.6,708,25.53,53.29,-1,-1,508,510
4283,1778512850696,3075.6,712,25.54,53.30,-1,-1,508,510
4284,1778512851404,3076.3,707,25.54,53.29,-1,-1,508,510
4285,1778512852317,3077.2,712,25.55,53.30,-1,-1,508,510
4286,1778512853023,3077.9,705,25.55,53.31,-1,-1,508,510
4287,1778512853746,3078.6,723,25.54,53.30,-1,-1,508,510
4288,1778512854485,3079.4,739,25.54,53.31,-1,-1,508,510
4289,1778512855468,3080.4,729,25.55,53.32,-1,-1,509,510
4290,1778512856406,3081.3,723,25.57,53.33,-1,-1,509,510
4291,1778512857125,3082.0,719,25.57,53.32,-1,-1,509,510
4292,1778512858061,3083.0,737,25.58,53.33,-1,-1,509,510
4293,1778512858945,3083.8,711,25.60,53.34,-1,-1,509,510
4294,1778512859672,3084.6,726,25.59,53.33,-1,-1,510,510
4295,1778512860410,3085.3,738,25.59,53.32,-1,-1,510,510
4296,1778512861304,3086.2,697,25.61,53.33,-1,-1,510,510
4297,1778512862042,3086.9,737,25.60,53.34,-1,-1,510,510
4298,1778512862942,3087.8,712,25.62,53.35,-1,-1,486,510
4299,1778512863646,3088.5,704,25.61,53.34,-1,-1,486,510
4300,1778512864351,3089.2,704,25.60,53.33,-1,-1,486,510
4301,1778512865060,3090.0,709,25.60,53.31,3682,76,486,510
4302,1778512866026,3090.9,718,25.62,53.32,-1,-1,486,510
4303,1778512866739,3091.6,712,25.61,53.33,-1,-1,486,510
4304,1778512867450,3092.3,711,25.60,53.32,-1,-1,486,510
4305,1778512868384,3093.3,717,25.62,53.33,-1,-1,487,510
4306,1778512869109,3094.0,724,25.62,53.32,-1,-1,487,510
4307,1778512869815,3094.7,706,25.61,53.31,-1,-1,487,510
4308,1778512870529,3095.4,713,25.60,53.30,-1,-1,487,510
4309,1778512871245,3096.1,716,25.60,53.28,-1,-1,487,510
4310,1778512871963,3096.9,718,25.59,53.29,-1,-1,487,510
4311,1778512872991,3097.9,733,25.61,53.31,-1,-1,488,510
4312,1778512873938,3098.8,719,25.63,53.32,-1,-1,488,510
4313,1778512874652,3099.5,713,25.62,53.30,-1,-1,488,510
4314,1778512875320,3100.2,668,25.61,53.29,-1,-1,488,510
4315,1778512876314,3101.2,783,25.63,53.30,-1,-1,488,510
4316,1778512877031,3101.9,716,25.63,53.31,-1,-1,488,510
4317,1778512877741,3102.6,710,25.62,53.30,-1,-1,489,510
4318,1778512878455,3103.3,714,25.61,53.29,-1,-1,489,510
4319,1778512879228,3104.1,773,25.61,53.28,-1,-1,489,510
4320,1778512879939,3104.8,710,25.60,53.26,-1,-1,489,510
4321,1778512880892,3105.8,725,25.62,53.27,-1,-1,489,510
4322,1778512881613,3106.5,718,25.61,53.26,-1,-1,489,510
4323,1778512882338,3107.2,725,25.61,53.27,-1,-1,490,510
4324,1778512883242,3108.1,733,25.62,53.28,-1,-1,490,510
4325,1778512883954,3108.8,711,25.62,53.29,-1,-1,490,510
4326,1778512884670,3109.6,716,25.61,53.31,-1,-1,490,510
4327,1778512885588,3110.5,701,25.63,53.32,-1,-1,490,510
4328,1778512886311,3111.2,722,25.62,53.33,-1,-1,490,510
4329,1778512887011,3111.9,699,25.62,53.31,-1,-1,491,510
4330,1778512887727,3112.6,716,25.61,53.30,-1,-1,491,510
4331,1778512888445,3113.3,717,25.61,53.29,-1,-1,491,510
4332,1778512889173,3114.1,725,25.60,53.28,-1,-1,491,510
4333,1778512890232,3115.1,733,25.62,53.29,-1,-1,491,510
4334,1778512891164,3116.1,717,25.63,53.30,-1,-1,491,510
4335,1778512892123,3117.0,717,25.65,53.31,-1,-1,491,510
4336,1778512892844,3117.7,720,25.65,53.30,-1,-1,492,510
4337,1778512893547,3118.4,703,25.64,53.29,-1,-1,492,510
4338,1778512894270,3119.2,723,25.63,53.27,-1,-1,492,510
4339,1778512895250,3120.1,724,25.65,53.28,-1,-1,492,510
4340,1778512895965,3120.9,714,25.65,53.27,-1,-1,492,510
4341,1778512896850,3121.7,715,25.66,53.28,-1,-1,492,510
4342,1778512897795,3122.7,719,25.68,53.29,-1,-1,493,510
4343,1778512898520,3123.4,725,25.67,53.28,-1,-1,493,510
4344,1778512899243,3124.1,723,25.67,53.29,-1,-1,493,510
4345,1778512900183,3125.1,707,25.68,53.30,-1,-1,493,510
4346,1778512900892,3125.8,708,25.68,53.29,-1,-1,493,510
4347,1778512901878,3126.8,730,25.70,53.30,-1,-1,493,510
4348,1778512902622,3127.5,743,25.69,53.29,-1,-1,494,510
4349,1778512903644,3128.5,800,25.71,53.30,-1,-1,494,510
4350,1778512904358,3129.3,714,25.70,53.29,-1,-1,494,510
4351,1778512905337,3130.2,705,25.72,53.30,3682,76,494,510
4352,1778512906038,3130.9,698,25.71,53.31,-1,-1,494,510
4353,1778512906858,3131.8,820,25.71,53.30,-1,-1,494,510
4354,1778512907574,3132.5,716,25.70,53.28,-1,-1,495,510
4355,1778512908284,3133.2,710,25.69,53.30,-1,-1,495,510
4356,1778512908990,3133.9,705,25.69,53.28,-1,-1,495,510
4357,1778512909689,3134.6,698,25.68,53.27,-1,-1,495,510
4358,1778512910404,3135.3,715,25.68,53.26,-1,-1,495,510
4359,1778512911440,3136.3,737,25.69,53.27,-1,-1,495,510
4360,1778512912167,3137.1,727,25.69,53.26,-1,-1,496,510
4361,1778512912905,3137.8,738,25.68,53.24,-1,-1,496,510
4362,1778512913601,3138.5,694,25.68,53.23,-1,-1,496,510
4363,1778512914316,3139.2,715,25.67,53.24,-1,-1,496,510
4364,1778512915347,3140.2,709,25.69,53.25,-1,-1,496,510
4365,1778512916122,3141.0,774,25.68,53.26,-1,-1,496,510
4366,1778512916843,3141.7,720,25.68,53.28,-1,-1,496,510
4367,1778512917540,3142.4,697,25.67,53.26,-1,-1,497,510
4368,1778512918258,3143.2,718,25.66,53.25,-1,-1,497,510
4369,1778512918980,3143.9,722,25.66,53.24,-1,-1,497,510
4370,1778512919680,3144.6,700,25.65,53.23,-1,-1,497,510
4371,1778512920416,3145.3,736,25.65,53.24,-1,-1,497,510
4372,1778512921141,3146.0,720,25.64,53.25,-1,-1,497,510
4373,1778512921878,3146.8,737,25.63,53.26,-1,-1,498,510
4374,1778512922607,3147.5,729,25.63,53.25,-1,-1,498,510
4375,1778512923671,3148.6,717,25.65,53.26,-1,-1,498,510
4376,1778512924410,3149.3,738,25.64,53.27,-1,-1,499,510
4377,1778512925119,3150.0,707,25.63,53.26,-1,-1,498,510
4378,1778512925828,3150.7,709,25.63,53.24,-1,-1,498,510
4379,1778512926542,3151.4,714,25.62,53.23,-1,-1,499,510
4380,1778512927248,3152.1,706,25.62,53.24,-1,-1,499,510
4381,1778512927958,3152.9,709,25.61,53.25,-1,-1,499,510
4382,1778512928948,3153.8,716,25.63,53.26,-1,-1,499,510
4383,1778512929696,3154.6,746,25.62,53.27,-1,-1,500,510
4384,1778512930420,3155.3,724,25.62,53.26,-1,-1,500,510
4385,1778512931190,3156.1,770,25.61,53.27,-1,-1,501,510
4386,1778512931908,3156.8,718,25.60,53.26,-1,-1,501,510
4387,1778512932929,3157.8,724,25.62,53.27,-1,-1,501,510
4388,1778512933698,3158.6,768,25.62,53.26,-1,-1,501,510
4389,1778512934655,3159.5,696,25.63,53.27,-1,-1,501,510
4390,1778512935387,3160.3,731,25.63,53.26,-1,-1,501,510
4391,1778512936274,3161.2,694,25.64,53.27,-1,-1,502,510
4392,1778512936996,3161.9,717,25.64,53.26,-1,-1,502,510
4393,1778512937705,3162.6,709,25.63,53.24,-1,-1,502,510
4394,1778512938429,3163.3,723,25.63,53.23,-1,-1,502,510
4395,1778512939393,3164.3,734,25.64,53.24,-1,-1,502,510
4396,1778512940111,3165.0,717,25.64,53.25,-1,-1,502,510
4397,1778512940831,3165.7,720,25.63,53.26,-1,-1,502,510
4398,1778512941808,3166.7,737,25.65,53.27,-1,-1,503,510
4399,1778512942512,3167.4,704,25.64,53.28,-1,-1,503,510
4400,1778512943226,3168.1,714,25.64,53.27,-1,-1,503,510
4401,1778512943937,3168.8,711,25.63,53.26,3680,78,503,510
4402,1778512944651,3169.5,710,25.62,53.25,-1,-1,503,510
4403,1778512945375,3170.3,723,25.62,53.26,-1,-1,503,510
4404,1778512946094,3171.0,719,25.61,53.25,-1,-1,504,510
4405,1778512946796,3171.7,702,25.61,53.23,-1,-1,504,510
4406,1778512947733,3172.6,716,25.62,53.25,-1,-1,504,510
4407,1778512948447,3173.3,713,25.62,53.23,-1,-1,504,510
4408,1778512949176,3174.1,729,25.61,53.22,-1,-1,504,510
4409,1778512949916,3174.8,740,25.61,53.23,-1,-1,504,510
4410,1778512950626,3175.5,710,25.60,53.24,-1,-1,505,510
4411,1778512951362,3176.3,736,25.60,53.23,-1,-1,505,510
4412,1778512952073,3177.0,706,25.59,53.22,-1,-1,505,510
4413,1778512952779,3177.7,706,25.58,53.23,-1,-1,505,510
4414,1778512953502,3178.4,722,25.58,53.22,-1,-1,505,510
4415,1778512954229,3179.1,727,25.57,53.20,-1,-1,505,510
4416,1778512954938,3179.8,709,25.57,53.19,-1,-1,505,510
4417,1778512955651,3180.5,712,25.56,53.18,-1,-1,506,510
4418,1778512956750,3181.6,742,25.58,53.19,-1,-1,506,510
4419,1778512957467,3182.4,716,25.57,53.18,-1,-1,506,510
4420,1778512958181,3183.1,712,25.57,53.17,-1,-1,506,510
4421,1778512958897,3183.8,716,25.56,53.18,-1,-1,506,510
4422,1778512959913,3184.8,711,25.58,53.19,-1,-1,506,510
4423,1778512960638,3185.5,724,25.57,53.18,-1,-1,507,510
4424,1778512961351,3186.2,713,25.57,53.16,-1,-1,507,510
4425,1778512962325,3187.2,726,25.58,53.18,-1,-1,507,510
4426,1778512963123,3188.0,797,25.58,53.16,-1,-1,507,510
4427,1778512963833,3188.7,709,25.57,53.15,-1,-1,507,510
4428,1778512964541,3189.4,707,25.56,53.16,-1,-1,507,510
4429,1778512965251,3190.1,710,25.56,53.17,-1,-1,508,510
4430,1778512966042,3190.9,791,25.55,53.16,-1,-1,508,510
4431,1778512966747,3191.6,705,25.55,53.15,-1,-1,508,510
4432,1778512967451,3192.3,700,25.54,53.14,-1,-1,508,510
4433,1778512968198,3193.1,747,25.54,53.12,-1,-1,508,510
4434,1778512969022,3193.9,823,25.53,53.11,-1,-1,508,510
4435,1778512969742,3194.6,720,25.52,53.10,-1,-1,509,510
4436,1778512970433,3195.3,690,25.52,53.09,-1,-1,509,510
4437,1778512971145,3196.0,711,25.51,53.08,-1,-1,509,510
4438,1778512971864,3196.8,719,25.51,53.09,-1,-1,509,510
4439,1778512972579,3197.5,715,25.50,53.08,-1,-1,509,510
4440,1778512973706,3198.6,724,25.52,53.09,-1,-1,509,510
4441,1778512974437,3199.3,731,25.51,53.07,-1,-1,509,510
4442,1778512975153,3200.0,714,25.51,53.08,-1,-1,510,510
4443,1778512975880,3200.8,727,25.50,53.07,-1,-1,510,510
4444,1778512976595,3201.5,714,25.50,53.08,-1,-1,510,510
4445,1778512977317,3202.2,722,25.49,53.07,-1,-1,510,510
4446,1778512978284,3203.2,706,25.51,53.08,-1,-1,485,510
4447,1778512979021,3203.9,735,25.50,53.07,-1,-1,485,510
4448,1778512979749,3204.6,728,25.49,53.06,-1,-1,486,510
4449,1778512980484,3205.4,735,25.49,53.07,-1,-1,486,510
4450,1778512981221,3206.1,737,25.48,53.08,-1,-1,486,510
4451,1778512981941,3206.8,720,25.48,53.09,3680,78,486,510
4452,1778512982677,3207.6,734,25.47,53.10,-1,-1,486,510
4453,1778512983394,3208.3,717,25.47,53.09,-1,-1,486,510
4454,1778512984107,3209.0,713,25.46,53.10,-1,-1,486,510
4455,1778512984831,3209.7,724,25.45,53.09,-1,-1,487,510
4456,1778512985543,3210.4,712,25.45,53.10,-1,-1,487,510
4457,1778512986253,3211.1,710,25.44,53.09,-1,-1,487,510
4458,1778512986960,3211.9,706,25.44,53.07,-1,-1,487,510
4459,1778512987667,3212.6,706,25.43,53.06,-1,-1,487,510
4460,1778512988389,3213.3,722,25.43,53.05,-1,-1,487,510
4461,1778512989110,3214.0,721,25.42,53.04,-1,-1,488,510
4462,1778512989835,3214.7,722,25.41,53.03,-1,-1,488,510
4463,1778512990548,3215.4,713,25.41,53.01,-1,-1,488,510
4464,1778512991261,3216.2,713,25.40,53.00,-1,-1,488,510
4465,1778512992318,3217.2,738,25.42,53.01,-1,-1,488,510
4466,1778512993335,3218.2,782,25.44,53.02,-1,-1,488,510
4467,1778512994060,3219.0,724,25.43,53.03,-1,-1,489,510
4468,1778512994771,3219.7,711,25.43,53.02,-1,-1,489,510
4469,1778512995475,3220.4,704,25.42,53.01,-1,-1,489,510
4470,1778512996235,3221.1,759,25.41,53.00,-1,-1,489,510
4471,1778512996946,3221.8,711,25.41,52.99,-1,-1,489,510
4472,1778512997652,3222.5,702,25.40,52.97,-1,-1,489,510
4473,1778512998379,3223.3,727,25.40,52.96,-1,-1,490,510
4474,1778512999109,3224.0,729,25.39,52.95,-1,-1,490,510
4475,1778513000121,3225.0,712,25.41,52.96,-1,-1,490,510
4476,1778513000837,3225.7,714,25.40,52.95,-1,-1,490,510
4477,1778513001565,3226.5,728,25.40,52.96,-1,-1,490,510
4478,1778513002563,3227.5,766,25.41,52.97,-1,-1,490,510
4479,1778513003276,3228.2,712,25.41,52.96,-1,-1,490,510
4480,1778513004246,3229.1,703,25.42,52.97,-1,-1,491,510
4481,1778513005022,3229.9,775,25.42,52.96,-1,-1,491,510
4482,1778513005828,3230.7,803,25.41,52.95,-1,-1,491,510
4483,1778513006532,3231.4,704,25.41,52.93,-1,-1,491,510
4484,1778513007239,3232.1,707,25.40,52.92,-1,-1,491,510
4485,1778513007956,3232.9,717,25.40,52.93,-1,-1,491,510
4486,1778513008726,3233.6,770,25.39,52.94,-1,-1,492,510
4487,1778513009431,3234.3,704,25.38,52.93,-1,-1,492,510
4488,1778513010466,3235.4,728,25.40,52.94,-1,-1,492,510
4489,1778513011186,3236.1,719,25.40,52.95,-1,-1,492,510
4490,1778513011903,3236.8,716,25.39,52.94,-1,-1,492,510
4491,1778513012861,3237.8,737,25.41,52.95,-1,-1,492,510
4492,1778513013592,3238.5,728,25.40,52.96,-1,-1,493,510
4493,1778513014330,3239.2,738,25.40,52.97,-1,-1,493,510
4494,1778513015274,3240.2,706,25.41,52.98,-1,-1,493,510
4495,1778513015982,3240.9,707,25.41,52.99,-1,-1,493,510
4496,1778513016686,3241.6,704,25.40,52.98,-1,-1,493,510
4497,1778513017398,3242.3,711,25.39,52.97,-1,-1,493,510
4498,1778513018128,3243.0,730,25.39,52.98,-1,-1,494,510
4499,1778513018865,3243.8,736,25.38,52.99,-1,-1,494,510
4500,1778513019586,3244.5,721,25.38,52.98,-1,-1,494,510
4501,1778513020650,3245.5,791,25.39,52.99,3678,80,494,510
4502,1778513021378,3246.3,726,25.39,52.98,-1,-1,494,510
4503,1778513022090,3247.0,712,25.38,52.99,-1,-1,494,510
4504,1778513022828,3247.7,738,25.38,52.98,-1,-1,494,510
4505,1778513023756,3248.6,705,25.39,52.99,-1,-1,495,510
4506,1778513024490,3249.4,733,25.39,53.00,-1,-1,495,510
4507,1778513025173,3250.1,683,25.38,52.98,-1,-1,495,510
4508,1778513025851,3250.7,677,25.38,52.97,-1,-1,495,510
4509,1778513026682,3251.6,831,25.37,52.98,-1,-1,495,510
4510,1778513027413,3252.3,731,25.37,52.97,-1,-1,495,510
4511,1778513028140,3253.0,727,25.36,52.96,-1,-1,496,510
4512,1778513028859,3253.8,716,25.35,52.95,-1,-1,496,510
4513,1778513029615,3254.5,755,25.35,52.96,-1,-1,496,510
4514,1778513030326,3255.2,711,25.34,52.95,-1,-1,496,510
4515,1778513031053,3255.9,727,25.34,52.96,-1,-1,496,510
4516,1778513032145,3257.0,748,25.35,52.97,-1,-1,496,510
4517,1778513032879,3257.8,734,25.35,52.96,-1,-1,498,510
4518,1778513033844,3258.7,725,25.37,52.97,-1,-1,497,510
4519,1778513034775,3259.7,701,25.38,52.98,-1,-1,497,510
4520,1778513035495,3260.4,720,25.38,52.96,-1,-1,498,510
4521,1778513036211,3261.1,716,25.37,52.95,-1,-1,497,510
4522,1778513036925,3261.8,712,25.36,52.94,-1,-1,497,510
4523,1778513037650,3262.5,724,25.36,52.93,-1,-1,498,510
4524,1778513038362,3263.3,712,25.35,52.92,-1,-1,498,510
4525,1778513039077,3264.0,715,25.35,52.91,-1,-1,498,510
4526,1778513039820,3264.7,743,25.34,52.89,-1,-1,498,510
4527,1778513040548,3265.4,728,25.34,52.88,-1,-1,498,510
4528,1778513041274,3266.2,726,25.33,52.89,-1,-1,498,510
4529,1778513041987,3266.9,713,25.33,52.88,-1,-1,498,510
4530,1778513042721,3267.6,734,25.32,52.89,-1,-1,500,510
4531,1778513043470,3268.4,749,25.31,52.88,-1,-1,500,510
4532,1778513044402,3269.3,718,25.33,52.89,-1,-1,500,510
4533,1778513045131,3270.0,729,25.33,52.88,-1,-1,500,510
4534,1778513046086,3271.0,714,25.34,52.89,-1,-1,500,510
4535,1778513046809,3271.7,721,25.34,52.90,-1,-1,500,510
4536,1778513047530,3272.4,721,25.33,52.89,-1,-1,501,510
4537,1778513048258,3273.2,728,25.33,52.90,-1,-1,501,510
4538,1778513048977,3273.9,719,25.32,52.89,-1,-1,501,510
4539,1778513049724,3274.6,747,25.31,52.90,-1,-1,501,510
4540,1778513050454,3275.3,729,25.31,52.89,-1,-1,501,510
4541,1778513051413,3276.3,728,25.32,52.90,-1,-1,501,510
4542,1778513052316,3277.2,721,25.34,52.91,-1,-1,502,510
4543,1778513053042,3277.9,726,25.34,52.92,-1,-1,502,510
4544,1778513053763,3278.7,721,25.33,52.90,-1,-1,502,510
4545,1778513054500,3279.4,737,25.32,52.92,-1,-1,502,510
4546,1778513055210,3280.1,709,25.32,52.90,-1,-1,502,510
4547,1778513055929,3280.8,718,25.31,52.89,-1,-1,502,510
4548,1778513056652,3281.5,723,25.31,52.88,-1,-1,503,510
4549,1778513057358,3282.3,706,25.30,52.87,-1,-1,503,510
4550,1778513058078,3283.0,719,25.30,52.86,-1,-1,503,510
4551,1778513059076,3284.0,721,25.31,52.87,3678,80,503,510
4552,1778513059808,3284.7,729,25.31,52.86,-1,-1,503,510
4553,1778513060524,3285.4,716,25.30,52.84,-1,-1,503,510
4554,1778513061477,3286.4,736,25.32,52.85,-1,-1,504,510
4555,1778513062573,3287.5,725,25.33,52.86,-1,-1,504,510
4556,1778513063309,3288.2,736,25.33,52.85,-1,-1,504,510
4557,1778513064269,3289.2,725,25.35,52.86,-1,-1,504,510
4558,1778513064992,3289.9,723,25.34,52.85,-1,-1,504,510
4559,1778513065921,3290.8,754,25.36,52.86,-1,-1,504,510
4560,1778513066869,3291.8,716,25.37,52.87,-1,-1,505,510
4561,1778513067593,3292.5,724,25.37,52.86,-1,-1,505,510
4562,1778513068315,3293.2,720,25.36,52.85,-1,-1,505,510
4563,1778513069054,3293.9,739,25.36,52.86,-1,-1,505,510
4564,1778513069913,3294.8,671,25.37,52.87,-1,-1,505,510
4565,1778513070647,3295.5,734,25.37,52.86,-1,-1,505,510
4566,1778513071356,3296.3,709,25.36,52.85,-1,-1,505,510
4567,1778513072264,3297.2,721,25.38,52.86,-1,-1,506,510
4568,1778513072970,3297.9,705,25.37,52.87,-1,-1,506,510
4569,1778513073677,3298.6,707,25.37,52.86,-1,-1,506,510
4570,1778513074592,3299.5,711,25.38,52.87,-1,-1,506,510
4571,1778513075311,3300.2,718,25.38,52.88,-1,-1,506,510
4572,1778513076021,3300.9,707,25.37,52.89,-1,-1,506,510
4573,1778513076733,3301.6,712,25.37,52.88,-1,-1,507,510
4574,1778513077773,3302.7,735,25.38,52.89,-1,-1,507,510
4575,1778513078483,3303.4,710,25.38,52.90,-1,-1,507,510
4576,1778513079206,3304.1,722,25.37,52.91,-1,-1,507,510
4577,1778513079934,3304.8,728,25.37,52.89,-1,-1,507,510
4578,1778513080651,3305.5,717,25.36,52.91,-1,-1,507,510
4579,1778513081379,3306.3,727,25.35,52.89,-1,-1,508,510
4580,1778513082105,3307.0,726,25.35,52.90,-1,-1,508,510
4581,1778513082823,3307.7,717,25.34,52.91,-1,-1,508,510
4582,1778513083537,3308.4,711,25.34,52.90,-1,-1,508,510
4583,1778513084273,3309.2,736,25.33,52.89,-1,-1,508,510
4584,1778513085024,3309.9,751,25.33,52.88,-1,-1,508,510
4585,1778513085750,3310.6,726,25.32,52.87,-1,-1,508,510
4586,1778513086485,3311.4,735,25.32,52.88,-1,-1,509,510
4587,1778513087468,3312.4,747,25.33,52.89,-1,-1,509,510
4588,1778513088386,3313.3,715,25.35,52.90,-1,-1,509,510
4589,1778513089094,3314.0,708,25.34,52.91,-1,-1,509,510
4590,1778513089827,3314.7,733,25.34,52.92,-1,-1,509,510
4591,1778513090560,3315.5,733,25.33,52.93,-1,-1,509,510
4592,1778513091491,3316.4,732,25.35,52.94,-1,-1,510,510
4593,1778513092220,3317.1,728,25.34,52.95,-1,-1,510,510
4594,1778513092956,3317.9,736,25.34,52.94,-1,-1,510,510
4595,1778513093691,3318.6,735,25.33,52.93,-1,-1,510,510
4596,1778513094590,3319.5,698,25.35,52.94,-1,-1,486,510
4597,1778513095482,3320.4,717,25.36,52.95,-1,-1,486,510
4598,1778513096205,3321.1,722,25.36,52.96,-1,-1,486,510
4599,1778513096926,3321.8,721,25.35,52.95,-1,-1,486,510
4600,1778513097656,3322.6,730,25.35,52.93,-1,-1,486,510
4601,1778513098374,3323.3,718,25.34,52.92,3678,80,486,510
4602,1778513099107,3324.0,731,25.34,52.91,-1,-1,487,510
4603,1778513099811,3324.7,703,25.33,52.90,-1,-1,487,510
4604,1778513100524,3325.4,713,25.33,52.91,-1,-1,487,510
4605,1778513101277,3326.2,753,25.32,52.90,-1,-1,487,510
4606,1778513101989,3326.9,712,25.31,52.89,-1,-1,487,510
4607,1778513102937,3327.8,660,25.33,52.90,-1,-1,487,510
4608,1778513103649,3328.5,711,25.33,52.89,-1,-1,487,510
4609,1778513104360,3329.3,711,25.32,52.87,-1,-1,488,510
4610,1778513105322,3330.2,712,25.34,52.89,-1,-1,488,510
4611,1778513106285,3331.2,725,25.35,52.90,-1,-1,488,510
4612,1778513107025,3331.9,736,25.35,52.88,-1,-1,488,510
4613,1778513107731,3332.6,706,25.34,52.89,-1,-1,488,510
4614,1778513108432,3333.3,700,25.34,52.90,-1,-1,488,510
4615,1778513109405,3334.3,726,25.35,52.91,-1,-1,489,510
4616,1778513110329,3335.2,725,25.37,52.92,-1,-1,489,510
4617,1778513111234,3336.1,740,25.38,52.93,-1,-1,489,510
4618,1778513112202,3337.1,752,25.40,52.94,-1,-1,489,510
4619,1778513113138,3338.0,750,25.42,52.96,-1,-1,489,510
4620,1778513113865,3338.8,726,25.41,52.94,-1,-1,489,510
4621,1778513114580,3339.5,714,25.41,52.95,-1,-1,490,510
4622,1778513115289,3340.2,707,25.40,52.96,-1,-1,490,510
4623,1778513116002,3340.9,712,25.39,52.95,-1,-1,490,510
4624,1778513116984,3341.9,708,25.41,52.96,-1,-1,490,510
4625,1778513117909,3342.8,712,25.43,52.97,-1,-1,490,510
4626,1778513118628,3343.5,718,25.42,52.96,-1,-1,490,510
4627,1778513119597,3344.5,727,25.44,52.97,-1,-1,491,510
4628,1778513120543,3345.4,726,25.45,52.98,-1,-1,491,510
4629,1778513121276,3346.2,732,25.45,52.97,-1,-1,491,510
4630,1778513121995,3346.9,719,25.44,52.96,-1,-1,491,510
4631,1778513122720,3347.6,725,25.44,52.95,-1,-1,491,510
4632,1778513123684,3348.6,732,25.45,52.96,-1,-1,491,510
4633,1778513124414,3349.3,730,25.45,52.95,-1,-1,492,510
4634,1778513125385,3350.3,713,25.46,52.96,-1,-1,492,510
4635,1778513126147,3351.0,761,25.46,52.94,-1,-1,492,510
4636,1778513126860,3351.8,713,25.45,52.93,-1,-1,492,510
4637,1778513127799,3352.7,705,25.47,52.94,-1,-1,492,510
4638,1778513128522,3353.4,723,25.46,52.93,-1,-1,492,510
4639,1778513129433,3354.3,723,25.48,52.94,-1,-1,493,510
4640,1778513130167,3355.1,733,25.47,52.95,-1,-1,493,510
4641,1778513130906,3355.8,738,25.47,52.94,-1,-1,493,510
4642,1778513131620,3356.5,712,25.46,52.93,-1,-1,493,510
4643,1778513132512,3357.4,742,25.48,52.94,-1,-1,493,510
4644,1778513133224,3358.1,711,25.47,52.95,-1,-1,493,510
4645,1778513133947,3358.8,722,25.47,52.94,-1,-1,493,510
4646,1778513134898,3359.8,718,25.48,52.95,-1,-1,494,510
4647,1778513135618,3360.5,720,25.48,52.94,-1,-1,494,510
4648,1778513136553,3361.4,704,25.49,52.95,-1,-1,494,510
4649,1778513137285,3362.2,731,25.49,52.94,-1,-1,494,510
4650,1778513138012,3362.9,727,25.48,52.95,-1,-1,494,510
4651,1778513138747,3363.6,735,25.48,52.93,3676,82,494,510
4652,1778513139492,3364.4,742,25.47,52.92,-1,-1,495,510
4653,1778513140238,3365.1,746,25.47,52.91,-1,-1,495,510
4654,1778513140971,3365.9,733,25.46,52.90,-1,-1,495,510
4655,1778513141709,3366.6,737,25.46,52.89,-1,-1,495,510
4656,1778513142463,3367.4,753,25.45,52.90,-1,-1,495,510
4657,1778513143198,3368.1,735,25.45,52.89,-1,-1,495,510
4658,1778513144171,3369.1,716,25.46,52.90,-1,-1,496,510
4659,1778513144892,3369.8,720,25.46,52.91,-1,-1,496,510
4660,1778513145606,3370.5,714,25.45,52.90,-1,-1,496,510
4661,1778513146332,3371.2,725,25.45,52.91,-1,-1,496,510
4662,1778513147044,3371.9,709,25.44,52.90,-1,-1,496,510
4663,1778513147819,3372.7,775,25.43,52.88,-1,-1,496,510
4664,1778513148522,3373.4,703,25.43,52.87,-1,-1,497,510
4665,1778513149226,3374.1,704,25.42,52.88,-1,-1,497,510
4666,1778513149937,3374.8,711,25.42,52.87,-1,-1,497,510
4667,1778513150658,3375.6,721,25.41,52.86,-1,-1,497,510
4668,1778513151382,3376.3,724,25.41,52.87,-1,-1,497,510
4669,1778513152116,3377.0,734,25.40,52.88,-1,-1,497,510
4670,1778513152847,3377.7,730,25.40,52.87,-1,-1,497,510
4671,1778513153567,3378.5,719,25.39,52.86,-1,-1,498,510
4672,1778513154298,3379.2,727,25.39,52.85,-1,-1,498,510
4673,1778513155034,3379.9,736,25.38,52.86,-1,-1,498,510
4674,1778513156066,3381.0,724,25.40,52.87,-1,-1,498,510
4675,1778513156795,3381.7,728,25.39,52.88,-1,-1,499,510
4676,1778513157519,3382.4,724,25.38,52.87,-1,-1,498,510
4677,1778513158261,3383.2,742,25.38,52.88,-1,-1,500,510
4678,1778513159291,3384.2,734,25.40,52.89,-1,-1,499,510
4679,1778513160229,3385.1,718,25.41,52.90,-1,-1,499,510
4680,1778513160942,3385.8,713,25.41,52.91,-1,-1,500,510
4681,1778513161670,3386.6,727,25.40,52.89,-1,-1,500,510
4682,1778513162429,3387.3,756,25.40,52.88,-1,-1,500,510
4683,1778513163376,3388.3,725,25.41,52.89,-1,-1,501,510
4684,1778513164091,3389.0,715,25.41,52.90,-1,-1,501,510
4685,1778513165019,3389.9,712,25.42,52.91,-1,-1,501,510
4686,1778513165745,3390.6,724,25.42,52.90,-1,-1,501,510
4687,1778513166471,3391.4,726,25.41,52.89,-1,-1,501,510
4688,1778513167418,3392.3,724,25.43,52.90,-1,-1,501,510
4689,1778513168132,3393.0,713,25.42,52.91,-1,-1,502,510
4690,1778513168846,3393.7,714,25.42,52.90,-1,-1,502,510
4691,1778513169578,3394.5,732,25.41,52.89,-1,-1,502,510
4692,1778513170582,3395.5,743,25.43,52.90,-1,-1,502,510
4693,1778513171316,3396.2,733,25.42,52.89,-1,-1,502,510
4694,1778513172030,3396.9,714,25.42,52.90,-1,-1,502,510
4695,1778513173013,3397.9,731,25.43,52.91,-1,-1,503,510
4696,1778513173740,3398.6,726,25.43,52.90,-1,-1,503,510
4697,1778513174471,3399.4,730,25.42,52.91,-1,-1,503,510
4698,1778513175192,3400.1,720,25.42,52.89,-1,-1,503,510
4699,1778513175924,3400.8,732,25.41,52.88,-1,-1,503,510
4700,1778513176654,3401.5,730,25.40,52.89,-1,-1,503,510
4701,1778513177362,3402.3,707,25.40,52.88,3676,82,503,510
4702,1778513178085,3403.0,720,25.39,52.89,-1,-1,504,510
4703,1778513178833,3403.7,748,25.39,52.90,-1,-1,504,510
4704,1778513179543,3404.4,710,25.38,52.89,-1,-1,504,510
4705,1778513180265,3405.2,721,25.38,52.90,-1,-1,504,510
4706,1778513181029,3405.9,764,25.37,52.89,-1,-1,504,510
4707,1778513181737,3406.6,708,25.37,52.88,-1,-1,504,510
4708,1778513182784,3407.7,727,25.38,52.89,-1,-1,505,510
4709,1778513183520,3408.4,736,25.38,52.88,-1,-1,505,510
4710,1778513184249,3409.1,728,25.37,52.89,-1,-1,505,510
4711,1778513185156,3410.1,722,25.39,52.90,-1,-1,505,510
4712,1778513185857,3410.8,698,25.38,52.89,-1,-1,505,510
4713,1778513186802,3411.7,719,25.40,52.90,-1,-1,505,510
4714,1778513187521,3412.4,719,25.39,52.91,-1,-1,506,510
4715,1778513188242,3413.1,721,25.39,52.90,-1,-1,506,510
4716,1778513188957,3413.9,715,25.38,52.88,-1,-1,506,510
4717,1778513189724,3414.6,767,25.38,52.89,-1,-1,506,510
4718,1778513190427,3415.3,703,25.37,52.90,-1,-1,506,510
4719,1778513191146,3416.0,719,25.37,52.89,-1,-1,506,510
4720,1778513191865,3416.8,718,25.36,52.88,-1,-1,506,510
4721,1778513192602,3417.5,736,25.35,52.87,-1,-1,507,510
4722,1778513193311,3418.2,706,25.35,52.88,-1,-1,507,510
4723,1778513194040,3418.9,729,25.34,52.89,-1,-1,507,510
4724,1778513195050,3419.9,712,25.36,52.90,-1,-1,507,510
4725,1778513196017,3420.9,721,25.38,52.91,-1,-1,507,510
4726,1778513196686,3421.6,668,25.37,52.90,-1,-1,507,510
4727,1778513197365,3422.3,679,25.36,52.91,-1,-1,508,510
4728,1778513198301,3423.2,715,25.38,52.92,-1,-1,508,510
4729,1778513199033,3423.9,732,25.38,52.93,-1,-1,508,510
4730,1778513199764,3424.7,731,25.37,52.94,-1,-1,508,510
4731,1778513200719,3425.6,727,25.39,52.95,-1,-1,508,510
4732,1778513201472,3426.4,749,25.38,52.96,-1,-1,508,510
4733,1778513202210,3427.1,738,25.38,52.95,-1,-1,509,510
4734,1778513202955,3427.8,745,25.37,52.96,-1,-1,509,510
4735,1778513203689,3428.6,734,25.36,52.95,-1,-1,509,510
4736,1778513204688,3429.6,745,25.38,52.96,-1,-1,509,510
4737,1778513205395,3430.3,707,25.37,52.97,-1,-1,509,510
4738,1778513206324,3431.2,716,25.39,52.98,-1,-1,509,510
4739,1778513207046,3431.9,721,25.39,52.99,-1,-1,510,510
4740,1778513207804,3432.7,757,25.38,52.97,-1,-1,510,510
4741,1778513208517,3433.4,712,25.37,52.96,-1,-1,510,510
4742,1778513209222,3434.1,700,25.37,52.95,-1,-1,485,510
4743,1778513209928,3434.8,706,25.36,52.96,-1,-1,485,510
4744,1778513210647,3435.5,718,25.36,52.97,-1,-1,486,510
4745,1778513211711,3436.6,717,25.37,52.98,-1,-1,486,510
4746,1778513212433,3437.3,722,25.37,52.99,-1,-1,486,510
4747,1778513213378,3438.3,711,25.38,53.00,-1,-1,486,510
4748,1778513214067,3439.0,689,25.38,53.01,-1,-1,486,510
4749,1778513215026,3439.9,720,25.39,53.02,-1,-1,486,510
4750,1778513215941,3440.8,710,25.41,53.03,-1,-1,487,510
4751,1778513216649,3441.5,707,25.41,53.04,3676,82,487,510
4752,1778513217368,3442.3,717,25.40,53.05,-1,-1,487,510
4753,1778513218072,3443.0,704,25.39,53.06,-1,-1,487,510
4754,1778513219018,3443.9,722,25.41,53.07,-1,-1,487,510
4755,1778513219801,3444.7,782,25.40,53.06,-1,-1,487,510
4756,1778513220521,3445.4,719,25.40,53.05,-1,-1,488,510
4757,1778513221235,3446.1,714,25.39,53.04,-1,-1,488,510
4758,1778513221952,3446.8,717,25.39,53.03,-1,-1,488,510
4759,1778513222692,3447.6,740,25.38,53.02,-1,-1,488,510
4760,1778513223701,3448.6,729,25.40,53.03,-1,-1,488,510
4761,1778513224663,3449.6,732,25.41,53.04,-1,-1,488,510
4762,1778513225404,3450.3,737,25.41,53.04,-1,-1,489,510
4763,1778513226377,3451.3,732,25.43,53.05,-1,-1,489,510
4764,1778513227107,3452.0,729,25.42,53.04,-1,-1,489,510
4765,1778513227800,3452.7,691,25.41,53.03,-1,-1,489,510
4766,1778513228753,3453.6,701,25.43,53.04,-1,-1,489,510
4767,1778513229470,3454.4,717,25.42,53.03,-1,-1,489,510
4768,1778513230182,3455.1,712,25.42,53.02,-1,-1,489,510
4769,1778513230921,3455.8,739,25.41,53.01,-1,-1,490,510
4770,1778513231647,3456.5,726,25.41,53.00,-1,-1,490,510
4771,1778513232379,3457.3,731,25.40,52.99,-1,-1,490,510
4772,1778513233117,3458.0,736,25.40,53.00,-1,-1,490,510
4773,1778513233831,3458.7,713,25.39,52.99,-1,-1,490,510
4774,1778513234547,3459.4,715,25.39,52.97,-1,-1,490,510
4775,1778513235265,3460.2,717,25.38,52.96,-1,-1,491,510
4776,1778513236223,3461.1,730,25.40,52.97,-1,-1,491,510
4777,1778513236948,3461.8,725,25.39,52.96,-1,-1,491,510
4778,1778513237676,3462.6,728,25.39,52.95,-1,-1,491,510
4779,1778513238402,3463.3,725,25.38,52.94,-1,-1,491,510
4780,1778513239112,3464.0,710,25.38,52.93,-1,-1,491,510
4781,1778513239854,3464.7,742,25.37,52.94,-1,-1,492,510
4782,1778513240603,3465.5,746,25.37,52.95,-1,-1,492,510
4783,1778513241670,3466.6,792,25.38,52.96,-1,-1,492,510
4784,1778513242394,3467.3,723,25.38,52.95,-1,-1,492,510
4785,1778513243121,3468.0,726,25.37,52.94,-1,-1,492,510
4786,1778513243861,3468.8,740,25.37,52.93,-1,-1,492,510
4787,1778513244589,3469.5,728,25.36,52.94,-1,-1,493,510
4788,1778513245574,3470.5,743,25.38,52.94,-1,-1,493,510
4789,1778513246505,3471.4,729,25.39,52.95,-1,-1,493,510
4790,1778513247419,3472.3,714,25.41,52.96,-1,-1,493,510
4791,1778513248333,3473.2,717,25.42,52.97,-1,-1,493,510
4792,1778513249040,3473.9,705,25.42,52.98,-1,-1,493,510
4793,1778513249802,3474.7,761,25.41,52.97,-1,-1,493,510
4794,1778513250541,3475.4,738,25.41,52.98,-1,-1,494,510
4795,1778513251508,3476.4,707,25.42,52.99,-1,-1,494,510
4796,1778513252434,3477.3,731,25.44,53.00,-1,-1,494,510
4797,1778513253155,3478.0,720,25.43,53.01,-1,-1,494,510
4798,1778513254087,3479.0,722,25.45,53.02,-1,-1,494,510
4799,1778513255025,3479.9,723,25.46,53.03,-1,-1,494,510
4800,1778513255721,3480.6,696,25.46,53.02,-1,-1,495,510
4801,1778513256437,3481.3,715,25.45,53.01,3676,82,495,510
4802,1778513257152,3482.0,713,25.45,53.02,-1,-1,495,510
4803,1778513257902,3482.8,749,25.44,53.03,-1,-1,495,510
4804,1778513258604,3483.5,701,25.44,53.02,-1,-1,495,510
4805,1778513259316,3484.2,712,25.43,53.01,-1,-1,495,510
4806,1778513260053,3484.9,737,25.43,53.00,-1,-1,496,510
4807,1778513260787,3485.7,734,25.42,52.99,-1,-1,496,510
4808,1778513261785,3486.7,745,25.44,53.00,-1,-1,496,510
4809,1778513262559,3487.5,774,25.43,52.98,-1,-1,496,510
4810,1778513263267,3488.2,707,25.43,52.99,-1,-1,496,510
4811,1778513263974,3488.9,707,25.42,52.98,-1,-1,496,510
4812,1778513264683,3489.6,707,25.42,52.99,-1,-1,497,510
4813,1778513265441,3490.3,758,25.41,53.00,-1,-1,497,510
4814,1778513266153,3491.0,712,25.41,52.99,-1,-1,497,510
4815,1778513266876,3491.8,722,25.40,52.98,-1,-1,497,510
4816,1778513267610,3492.5,734,25.39,52.99,-1,-1,497,510
4817,1778513268340,3493.2,730,25.39,53.00,-1,-1,497,510
4818,1778513269083,3494.0,742,25.38,53.01,-1,-1,497,510
4819,1778513269804,3494.7,720,25.38,53.00,-1,-1,498,510
4820,1778513270556,3495.4,752,25.37,52.99,-1,-1,498,510
4821,1778513271310,3496.2,754,25.37,52.98,-1,-1,498,510
4822,1778513272040,3496.9,728,25.36,52.99,-1,-1,498,510
4823,1778513272772,3497.7,731,25.36,53.00,-1,-1,498,510
4824,1778513273492,3498.4,719,25.35,52.99,-1,-1,498,510
4825,1778513274260,3499.2,767,25.35,52.97,-1,-1,499,510
4826,1778513274962,3499.9,701,25.34,52.96,-1,-1,499,510
4827,1778513275676,3500.6,713,25.34,52.97,-1,-1,500,510
4828,1778513276379,3501.3,703,25.33,52.98,-1,-1,500,510
4829,1778513277128,3502.0,749,25.33,52.99,-1,-1,500,510
4830,1778513277850,3502.7,721,25.32,53.00,-1,-1,500,510
4831,1778513278938,3503.8,728,25.34,53.01,-1,-1,501,510
4832,1778513279667,3504.6,724,25.33,53.02,-1,-1,501,510
4833,1778513280387,3505.3,720,25.33,53.03,-1,-1,501,510
4834,1778513281107,3506.0,719,25.32,53.02,-1,-1,501,510
4835,1778513281818,3506.7,710,25.32,53.03,-1,-1,501,510
4836,1778513282528,3507.4,710,25.31,53.02,-1,-1,501,510
4837,1778513283523,3508.4,726,25.33,53.03,-1,-1,501,510
4838,1778513284252,3509.1,729,25.32,53.02,-1,-1,502,510
4839,1778513285205,3510.1,717,25.34,53.03,-1,-1,502,510
4840,1778513285930,3510.8,725,25.33,53.02,-1,-1,502,510
4841,1778513286867,3511.8,746,25.35,53.03,-1,-1,502,510
4842,1778513287568,3512.5,697,25.34,53.02,-1,-1,502,510
4843,1778513288270,3513.2,702,25.34,53.02,-1,-1,502,510
4844,1778513288982,3513.9,712,25.33,53.01,-1,-1,503,510
4845,1778513289697,3514.6,715,25.33,53.00,-1,-1,503,510
4846,1778513290435,3515.3,738,25.32,52.99,-1,-1,503,510
4847,1778513291167,3516.1,732,25.31,53.00,-1,-1,503,510
4848,1778513292145,3517.0,715,25.33,53.01,-1,-1,503,510
4849,1778513292868,3517.8,723,25.32,53.02,-1,-1,503,510
4850,1778513293596,3518.5,728,25.32,53.01,-1,-1,504,510
4851,1778513294318,3519.2,722,25.31,53.00,3674,84,504,510
4852,1778513295091,3520.0,770,25.31,52.99,-1,-1,504,510
4853,1778513296028,3520.9,731,25.32,53.00,-1,-1,504,510
4854,1778513296746,3521.6,717,25.32,52.99,-1,-1,504,510
4855,1778513297477,3522.4,731,25.31,52.98,-1,-1,504,510
4856,1778513298460,3523.4,730,25.33,52.99,-1,-1,505,510
4857,1778513299187,3524.1,727,25.32,52.98,-1,-1,505,510
4858,1778513299895,3524.8,708,25.32,52.96,-1,-1,505,510
4859,1778513300607,3525.5,712,25.31,52.95,-1,-1,505,510
4860,1778513301582,3526.5,717,25.33,52.96,-1,-1,505,510
4861,1778513302544,3527.4,721,25.34,52.97,-1,-1,505,510
4862,1778513303275,3528.2,726,25.34,52.96,-1,-1,505,510
4863,1778513304198,3529.1,716,25.35,52.97,-1,-1,506,510
4864,1778513305159,3530.1,715,25.37,52.98,-1,-1,506,510
4865,1778513305891,3530.8,731,25.36,52.97,-1,-1,506,510
4866,1778513306619,3531.5,728,25.36,52.98,-1,-1,506,510
4867,1778513307383,3532.3,763,25.35,52.97,-1,-1,506,510
4868,1778513308348,3533.2,712,25.37,52.98,-1,-1,506,510
4869,1778513309074,3534.0,725,25.36,52.99,-1,-1,507,510
4870,1778513309802,3534.7,728,25.36,52.98,-1,-1,507,510
4871,1778513310532,3535.4,730,25.35,52.97,-1,-1,507,510
4872,1778513311261,3536.2,727,25.35,52.98,-1,-1,507,510
4873,1778513311980,3536.9,719,25.34,52.97,-1,-1,507,510
4874,1778513312703,3537.6,723,25.34,52.95,-1,-1,507,510
4875,1778513313423,3538.3,720,25.33,52.96,-1,-1,508,510
4876,1778513314163,3539.1,740,25.33,52.95,-1,-1,508,510
4877,1778513314875,3539.8,712,25.32,52.94,-1,-1,508,510
4878,1778513315619,3540.5,743,25.32,52.93,-1,-1,508,510
4879,1778513316377,3541.3,758,25.31,52.92,-1,-1,508,510
4880,1778513317084,3542.0,707,25.31,52.93,-1,-1,508,510
4881,1778513317793,3542.7,709,25.30,52.92,-1,-1,509,510
4882,1778513318523,3543.4,727,25.30,52.93,-1,-1,509,510
4883,1778513319250,3544.1,727,25.29,52.94,-1,-1,509,510
4884,1778513319968,3544.9,717,25.29,52.93,-1,-1,509,510
4885,1778513320670,3545.6,702,25.28,52.92,-1,-1,509,510
4886,1778513321373,3546.3,703,25.28,52.93,-1,-1,509,510
4887,1778513322081,3547.0,708,25.27,52.92,-1,-1,509,510
4888,1778513322808,3547.7,727,25.27,52.91,-1,-1,510,510
4889,1778513323514,3548.4,706,25.26,52.89,-1,-1,510,510
4890,1778513324218,3549.1,704,25.26,52.90,-1,-1,510,510
4891,1778513324950,3549.8,732,25.25,52.89,-1,-1,510,510
4892,1778513325858,3550.8,903,25.25,52.88,-1,-1,486,510
4893,1778513326697,3551.6,838,25.24,52.87,-1,-1,486,510
4894,1778513327488,3552.4,791,25.23,52.86,-1,-1,486,510
4895,1778513328793,3553.7,1305,25.23,52.87,-1,-1,486,510
4896,1778513329539,3554.4,745,25.22,52.88,-1,-1,486,510
4897,1778513330652,3555.5,734,25.24,52.89,-1,-1,486,510
4898,1778513331603,3556.5,728,25.26,52.90,-1,-1,487,510
4899,1778513332315,3557.2,711,25.25,52.91,-1,-1,487,510
4900,1778513333042,3557.9,726,25.24,52.90,-1,-1,487,510
4901,1778513333807,3558.7,765,25.24,52.89,3674,84,487,510
4902,1778513334768,3559.7,706,25.25,52.90,-1,-1,487,510
4903,1778513335500,3560.4,731,25.25,52.89,-1,-1,487,510
4904,1778513336228,3561.1,728,25.24,52.88,-1,-1,487,510
4905,1778513336998,3561.9,769,25.24,52.88,-1,-1,488,510
4906,1778513337702,3562.6,704,25.23,52.89,-1,-1,488,510
4907,1778513338405,3563.3,703,25.23,52.90,-1,-1,488,510
4908,1778513339104,3564.0,698,25.22,52.91,-1,-1,488,510
4909,1778513339794,3564.7,690,25.22,52.92,-1,-1,488,510
4910,1778513340580,3565.5,786,25.21,52.93,-1,-1,488,510
4911,1778513341284,3566.2,704,25.21,52.92,-1,-1,489,510
4912,1778513342000,3566.9,714,25.20,52.91,-1,-1,489,510
4913,1778513342732,3567.6,732,25.20,52.92,-1,-1,489,510
4914,1778513343467,3568.4,735,25.19,52.91,-1,-1,489,510
4915,1778513344199,3569.1,732,25.19,52.92,-1,-1,489,510
4916,1778513344935,3569.8,736,25.18,52.91,-1,-1,489,510
4917,1778513345919,3570.8,712,25.20,52.92,-1,-1,489,510
4918,1778513346706,3571.6,786,25.19,52.91,-1,-1,490,510
4919,1778513347421,3572.3,714,25.19,52.92,-1,-1,490,510
4920,1778513348395,3573.3,705,25.20,52.93,-1,-1,490,510
4921,1778513349106,3574.0,711,25.20,52.94,-1,-1,490,510
4922,1778513350059,3575.0,720,25.21,52.95,-1,-1,490,510
4923,1778513350772,3575.7,712,25.21,52.94,-1,-1,491,510
4924,1778513351494,3576.4,721,25.20,52.92,-1,-1,491,510
4925,1778513352237,3577.1,743,25.20,52.93,-1,-1,491,510
4926,1778513353003,3577.9,766,25.19,52.92,-1,-1,491,510
4927,1778513353725,3578.6,722,25.19,52.93,-1,-1,491,510
4928,1778513354460,3579.4,735,25.18,52.92,-1,-1,491,510
4929,1778513355476,3580.4,752,25.20,52.93,-1,-1,491,510
4930,1778513356179,3581.1,702,25.19,52.94,-1,-1,492,510
4931,1778513356908,3581.8,729,25.19,52.93,-1,-1,492,510
4932,1778513357843,3582.7,701,25.20,52.94,-1,-1,492,510
4933,1778513358584,3583.5,740,25.20,52.95,-1,-1,492,510
4934,1778513359298,3584.2,714,25.19,52.94,-1,-1,492,510
4935,1778513360236,3585.1,734,25.21,52.95,-1,-1,492,510
4936,1778513360973,3585.9,736,25.20,52.96,-1,-1,493,510
4937,1778513361914,3586.8,719,25.22,52.97,-1,-1,493,510
4938,1778513362868,3587.8,728,25.23,52.98,-1,-1,493,510
4939,1778513363602,3588.5,734,25.23,52.99,-1,-1,493,510
4940,1778513364327,3589.2,725,25.22,53.00,-1,-1,493,510
4941,1778513365064,3590.0,737,25.22,53.01,-1,-1,493,510
4942,1778513365793,3590.7,727,25.21,53.01,-1,-1,494,510
4943,1778513366512,3591.4,718,25.21,53.00,-1,-1,494,510
4944,1778513367238,3592.1,726,25.20,53.01,-1,-1,494,510
4945,1778513367977,3592.9,739,25.20,53.00,-1,-1,494,510
4946,1778513368694,3593.6,717,25.19,52.99,-1,-1,494,510
4947,1778513369420,3594.3,726,25.19,52.98,-1,-1,494,510
4948,1778513370372,3595.3,736,25.20,52.99,-1,-1,494,510
4949,1778513371115,3596.0,742,25.20,52.98,-1,-1,495,510
4950,1778513371820,3596.7,704,25.19,52.97,-1,-1,495,510
4951,1778513372547,3597.4,727,25.19,52.98,3674,84,495,510
4952,1778513373284,3598.2,733,25.18,52.99,-1,-1,495,510
4953,1778513374014,3598.9,730,25.18,52.98,-1,-1,495,510
4954,1778513375024,3599.9,753,25.19,52.99,-1,-1,495,510
4955,1778513375762,3600.7,737,25.19,52.98,-1,-1,496,510
4956,1778513376668,3601.6,714,25.20,52.99,-1,-1,496,510
4957,1778513377385,3602.3,716,25.20,52.98,-1,-1,496,510
4958,1778513378334,3603.2,737,25.21,52.99,-1,-1,496,510
4959,1778513379064,3604.0,729,25.21,52.97,-1,-1,496,510
4960,1778513379785,3604.7,721,25.20,52.96,-1,-1,496,510
4961,1778513380740,3605.6,732,25.22,52.97,-1,-1,497,510
4962,1778513381428,3606.3,684,25.21,52.96,-1,-1,497,510
4963,1778513382400,3607.3,752,25.23,52.97,-1,-1,497,510
4964,1778513383202,3608.1,801,25.22,52.96,-1,-1,498,510
4965,1778513384099,3609.0,703,25.24,52.97,-1,-1,497,510
4966,1778513384812,3609.7,712,25.23,52.96,-1,-1,498,510
4967,1778513385530,3610.4,718,25.23,52.95,-1,-1,498,510
4968,1778513386242,3611.1,712,25.22,52.96,-1,-1,498,510
4969,1778513386959,3611.9,715,25.22,52.97,-1,-1,498,510
4970,1778513387665,3612.6,706,25.21,52.98,-1,-1,498,510
4971,1778513388623,3613.5,714,25.23,52.99,-1,-1,498,510
4972,1778513389350,3614.2,725,25.22,52.98,-1,-1,499,510
4973,1778513390068,3615.0,717,25.22,52.99,-1,-1,499,510
4974,1778513390977,3615.9,717,25.23,53.00,-1,-1,499,510
4975,1778513391696,3616.6,718,25.23,53.01,-1,-1,500,510
4976,1778513392418,3617.3,722,25.22,52.99,-1,-1,499,510
4977,1778513393388,3618.3,744,25.24,53.00,-1,-1,499,510
4978,1778513394110,3619.0,721,25.23,52.99,-1,-1,500,510
4979,1778513394826,3619.7,715,25.23,52.98,-1,-1,499,510
4980,1778513395555,3620.4,729,25.22,52.99,-1,-1,501,510
4981,1778513396298,3621.2,743,25.22,53.00,-1,-1,501,510
4982,1778513397033,3621.9,733,25.21,53.01,-1,-1,501,510
4983,1778513397772,3622.7,738,25.21,53.00,-1,-1,501,510
4984,1778513398517,3623.4,745,25.20,53.01,-1,-1,501,510
4985,1778513399252,3624.1,735,25.20,53.00,-1,-1,501,510
4986,1778513400251,3625.1,761,25.21,53.01,-1,-1,502,510
4987,1778513400999,3625.9,748,25.21,53.00,-1,-1,502,510
4988,1778513401703,3626.6,704,25.20,52.99,-1,-1,502,510
4989,1778513402387,3627.3,683,25.20,52.98,-1,-1,502,510
4990,1778513403094,3628.0,707,25.19,52.99,-1,-1,502,510
4991,1778513403811,3628.7,716,25.19,52.98,-1,-1,502,510
4992,1778513404521,3629.4,708,25.18,52.96,-1,-1,503,510
4993,1778513405242,3630.1,720,25.18,52.95,-1,-1,503,510
4994,1778513405963,3630.9,721,25.17,52.94,-1,-1,503,510
4995,1778513406688,3631.6,725,25.17,52.93,-1,-1,503,510
4996,1778513407694,3632.6,728,25.18,52.94,-1,-1,503,510
4997,1778513408596,3633.5,720,25.20,52.95,-1,-1,503,510
4998,1778513409313,3634.2,716,25.19,52.94,-1,-1,503,510
4999,1778513410084,3635.0,771,25.19,52.93,-1,-1,504,510
5000,1778513410781,3635.7,696,25.18,52.92,-1,-1,504,510
5001,1778513411488,3636.4,707,25.17,52.91,3672,86,504,510
5002,1778513412217,3637.1,725,25.17,52.92,-1,-1,504,510
5003,1778513412948,3637.8,731,25.16,52.91,-1,-1,504,510
5004,1778513413978,3638.9,751,25.18,52.92,-1,-1,504,510
5005,1778513414699,3639.6,720,25.17,52.93,-1,-1,505,510
5006,1778513415408,3640.3,709,25.17,52.92,-1,-1,505,510
5007,1778513416150,3641.0,741,25.16,52.91,-1,-1,505,510
5008,1778513416893,3641.8,742,25.16,52.92,-1,-1,505,510
5009,1778513417794,3642.7,710,25.17,52.92,-1,-1,505,510
5010,1778513418702,3643.6,697,25.19,52.93,-1,-1,505,510
5011,1778513419444,3644.3,741,25.18,52.92,-1,-1,506,510
5012,1778513420152,3645.0,706,25.18,52.91,-1,-1,506,510
5013,1778513421127,3646.0,737,25.19,52.92,-1,-1,506,510
5014,1778513421847,3646.7,719,25.19,52.91,-1,-1,506,510
5015,1778513422561,3647.5,714,25.18,52.90,-1,-1,506,510
5016,1778513423276,3648.2,715,25.18,52.89,-1,-1,506,510
5017,1778513424020,3648.9,744,25.17,52.90,-1,-1,507,510
5018,1778513424774,3649.7,754,25.17,52.89,-1,-1,507,510
5019,1778513425495,3650.4,720,25.16,52.88,-1,-1,507,510
5020,1778513426227,3651.1,731,25.16,52.87,-1,-1,507,510
5021,1778513427189,3652.1,728,25.17,52.88,-1,-1,507,510
5022,1778513427939,3652.8,748,25.17,52.87,-1,-1,507,510
5023,1778513428661,3653.6,721,25.16,52.88,-1,-1,507,510
5024,1778513429636,3654.5,716,25.18,52.89,-1,-1,508,510
5025,1778513430361,3655.3,725,25.17,52.88,-1,-1,508,510
5026,1778513431066,3656.0,705,25.17,52.88,-1,-1,508,510
5027,1778513431997,3656.9,711,25.18,52.89,-1,-1,508,510
5028,1778513432958,3657.9,714,25.20,52.90,-1,-1,508,510
5029,1778513433693,3658.6,734,25.19,52.89,-1,-1,508,510
5030,1778513434421,3659.3,728,25.19,52.88,-1,-1,509,510
5031,1778513435158,3660.1,736,25.18,52.87,-1,-1,509,510
5032,1778513435886,3660.8,725,25.18,52.86,-1,-1,509,510
5033,1778513436622,3661.5,736,25.17,52.85,-1,-1,509,510
5034,1778513437366,3662.3,744,25.17,52.84,-1,-1,509,510
5035,1778513438103,3663.0,737,25.16,52.83,-1,-1,509,510
5036,1778513438846,3663.7,742,25.16,52.82,-1,-1,510,510
5037,1778513439572,3664.5,725,25.15,52.81,-1,-1,510,510
5038,1778513440343,3665.2,771,25.15,52.80,-1,-1,510,510
5039,1778513441313,3666.2,715,25.16,52.81,-1,-1,486,510
5040,1778513442355,3667.2,711,25.18,52.82,-1,-1,485,510
5041,1778513443109,3668.0,753,25.17,52.81,-1,-1,485,510
5042,1778513443808,3668.7,697,25.17,52.80,-1,-1,486,510
5043,1778513444517,3669.4,708,25.16,52.79,-1,-1,486,510
5044,1778513445247,3670.1,730,25.16,52.80,-1,-1,486,510
5045,1778513445999,3670.9,752,25.15,52.78,-1,-1,486,510
5046,1778513446705,3671.6,706,25.15,52.77,-1,-1,486,510
5047,1778513447416,3672.3,710,25.14,52.78,-1,-1,486,510
5048,1778513448134,3673.0,717,25.14,52.77,-1,-1,487,510
5049,1778513448855,3673.7,721,25.13,52.76,-1,-1,487,510
5050,1778513449584,3674.5,729,25.13,52.77,-1,-1,487,510
5051,1778513450298,3675.2,713,25.12,52.78,3672,86,487,510
5052,1778513451018,3675.9,716,25.12,52.77,-1,-1,487,510
5053,1778513451738,3676.6,719,25.11,52.76,-1,-1,487,510
5054,1778513452458,3677.4,720,25.11,52.75,-1,-1,488,510
5055,1778513453442,3678.3,735,25.12,52.76,-1,-1,488,510
5056,1778513454300,3679.2,715,25.14,52.77,-1,-1,488,510
5057,1778513455262,3680.2,724,25.15,52.78,-1,-1,488,510
5058,1778513456172,3681.1,723,25.17,52.79,-1,-1,488,510
5059,1778513456900,3681.8,727,25.16,52.78,-1,-1,488,510
5060,1778513457627,3682.5,727,25.16,52.77,-1,-1,489,510
5061,1778513458371,3683.3,743,25.15,52.76,-1,-1,489,510
5062,1778513459109,3684.0,736,25.15,52.75,-1,-1,489,510
5063,1778513459846,3684.7,737,25.14,52.74,-1,-1,489,510
5064,1778513460805,3685.7,725,25.16,52.74,-1,-1,489,510
5065,1778513461530,3686.4,724,25.15,52.75,-1,-1,489,510
5066,1778513462237,3687.1,707,25.15,52.76,-1,-1,489,510
5067,1778513462946,3687.8,708,25.14,52.75,-1,-1,490,510
5068,1778513463648,3688.5,702,25.14,52.76,-1,-1,490,510
5069,1778513464412,3689.3,764,25.13,52.77,-1,-1,490,510
5070,1778513465393,3690.3,709,25.15,52.78,-1,-1,490,510
5071,1778513466105,3691.0,712,25.14,52.77,-1,-1,490,510
5072,1778513466815,3691.7,708,25.14,52.76,-1,-1,490,510
5073,1778513467564,3692.5,748,25.13,52.75,-1,-1,491,510
5074,1778513468276,3693.2,712,25.13,52.76,-1,-1,491,510
5075,1778513469274,3694.2,733,25.14,52.77,-1,-1,491,510
5076,1778513469998,3694.9,724,25.14,52.78,-1,-1,491,510
5077,1778513470714,3695.6,716,25.13,52.77,-1,-1,491,510
5078,1778513471665,3696.6,723,25.15,52.78,-1,-1,491,510
5079,1778513472383,3697.3,718,25.14,52.77,-1,-1,492,510
5080,1778513473100,3698.0,717,25.14,52.78,-1,-1,492,510
5081,1778513473843,3698.7,742,25.13,52.78,-1,-1,492,510
5082,1778513474591,3699.5,745,25.13,52.77,-1,-1,492,510
5083,1778513475327,3700.2,736,25.12,52.76,-1,-1,492,510
5084,1778513476035,3700.9,707,25.12,52.75,-1,-1,492,510
5085,1778513476801,3701.7,766,25.11,52.74,-1,-1,492,510
5086,1778513477731,3702.6,710,25.13,52.75,-1,-1,493,510
5087,1778513478644,3703.5,711,25.14,52.76,-1,-1,493,510
5088,1778513479421,3704.3,777,25.14,52.75,-1,-1,493,510
5089,1778513480157,3705.1,736,25.13,52.74,-1,-1,493,510
5090,1778513481044,3705.9,711,25.15,52.75,-1,-1,493,510
5091,1778513481779,3706.7,735,25.14,52.74,-1,-1,493,510
5092,1778513482726,3707.6,727,25.16,52.75,-1,-1,494,510
5093,1778513483706,3708.6,732,25.17,52.76,-1,-1,494,510
5094,1778513484437,3709.3,730,25.17,52.75,-1,-1,494,510
5095,1778513485395,3710.3,734,25.18,52.76,-1,-1,494,510
5096,1778513486333,3711.2,723,25.20,52.77,-1,-1,494,510
5097,1778513487061,3712.0,728,25.19,52.76,-1,-1,494,510
5098,1778513487779,3712.7,717,25.19,52.77,-1,-1,495,510
5099,1778513488726,3713.6,727,25.20,52.78,-1,-1,495,510
5100,1778513489474,3714.4,746,25.20,52.78,-1,-1,495,510
5101,1778513490468,3715.4,709,25.21,52.79,3672,86,495,510
5102,1778513491189,3716.1,715,25.21,52.78,-1,-1,495,510
5103,1778513492248,3717.1,766,25.22,52.79,-1,-1,495,510
5104,1778513492976,3717.9,727,25.22,52.78,-1,-1,496,510
5105,1778513493684,3718.6,708,25.21,52.79,-1,-1,496,510
5106,1778513494419,3719.3,735,25.21,52.80,-1,-1,496,510
5107,1778513495149,3720.0,730,25.20,52.79,-1,-1,496,510
5108,1778513496095,3721.0,750,25.22,52.80,-1,-1,496,510
5109,1778513496796,3721.7,701,25.21,52.79,-1,-1,496,510
5110,1778513497540,3722.4,744,25.21,52.80,-1,-1,497,510
5111,1778513498266,3723.2,725,25.20,52.79,-1,-1,497,510
5112,1778513498996,3723.9,728,25.20,52.80,-1,-1,497,510
5113,1778513499725,3724.6,728,25.19,52.79,-1,-1,497,510
5114,1778513500437,3725.3,711,25.19,52.80,-1,-1,497,510
5115,1778513501138,3726.0,701,25.18,52.81,-1,-1,497,510
5116,1778513501833,3726.7,694,25.18,52.80,-1,-1,497,510
5117,1778513502810,3727.7,715,25.19,52.80,-1,-1,498,510
5118,1778513503518,3728.4,708,25.19,52.79,-1,-1,499,510
5119,1778513504222,3729.1,703,25.18,52.78,-1,-1,498,510
5120,1778513505127,3730.0,706,25.20,52.79,-1,-1,498,510
5121,1778513505861,3730.8,734,25.19,52.78,-1,-1,499,510
5122,1778513506575,3731.5,711,25.19,52.77,-1,-1,498,510
5123,1778513507292,3732.2,717,25.18,52.78,-1,-1,499,510
5124,1778513508038,3732.9,746,25.18,52.79,-1,-1,499,510
5125,1778513508791,3733.7,752,25.17,52.78,-1,-1,499,510
5126,1778513509732,3734.6,737,25.19,52.79,-1,-1,499,510
5127,1778513510442,3735.3,710,25.18,52.80,-1,-1,500,510
5128,1778513511153,3736.0,711,25.18,52.79,-1,-1,499,510
5129,1778513512110,3737.0,724,25.19,52.80,-1,-1,500,510
5130,1778513512840,3737.7,728,25.19,52.79,-1,-1,501,510
5131,1778513513557,3738.5,717,25.18,52.80,-1,-1,501,510
5132,1778513514279,3739.2,719,25.18,52.79,-1,-1,501,510
5133,1778513515306,3740.2,722,25.19,52.80,-1,-1,501,510
5134,1778513516139,3741.0,832,25.19,52.80,-1,-1,501,510
5135,1778513516844,3741.7,705,25.18,52.81,-1,-1,502,510
5136,1778513517574,3742.5,730,25.18,52.80,-1,-1,502,510
5137,1778513518300,3743.2,726,25.17,52.81,-1,-1,502,510
5138,1778513519022,3743.9,720,25.17,52.82,-1,-1,502,510
5139,1778513519755,3744.6,733,25.16,52.81,-1,-1,502,510
5140,1778513520735,3745.6,736,25.18,52.82,-1,-1,502,510
5141,1778513521708,3746.6,707,25.19,52.83,-1,-1,503,510
5142,1778513522422,3747.3,711,25.18,52.82,-1,-1,503,510
5143,1778513523354,3748.2,708,25.20,52.83,-1,-1,503,510
5144,1778513524066,3749.0,711,25.19,52.82,-1,-1,503,510
5145,1778513524779,3749.7,712,25.19,52.81,-1,-1,503,510
5146,1778513525487,3750.4,707,25.18,52.82,-1,-1,503,510
5147,1778513526208,3751.1,721,25.18,52.81,-1,-1,503,510
5148,1778513526931,3751.8,722,25.17,52.80,-1,-1,504,510
5149,1778513527915,3752.8,764,25.19,52.81,-1,-1,504,510
5150,1778513528625,3753.5,709,25.18,52.80,-1,-1,504,510
5151,1778513529338,3754.2,713,25.18,52.79,3672,86,504,510
5152,1778513530068,3755.0,728,25.17,52.80,-1,-1,504,510
5153,1778513531056,3755.9,724,25.19,52.80,-1,-1,504,510
5154,1778513531779,3756.7,722,25.18,52.79,-1,-1,505,510
5155,1778513532510,3757.4,731,25.18,52.78,-1,-1,505,510
5156,1778513533471,3758.4,730,25.19,52.79,-1,-1,505,510
5157,1778513534199,3759.1,727,25.19,52.78,-1,-1,505,510
5158,1778513534915,3759.8,716,25.18,52.77,-1,-1,505,510
5159,1778513535792,3760.7,705,25.20,52.78,-1,-1,505,510
5160,1778513536507,3761.4,714,25.19,52.77,-1,-1,506,510
5161,1778513537236,3762.1,729,25.19,52.78,-1,-1,506,510
5162,1778513537958,3762.9,719,25.18,52.79,-1,-1,506,510
5163,1778513538666,3763.6,708,25.18,52.78,-1,-1,506,510
5164,1778513539404,3764.3,738,25.17,52.77,-1,-1,506,510
5165,1778513540116,3765.0,712,25.17,52.78,-1,-1,506,510
5166,1778513540825,3765.7,709,25.16,52.77,-1,-1,507,510
5167,1778513541567,3766.5,741,25.16,52.76,-1,-1,507,510
5168,1778513542320,3767.2,753,25.15,52.75,-1,-1,507,510
5169,1778513543021,3767.9,701,25.15,52.74,-1,-1,507,510
5170,1778513543732,3768.6,711,25.15,52.73,-1,-1,507,510
5171,1778513544428,3769.3,696,25.14,52.72,-1,-1,507,510
5172,1778513545380,3770.3,708,25.15,52.73,-1,-1,507,510
5173,1778513546255,3771.1,709,25.17,52.74,-1,-1,508,510
5174,1778513546960,3771.9,705,25.16,52.73,-1,-1,508,510
5175,1778513547678,3772.6,717,25.16,52.71,-1,-1,508,510
5176,1778513548607,3773.5,706,25.17,52.72,-1,-1,508,510
5177,1778513549340,3774.2,732,25.17,52.73,-1,-1,508,510
5178,1778513550070,3775.0,730,25.16,52.72,-1,-1,508,510
5179,1778513551050,3775.9,732,25.18,52.73,-1,-1,509,510
5180,1778513551782,3776.7,730,25.17,52.72,-1,-1,509,510
5181,1778513552483,3777.4,700,25.17,52.71,-1,-1,509,510
5182,1778513553209,3778.1,722,25.16,52.70,-1,-1,509,510
5183,1778513554185,3779.1,728,25.18,52.71,-1,-1,509,510
5184,1778513554910,3779.8,724,25.17,52.70,-1,-1,509,510
5185,1778513555613,3780.5,703,25.17,52.71,-1,-1,510,510
5186,1778513556327,3781.2,713,25.16,52.70,-1,-1,510,510
5187,1778513557275,3782.2,713,25.18,52.71,-1,-1,510,510
5188,1778513557996,3782.9,720,25.17,52.72,-1,-1,510,510
5189,1778513558693,3783.6,697,25.17,52.71,-1,-1,486,510
5190,1778513559636,3784.5,708,25.18,52.72,-1,-1,486,510
5191,1778513560351,3785.2,715,25.18,52.71,-1,-1,486,510
5192,1778513561393,3786.3,794,25.19,52.72,-1,-1,486,510
5193,1778513562106,3787.0,712,25.19,52.71,-1,-1,486,510
5194,1778513562822,3787.7,715,25.18,52.70,-1,-1,486,510
5195,1778513563530,3788.4,708,25.18,52.70,-1,-1,486,510
5196,1778513564384,3789.3,854,25.17,52.69,-1,-1,487,510
5197,1778513565339,3790.2,728,25.19,52.70,-1,-1,487,510
5198,1778513566068,3791.0,729,25.18,52.71,-1,-1,487,510
5199,1778513567050,3791.9,712,25.20,52.72,-1,-1,487,510
5200,1778513567927,3792.8,699,25.21,52.73,-1,-1,487,510
5201,1778513568659,3793.6,731,25.21,52.74,3672,86,487,510
5202,1778513569378,3794.3,716,25.20,52.75,-1,-1,488,510
5203,1778513570321,3795.2,774,25.22,52.76,-1,-1,488,510
5204,1778513571039,3795.9,718,25.21,52.77,-1,-1,488,510
5205,1778513571737,3796.6,698,25.21,52.76,-1,-1,488,510
5206,1778513572434,3797.3,696,25.20,52.75,-1,-1,488,510
5207,1778513573153,3798.0,718,25.20,52.74,-1,-1,488,510
5208,1778513573870,3798.8,717,25.19,52.73,-1,-1,489,510
5209,1778513574610,3799.5,740,25.19,52.74,-1,-1,489,510
5210,1778513575335,3800.2,723,25.18,52.73,-1,-1,489,510
5211,1778513576059,3801.0,724,25.18,52.72,-1,-1,489,510
5212,1778513576797,3801.7,735,25.17,52.72,-1,-1,489,510
5213,1778513577548,3802.4,751,25.17,52.71,-1,-1,489,510
5214,1778513578458,3803.4,721,25.18,52.72,-1,-1,490,510
5215,1778513579182,3804.1,724,25.18,52.71,-1,-1,490,510
5216,1778513580122,3805.0,722,25.19,52.72,-1,-1,490,510
5217,1778513580838,3805.7,716,25.19,52.71,-1,-1,490,510
5218,1778513581562,3806.5,724,25.18,52.70,-1,-1,490,510
5219,1778513582262,3807.2,700,25.18,52.69,-1,-1,490,510
5220,1778513582976,3807.9,713,25.17,52.68,-1,-1,491,510
5221,1778513583699,3808.6,723,25.17,52.67,-1,-1,491,510
5222,1778513584770,3809.7,738,25.18,52.68,-1,-1,491,510
5223,1778513585646,3810.5,713,25.20,52.69,-1,-1,491,510
5224,1778513586592,3811.5,718,25.21,52.70,-1,-1,491,510
5225,1778513587528,3812.4,732,25.22,52.71,-1,-1,491,510
5226,1778513588244,3813.1,715,25.22,52.70,-1,-1,491,510
5227,1778513589166,3814.1,705,25.23,52.71,-1,-1,492,510
5228,1778513589913,3814.8,747,25.23,52.70,-1,-1,492,510
5229,1778513590620,3815.5,706,25.22,52.69,-1,-1,492,510
5230,1778513591351,3816.2,731,25.22,52.68,-1,-1,492,510
5231,1778513592067,3817.0,716,25.22,52.69,-1,-1,492,510
5232,1778513592786,3817.7,715,25.21,52.68,-1,-1,492,510
5233,1778513593524,3818.4,738,25.21,52.68,-1,-1,493,510
5234,1778513594348,3819.2,823,25.20,52.67,-1,-1,493,510
5235,1778513595052,3819.9,704,25.20,52.68,-1,-1,493,510
5236,1778513595781,3820.7,729,25.19,52.67,-1,-1,493,510
5237,1778513596815,3821.7,725,25.21,52.68,-1,-1,493,510
5238,1778513597734,3822.6,725,25.22,52.69,-1,-1,493,510
5239,1778513598470,3823.4,736,25.21,52.68,-1,-1,494,510
5240,1778513599187,3824.1,717,25.21,52.67,-1,-1,494,510
5241,1778513599883,3824.8,696,25.21,52.66,-1,-1,494,510
5242,1778513600642,3825.5,756,25.20,52.65,-1,-1,494,510
5243,1778513601346,3826.2,704,25.20,52.64,-1,-1,494,510
5244,1778513602059,3827.0,713,25.19,52.65,-1,-1,494,510
5245,1778513603043,3827.9,712,25.20,52.66,-1,-1,495,510
5246,1778513603763,3828.7,720,25.20,52.65,-1,-1,495,510
5247,1778513604469,3829.4,706,25.20,52.64,-1,-1,495,510
5248,1778513605188,3830.1,718,25.19,52.63,-1,-1,495,510
5249,1778513606076,3831.0,713,25.20,52.64,-1,-1,495,510
5250,1778513606798,3831.7,722,25.20,52.63,-1,-1,495,510
5251,1778513607505,3832.4,706,25.20,52.64,3670,88,495,510
5252,1778513608227,3833.1,719,25.19,52.63,-1,-1,496,510
5253,1778513608933,3833.8,704,25.19,52.64,-1,-1,496,510
5254,1778513609636,3834.5,703,25.18,52.63,-1,-1,496,510
5255,1778513610708,3835.6,759,25.20,52.64,-1,-1,496,510
5256,1778513611427,3836.3,718,25.19,52.63,-1,-1,496,510
5257,1778513612144,3837.0,716,25.19,52.62,-1,-1,496,510
5258,1778513612877,3837.8,732,25.18,52.62,-1,-1,497,510
5259,1778513613600,3838.5,722,25.18,52.63,-1,-1,497,510
5260,1778513614563,3839.5,756,25.19,52.64,-1,-1,497,510
5261,1778513615283,3840.2,719,25.19,52.65,-1,-1,497,510
5262,1778513615990,3840.9,705,25.18,52.66,-1,-1,497,510
5263,1778513616916,3841.8,708,25.19,52.67,-1,-1,497,510
5264,1778513617677,3842.6,761,25.19,52.66,-1,-1,498,510
5265,1778513618613,3843.5,727,25.20,52.67,-1,-1,498,510
5266,1778513619340,3844.2,727,25.20,52.66,-1,-1,499,510
5267,1778513620079,3845.0,739,25.19,52.65,-1,-1,498,510
5268,1778513620839,3845.7,760,25.19,52.66,-1,-1,498,510
5269,1778513621572,3846.5,733,25.19,52.65,-1,-1,498,510
5270,1778513622294,3847.2,722,25.18,52.66,-1,-1,499,510
5271,1778513623204,3848.1,731,25.19,52.67,-1,-1,499,510
5272,1778513623929,3848.8,722,25.19,52.66,-1,-1,500,510
5273,1778513624811,3849.7,704,25.20,52.66,-1,-1,499,510
5274,1778513625698,3850.6,711,25.22,52.67,-1,-1,499,510
5275,1778513626689,3851.6,785,25.23,52.68,-1,-1,499,510
5276,1778513627587,3852.5,715,25.25,52.69,-1,-1,500,510
5277,1778513628472,3853.4,715,25.26,52.70,-1,-1,500,510
5278,1778513629171,3854.1,699,25.26,52.71,-1,-1,501,510
5279,1778513629884,3854.8,712,25.25,52.70,-1,-1,500,510
5280,1778513630613,3855.5,729,25.25,52.69,-1,-1,501,510
5281,1778513631354,3856.2,740,25.24,52.68,-1,-1,501,510
5282,1778513632094,3857.0,737,25.24,52.69,-1,-1,501,510
5283,1778513632847,3857.7,752,25.23,52.68,-1,-1,502,510
5284,1778513633811,3858.7,739,25.25,52.69,-1,-1,502,510
5285,1778513634525,3859.4,713,25.24,52.70,-1,-1,502,510
5286,1778513635223,3860.1,698,25.24,52.71,-1,-1,502,510
5287,1778513635996,3860.9,772,25.23,52.71,-1,-1,502,510
5288,1778513636994,3861.9,714,25.25,52.72,-1,-1,502,510
5289,1778513637896,3862.8,712,25.26,52.73,-1,-1,503,510
5290,1778513638797,3863.7,707,25.27,52.74,-1,-1,503,510
5291,1778513639521,3864.4,723,25.27,52.75,-1,-1,503,510
5292,1778513640244,3865.1,721,25.26,52.74,-1,-1,503,510
5293,1778513640957,3865.9,712,25.26,52.75,-1,-1,503,510
5294,1778513641669,3866.6,712,25.26,52.76,-1,-1,503,510
5295,1778513642396,3867.3,726,25.25,52.75,-1,-1,504,510
5296,1778513643372,3868.3,724,25.26,52.76,-1,-1,504,510
5297,1778513644083,3869.0,710,25.26,52.77,-1,-1,504,510
5298,1778513644798,3869.7,714,25.25,52.77,-1,-1,504,510
5299,1778513645756,3870.6,743,25.27,52.78,-1,-1,504,510
5300,1778513646479,3871.4,723,25.26,52.79,-1,-1,504,510
5301,1778513647178,3872.1,699,25.26,52.78,3670,88,505,510
5302,1778513647885,3872.8,704,25.25,52.77,-1,-1,505,510
5303,1778513648606,3873.5,721,25.25,52.76,-1,-1,505,510
5304,1778513649318,3874.2,712,25.25,52.77,-1,-1,505,510
5305,1778513650046,3874.9,728,25.24,52.78,-1,-1,505,510
5306,1778513650766,3875.7,720,25.24,52.77,-1,-1,505,510
5307,1778513651771,3876.7,719,25.25,52.78,-1,-1,506,510
5308,1778513652483,3877.4,711,25.24,52.77,-1,-1,506,510
5309,1778513653200,3878.1,716,25.24,52.78,-1,-1,506,510
5310,1778513654202,3879.1,726,25.25,52.79,-1,-1,506,510
5311,1778513654922,3879.8,719,25.25,52.78,-1,-1,506,510
5312,1778513655654,3880.5,730,25.24,52.77,-1,-1,506,510
5313,1778513656377,3881.3,723,25.24,52.76,-1,-1,506,510
5314,1778513657093,3882.0,715,25.24,52.77,-1,-1,507,510
5315,1778513657800,3882.7,707,25.23,52.78,-1,-1,507,510
5316,1778513658543,3883.4,743,25.23,52.78,-1,-1,507,510
5317,1778513659272,3884.2,729,25.22,52.77,-1,-1,507,510
5318,1778513660238,3885.1,758,25.24,52.78,-1,-1,507,510
5319,1778513660943,3885.8,705,25.23,52.77,-1,-1,507,510
5320,1778513661653,3886.5,709,25.23,52.78,-1,-1,508,510
5321,1778513662314,3887.2,660,25.22,52.79,-1,-1,508,510
5322,1778513663095,3888.0,778,25.22,52.78,-1,-1,508,510
5323,1778513663790,3888.7,695,25.21,52.79,-1,-1,508,510
5324,1778513664812,3889.7,740,25.23,52.80,-1,-1,508,510
5325,1778513665538,3890.4,726,25.22,52.81,-1,-1,508,510
5326,1778513666259,3891.2,721,25.22,52.82,-1,-1,509,510
5327,1778513666980,3891.9,721,25.21,52.81,-1,-1,509,510
5328,1778513667934,3892.8,712,25.23,52.82,-1,-1,509,510
5329,1778513668656,3893.6,721,25.22,52.82,-1,-1,509,510
5330,1778513669379,3894.3,723,25.22,52.81,-1,-1,509,510
5331,1778513670108,3895.0,729,25.21,52.80,-1,-1,509,510
5332,1778513670853,3895.7,742,25.21,52.79,-1,-1,510,510
5333,1778513671584,3896.5,731,25.20,52.78,-1,-1,510,510
5334,1778513672317,3897.2,733,25.20,52.77,-1,-1,510,510
5335,1778513673268,3898.2,716,25.21,52.78,-1,-1,510,510
5336,1778513673957,3898.9,688,25.21,52.79,-1,-1,485,510
5337,1778513674684,3899.6,726,25.20,52.78,-1,-1,484,510
5338,1778513675368,3900.3,684,25.20,52.79,-1,-1,485,510
5339,1778513676104,3901.0,736,25.19,52.78,-1,-1,485,510
5340,1778513676812,3901.7,708,25.19,52.77,-1,-1,486,510
5341,1778513677515,3902.4,702,25.18,52.76,-1,-1,486,510
5342,1778513678237,3903.1,718,25.18,52.75,-1,-1,486,510
5343,1778513678972,3903.9,735,25.17,52.76,-1,-1,486,510
5344,1778513679699,3904.6,727,25.17,52.75,-1,-1,487,510
5345,1778513680426,3905.3,726,25.16,52.76,-1,-1,487,510
5346,1778513681159,3906.1,733,25.16,52.77,-1,-1,487,510
5347,1778513681891,3906.8,731,25.15,52.78,-1,-1,487,510
5348,1778513682621,3907.5,730,25.15,52.79,-1,-1,487,510
5349,1778513683355,3908.2,734,25.14,52.79,-1,-1,487,510
5350,1778513684391,3909.3,766,25.16,52.80,-1,-1,488,510
5351,1778513685313,3910.2,711,25.17,52.81,3670,88,488,510
5352,1778513686299,3911.2,724,25.19,52.82,-1,-1,488,510
5353,1778513687226,3912.1,720,25.20,52.83,-1,-1,488,510
5354,1778513688125,3913.0,716,25.21,52.84,-1,-1,488,510
5355,1778513688871,3913.8,746,25.21,52.85,-1,-1,488,510
5356,1778513689605,3914.5,733,25.21,52.84,-1,-1,488,510
5357,1778513690354,3915.2,749,25.20,52.85,-1,-1,489,510
5358,1778513691076,3916.0,722,25.20,52.84,-1,-1,489,510
5359,1778513691815,3916.7,739,25.19,52.83,-1,-1,489,510
5360,1778513692542,3917.4,726,25.19,52.82,-1,-1,489,510
5361,1778513693254,3918.1,712,25.18,52.81,-1,-1,489,510
5362,1778513693968,3918.9,712,25.18,52.80,-1,-1,489,510
5363,1778513694677,3919.6,708,25.17,52.79,-1,-1,490,510
5364,1778513695425,3920.3,747,25.17,52.80,-1,-1,490,510
5365,1778513696138,3921.0,712,25.16,52.81,-1,-1,490,510
5366,1778513697147,3922.0,712,25.18,52.81,-1,-1,490,510
5367,1778513698124,3923.0,726,25.19,52.82,-1,-1,490,510
5368,1778513698848,3923.7,723,25.19,52.81,-1,-1,490,510
5369,1778513699564,3924.5,716,25.18,52.80,-1,-1,491,510
5370,1778513700537,3925.4,735,25.20,52.81,-1,-1,491,510
5371,1778513701262,3926.2,724,25.19,52.80,-1,-1,491,510
5372,1778513702293,3927.2,819,25.20,52.81,-1,-1,491,510
5373,1778513703232,3928.1,739,25.22,52.82,-1,-1,491,510
5374,1778513703949,3928.8,716,25.21,52.83,-1,-1,491,510
5375,1778513704661,3929.6,712,25.21,52.82,-1,-1,492,510
5376,1778513705389,3930.3,727,25.20,52.83,-1,-1,492,510
5377,1778513706081,3931.0,692,25.20,52.82,-1,-1,492,510
5378,1778513706794,3931.7,713,25.20,52.83,-1,-1,492,510
5379,1778513707500,3932.4,706,25.19,52.82,-1,-1,492,510
5380,1778513708237,3933.1,736,25.19,52.83,-1,-1,492,510
5381,1778513708942,3933.8,705,25.18,52.82,-1,-1,492,510
5382,1778513709651,3934.5,706,25.18,52.81,-1,-1,493,510
5383,1778513710367,3935.3,716,25.17,52.81,-1,-1,493,510
5384,1778513711059,3936.0,692,25.17,52.80,-1,-1,493,510
5385,1778513711795,3936.7,736,25.16,52.81,-1,-1,493,510
5386,1778513712533,3937.4,737,25.16,52.82,-1,-1,493,510
5387,1778513713283,3938.2,749,25.15,52.83,-1,-1,493,510
5388,1778513714283,3939.2,774,25.17,52.84,-1,-1,494,510
5389,1778513714989,3939.9,705,25.16,52.85,-1,-1,494,510
5390,1778513715702,3940.6,713,25.16,52.84,-1,-1,494,510
5391,1778513716422,3941.3,719,25.15,52.83,-1,-1,494,510
5392,1778513717159,3942.1,734,25.15,52.82,-1,-1,494,510
5393,1778513717876,3942.8,717,25.14,52.81,-1,-1,494,510
5394,1778513718606,3943.5,730,25.14,52.80,-1,-1,494,510
5395,1778513719333,3944.2,726,25.13,52.79,-1,-1,495,510
5396,1778513720073,3945.0,740,25.13,52.78,-1,-1,495,510
5397,1778513721092,3946.0,755,25.14,52.79,-1,-1,495,510
5398,1778513721996,3946.9,713,25.16,52.80,-1,-1,495,510
5399,1778513722932,3947.8,719,25.17,52.81,-1,-1,495,510
5400,1778513723789,3948.7,856,25.17,52.81,-1,-1,495,510
5401,1778513724488,3949.4,699,25.16,52.82,3668,90,496,510
5402,1778513725189,3950.1,698,25.16,52.83,-1,-1,496,510
5403,1778513725908,3950.8,719,25.15,52.82,-1,-1,496,510
5404,1778513726623,3951.5,715,25.15,52.81,-1,-1,496,510
5405,1778513727341,3952.2,717,25.14,52.80,-1,-1,496,510
5406,1778513728048,3952.9,706,25.14,52.79,-1,-1,496,510
5407,1778513728762,3953.7,714,25.13,52.80,-1,-1,497,510
5408,1778513729479,3954.4,716,25.13,52.79,-1,-1,497,510
5409,1778513730473,3955.4,714,25.14,52.80,-1,-1,497,510
5410,1778513731195,3956.1,722,25.14,52.81,-1,-1,497,510
5411,1778513731907,3956.8,712,25.13,52.80,-1,-1,497,510
5412,1778513732629,3957.5,719,25.13,52.81,-1,-1,497,510
5413,1778513733351,3958.2,722,25.12,52.80,-1,-1,498,510
5414,1778513734333,3959.2,725,25.14,52.81,-1,-1,498,510
5415,1778513735051,3959.9,718,25.13,52.80,-1,-1,498,510
5416,1778513735783,3960.7,731,25.13,52.81,-1,-1,498,510
5417,1778513736500,3961.4,717,25.12,52.82,-1,-1,498,510
5418,1778513737211,3962.1,711,25.12,52.82,-1,-1,498,510
5419,1778513737921,3962.8,709,25.12,52.81,-1,-1,498,510
5420,1778513738935,3963.8,737,25.13,52.82,-1,-1,499,510
5421,1778513739664,3964.6,728,25.12,52.81,-1,-1,500,510
5422,1778513740391,3965.3,724,25.12,52.82,-1,-1,499,510
5423,1778513741356,3966.3,733,25.13,52.83,-1,-1,499,510
5424,1778513742061,3967.0,705,25.13,52.84,-1,-1,500,510
5425,1778513742764,3967.7,703,25.12,52.83,-1,-1,499,510
5426,1778513743478,3968.4,714,25.12,52.82,-1,-1,500,510
5427,1778513744205,3969.1,727,25.12,52.81,-1,-1,500,510
5428,1778513744990,3969.9,785,25.11,52.82,-1,-1,500,510
5429,1778513745702,3970.6,712,25.11,52.81,-1,-1,500,510
5430,1778513746609,3971.5,704,25.12,52.82,-1,-1,500,510
5431,1778513747319,3972.2,710,25.12,52.83,-1,-1,501,510
5432,1778513748051,3972.9,728,25.11,52.82,-1,-1,501,510
5433,1778513748997,3973.9,706,25.12,52.83,-1,-1,501,510
5434,1778513749875,3974.8,711,25.14,52.83,-1,-1,501,510
5435,1778513750779,3975.7,727,25.15,52.84,-1,-1,501,510
5436,1778513751489,3976.4,709,25.15,52.83,-1,-1,502,510
5437,1778513752182,3977.1,693,25.14,52.84,-1,-1,502,510
5438,1778513753422,3978.3,824,25.16,52.85,-1,-1,503,510
5439,1778513754149,3979.0,726,25.15,52.84,-1,-1,503,510
5440,1778513754862,3979.8,713,25.15,52.83,-1,-1,503,510
5441,1778513755566,3980.5,703,25.14,52.82,-1,-1,503,510
5442,1778513756564,3981.5,703,25.16,52.83,-1,-1,503,510
5443,1778513757267,3982.2,703,25.15,52.84,-1,-1,503,510
5444,1778513757972,3982.9,705,25.15,52.85,-1,-1,503,510
5445,1778513758681,3983.6,709,25.14,52.84,-1,-1,504,510
5446,1778513759385,3984.3,703,25.14,52.85,-1,-1,504,510
5447,1778513760096,3985.0,711,25.13,52.85,-1,-1,504,510
5448,1778513760803,3985.7,707,25.13,52.86,-1,-1,504,510
5449,1778513761515,3986.4,712,25.12,52.85,-1,-1,504,510
5450,1778513762571,3987.5,719,25.14,52.86,-1,-1,504,510
5451,1778513763283,3988.2,711,25.13,52.85,3668,90,505,510
5452,1778513764000,3988.9,714,25.13,52.84,-1,-1,505,510
5453,1778513764710,3989.6,710,25.12,52.83,-1,-1,505,510
5454,1778513765420,3990.3,710,25.12,52.84,-1,-1,505,510
5455,1778513766394,3991.3,699,25.13,52.85,-1,-1,505,510
5456,1778513767094,3992.0,699,25.13,52.84,-1,-1,505,510
5457,1778513767804,3992.7,710,25.12,52.83,-1,-1,506,510
5458,1778513768538,3993.4,734,25.12,52.82,-1,-1,506,510
5459,1778513769256,3994.1,718,25.11,52.81,-1,-1,506,510
5460,1778513769996,3994.9,740,25.11,52.80,-1,-1,506,510
5461,1778513770732,3995.6,736,25.11,52.79,-1,-1,506,510
5462,1778513771481,3996.4,746,25.10,52.80,-1,-1,506,510
5463,1778513772231,3997.1,750,25.10,52.79,-1,-1,507,510
5464,1778513773264,3998.2,753,25.11,52.80,-1,-1,507,510
5465,1778513773980,3998.9,716,25.11,52.81,-1,-1,507,510
5466,1778513774732,3999.6,752,25.10,52.80,-1,-1,507,510
5467,1778513775765,4000.7,748,25.11,52.81,-1,-1,507,510
5468,1778513776644,4001.5,734,25.13,52.82,-1,-1,507,510
5469,1778513777374,4002.3,730,25.12,52.83,-1,-1,507,510
5470,1778513778115,4003.0,741,25.12,52.82,-1,-1,508,510
5471,1778513778828,4003.7,712,25.11,52.81,-1,-1,508,510
5472,1778513779526,4004.4,696,25.11,52.80,-1,-1,508,510
5473,1778513780244,4005.1,718,25.11,52.80,-1,-1,508,510
5474,1778513781228,4006.1,712,25.12,52.81,-1,-1,508,510
5475,1778513781935,4006.8,706,25.11,52.80,-1,-1,508,510
5476,1778513782651,4007.5,716,25.11,52.79,-1,-1,509,510
5477,1778513783371,4008.3,720,25.10,52.80,-1,-1,509,510
5478,1778513784146,4009.0,774,25.10,52.79,-1,-1,509,510
5479,1778513784835,4009.7,688,25.10,52.78,-1,-1,509,510
5480,1778513785822,4010.7,712,25.11,52.79,-1,-1,509,510
5481,1778513786536,4011.4,712,25.10,52.80,-1,-1,509,510
5482,1778513787245,4012.1,705,25.10,52.79,-1,-1,510,510
5483,1778513787979,4012.9,734,25.10,52.78,-1,-1,510,510
5484,1778513788974,4013.9,699,25.11,52.79,-1,-1,510,510
5485,1778513789692,4014.6,718,25.10,52.78,-1,-1,510,510
5486,1778513790432,4015.3,739,25.10,52.79,-1,-1,510,510
5487,1778513791135,4016.0,703,25.10,52.78,-1,-1,485,510
5488,1778513792076,4017.0,689,25.11,52.79,-1,-1,485,510
5489,1778513792710,4017.6,633,25.10,52.80,-1,-1,486,510
5490,1778513793419,4018.3,709,25.10,52.79,-1,-1,485,510
5491,1778513794136,4019.0,716,25.10,52.80,-1,-1,485,510
5492,1778513795156,4020.1,705,25.11,52.80,-1,-1,485,510
5493,1778513795870,4020.8,714,25.10,52.79,-1,-1,487,510
5494,1778513796752,4021.6,653,25.12,52.80,-1,-1,486,510
5495,1778513797447,4022.3,694,25.11,52.79,-1,-1,487,510
5496,1778513798401,4023.3,712,25.13,52.80,-1,-1,487,510
5497,1778513799129,4024.0,728,25.12,52.79,-1,-1,487,510
5498,1778513799842,4024.7,712,25.12,52.80,-1,-1,487,510
5499,1778513800562,4025.5,720,25.11,52.81,-1,-1,487,510
5500,1778513801263,4026.2,700,25.11,52.80,-1,-1,488,510
5501,1778513801955,4026.8,691,25.10,52.81,3668,90,488,510
5502,1778513802667,4027.6,708,25.10,52.82,-1,-1,488,510
5503,1778513803402,4028.3,735,25.10,52.81,-1,-1,488,510
5504,1778513804140,4029.0,737,25.09,52.82,-1,-1,488,510
5505,1778513804970,4029.9,829,25.09,52.81,-1,-1,488,510
5506,1778513805690,4030.6,720,25.08,52.80,-1,-1,489,510
5507,1778513806409,4031.3,719,25.08,52.79,-1,-1,489,510
5508,1778513807109,4032.0,699,25.07,52.78,-1,-1,489,510
5509,1778513807831,4032.7,721,25.07,52.77,-1,-1,489,510
5510,1778513808535,4033.4,704,25.06,52.76,-1,-1,489,510
5511,1778513809254,4034.1,718,25.06,52.77,-1,-1,489,510
5512,1778513809995,4034.9,737,25.05,52.78,-1,-1,490,510
5513,1778513811041,4035.9,730,25.07,52.78,-1,-1,490,510
5514,1778513811769,4036.7,727,25.06,52.77,-1,-1,490,510
5515,1778513812482,4037.4,712,25.06,52.77,-1,-1,490,510
5516,1778513813200,4038.1,717,25.05,52.76,-1,-1,490,510
5517,1778513813935,4038.8,734,25.05,52.75,-1,-1,490,510
5518,1778513814640,4039.5,704,25.05,52.74,-1,-1,490,510
5519,1778513815352,4040.2,712,25.04,52.73,-1,-1,491,510
5520,1778513816060,4041.0,708,25.04,52.72,-1,-1,491,510
5521,1778513817090,4042.0,696,25.05,52.73,-1,-1,491,510
5522,1778513817797,4042.7,704,25.05,52.72,-1,-1,491,510
5523,1778513818494,4043.4,697,25.04,52.71,-1,-1,491,510
5524,1778513819197,4044.1,702,25.04,52.70,-1,-1,491,510
5525,1778513820154,4045.0,710,25.05,52.71,-1,-1,492,510
5526,1778513821004,4045.9,707,25.06,52.71,-1,-1,492,510
5527,1778513821702,4046.6,698,25.06,52.72,-1,-1,492,510
5528,1778513822432,4047.3,730,25.05,52.71,-1,-1,492,510
5529,1778513823235,4048.1,802,25.05,52.72,-1,-1,492,510
5530,1778513823955,4048.8,720,25.05,52.71,-1,-1,492,510
5531,1778513824667,4049.6,711,25.04,52.70,-1,-1,493,510
5532,1778513825371,4050.3,700,25.04,52.71,-1,-1,493,510
5533,1778513826140,4051.0,769,25.03,52.70,-1,-1,493,510
5534,1778513827117,4052.0,711,25.05,52.71,-1,-1,493,510
5535,1778513827849,4052.7,732,25.04,52.70,-1,-1,493,510
5536,1778513828579,4053.5,730,25.04,52.71,-1,-1,493,510
5537,1778513829317,4054.2,738,25.03,52.70,-1,-1,493,510
5538,1778513830053,4054.9,735,25.03,52.69,-1,-1,494,510
5539,1778513830790,4055.7,737,25.02,52.68,-1,-1,494,510
5540,1778513831511,4056.4,721,25.02,52.67,-1,-1,494,510
5541,1778513832493,4057.4,733,25.03,52.68,-1,-1,494,510
5542,1778513833229,4058.1,732,25.03,52.67,-1,-1,494,510
5543,1778513834191,4059.1,729,25.04,52.68,-1,-1,494,510
5544,1778513834913,4059.8,721,25.04,52.69,-1,-1,495,510
5545,1778513835651,4060.5,738,25.03,52.68,-1,-1,495,510
5546,1778513836378,4061.3,727,25.03,52.67,-1,-1,495,510
5547,1778513837123,4062.0,745,25.02,52.66,-1,-1,495,510
5548,1778513837859,4062.8,735,25.02,52.65,-1,-1,495,510
5549,1778513838568,4063.5,708,25.01,52.64,-1,-1,495,510
5550,1778513839317,4064.2,749,25.01,52.65,-1,-1,496,510
5551,1778513840033,4064.9,715,25.00,52.64,3668,90,496,510
5552,1778513840759,4065.7,722,25.00,52.63,-1,-1,496,510
5553,1778513841900,4066.8,789,25.01,52.64,-1,-1,496,510
5554,1778513842607,4067.5,706,25.01,52.63,-1,-1,496,510
5555,1778513843319,4068.2,711,25.00,52.62,-1,-1,496,510
5556,1778513844021,4068.9,701,25.00,52.63,-1,-1,497,510
5557,1778513844788,4069.7,766,25.00,52.62,-1,-1,497,510
5558,1778513845503,4070.4,715,24.99,52.61,-1,-1,497,510
5559,1778513846216,4071.1,712,24.99,52.60,-1,-1,497,510
5560,1778513846927,4071.8,710,24.98,52.59,-1,-1,497,510
5561,1778513847683,4072.6,756,24.98,52.58,-1,-1,497,510
5562,1778513848408,4073.3,720,24.97,52.57,-1,-1,497,510
5563,1778513849124,4074.0,716,24.97,52.56,-1,-1,498,510
5564,1778513850070,4075.0,706,24.98,52.57,-1,-1,498,510
5565,1778513850986,4075.9,698,25.00,52.58,-1,-1,498,510
5566,1778513851708,4076.6,721,24.99,52.59,-1,-1,498,510
5567,1778513852543,4077.4,650,25.00,52.60,-1,-1,498,510
5568,1778513853292,4078.2,748,25.00,52.59,-1,-1,498,510
5569,1778513854022,4078.9,730,25.00,52.58,-1,-1,499,510
5570,1778513855068,4080.0,708,25.01,52.59,-1,-1,499,510
5571,1778513855775,4080.7,707,25.00,52.58,-1,-1,499,510
5572,1778513856508,4081.4,730,25.00,52.58,-1,-1,499,510
5573,1778513857440,4082.3,720,25.01,52.59,-1,-1,499,510
5574,1778513858167,4083.1,727,25.01,52.58,-1,-1,500,510
5575,1778513858875,4083.8,708,25.00,52.57,-1,-1,500,510
5576,1778513858880,4083.8,5,25.00,52.56,-1,-1,500,510
5577,1778513859596,4084.5,716,25.00,52.57,-1,-1,500,510
5578,1778513860566,4085.5,727,25.01,52.58,-1,-1,500,510
5579,1778513861283,4086.2,716,25.00,52.59,-1,-1,501,510
5580,1778513862221,4087.1,728,25.02,52.60,-1,-1,500,510
5581,1778513863179,4088.1,772,25.03,52.61,-1,-1,501,510
5582,1778513863894,4088.8,712,25.03,52.60,-1,-1,502,510
5583,1778513864758,4089.7,707,25.04,52.61,-1,-1,501,510
5584,1778513865706,4090.6,771,25.05,52.61,-1,-1,501,510
5585,1778513865712,4090.6,6,25.05,52.61,-1,-1,502,510
5586,1778513866419,4091.3,707,25.04,52.60,-1,-1,502,510
5587,1778513867136,4092.0,717,25.04,52.59,-1,-1,501,510
5588,1778513867861,4092.8,725,25.04,52.58,-1,-1,503,510
5589,1778513868603,4093.5,741,25.03,52.57,-1,-1,502,510
5590,1778513869343,4094.2,740,25.03,52.56,-1,-1,503,510
5591,1778513869349,4094.2,6,25.02,52.55,-1,-1,503,510
5592,1778513870106,4095.0,754,25.02,52.54,-1,-1,503,510
5593,1778513870810,4095.7,704,25.01,52.53,-1,-1,503,510
5594,1778513871557,4096.5,746,25.01,52.54,-1,-1,504,510
5595,1778513872276,4097.2,719,25.00,52.55,-1,-1,504,510
5596,1778513873006,4097.9,730,25.00,52.56,-1,-1,504,510
5597,1778513873728,4098.6,722,25.00,52.56,-1,-1,504,510
5598,1778513874459,4099.4,729,24.99,52.57,-1,-1,504,510
5599,1778513875497,4100.4,713,25.00,52.58,-1,-1,504,510
5600,1778513876232,4101.1,735,25.00,52.57,-1,-1,505,510
5601,1778513876925,4101.8,692,25.00,52.56,3666,92,505,510
5602,1778513877626,4102.5,698,24.99,52.55,-1,-1,505,510
5603,1778513878340,4103.2,713,24.99,52.54,-1,-1,505,510
5604,1778513879044,4103.9,703,24.98,52.53,-1,-1,505,510
5605,1778513879755,4104.6,710,24.98,52.54,-1,-1,505,510
5606,1778513880472,4105.4,716,24.97,52.53,-1,-1,505,510
5607,1778513881181,4106.1,709,24.97,52.52,-1,-1,506,510
5608,1778513882182,4107.1,717,24.98,52.53,-1,-1,506,510
5609,1778513882900,4107.8,718,24.98,52.52,-1,-1,506,510
5610,1778513883604,4108.5,704,24.97,52.51,-1,-1,506,510
5611,1778513884541,4109.4,733,24.99,52.52,-1,-1,506,510
5612,1778513885259,4110.2,715,24.98,52.53,-1,-1,506,510
5613,1778513885985,4110.9,725,24.98,52.54,-1,-1,507,510
5614,1778513886935,4111.8,703,24.99,52.55,-1,-1,507,510
5615,1778513887862,4112.8,709,25.00,52.56,-1,-1,507,510
5616,1778513888575,4113.5,713,25.00,52.55,-1,-1,507,510
5617,1778513889283,4114.2,707,25.00,52.54,-1,-1,507,510
5618,1778513889995,4114.9,712,24.99,52.53,-1,-1,507,510
5619,1778513890749,4115.6,754,24.99,52.52,-1,-1,508,510
5620,1778513890755,4115.6,6,24.98,52.53,-1,-1,508,510
5621,1778513891731,4116.6,731,25.00,52.54,-1,-1,508,510
5622,1778513892458,4117.4,725,24.99,52.53,-1,-1,508,510
5623,1778513893174,4118.1,716,24.99,52.52,-1,-1,508,510
5624,1778513893966,4118.9,792,24.98,52.51,-1,-1,508,510
5625,1778513894695,4119.6,729,24.98,52.50,-1,-1,508,510
5626,1778513895414,4120.3,718,24.97,52.49,-1,-1,509,510
5627,1778513896146,4121.0,732,24.97,52.48,-1,-1,509,510
5628,1778513896414,4121.3,5,24.98,52.49,-1,-1,509,510
5629,1778513897132,4122.0,718,24.98,52.48,-1,-1,509,510
5630,1778513898072,4123.0,709,24.99,52.49,-1,-1,509,510
5631,1778513898977,4123.9,728,25.00,52.50,-1,-1,509,510
5632,1778513899907,4124.8,707,25.02,52.50,-1,-1,510,510
5633,1778513900824,4125.7,699,25.03,52.51,-1,-1,510,510
5634,1778513901538,4126.4,713,25.03,52.52,-1,-1,510,510
5635,1778513902236,4127.1,698,25.02,52.51,-1,-1,484,510
5636,1778513903032,4127.9,796,25.02,52.50,-1,-1,484,510
5637,1778513903955,4128.8,705,25.03,52.51,-1,-1,485,510
5638,1778513904656,4129.5,701,25.03,52.50,-1,-1,486,510
5639,1778513905376,4130.3,720,25.02,52.51,-1,-1,485,510
5640,1778513906089,4131.0,712,25.02,52.52,-1,-1,485,510
5641,1778513906814,4131.7,724,25.01,52.51,-1,-1,485,510
5642,1778513907049,4131.9,5,25.03,52.52,-1,-1,485,510
5643,1778513907760,4132.7,711,25.02,52.51,-1,-1,486,510
5644,1778513908467,4133.4,707,25.02,52.50,-1,-1,486,510
5645,1778513909189,4134.1,722,25.01,52.49,-1,-1,487,510
5646,1778513909926,4134.8,737,25.01,52.50,-1,-1,487,510
5647,1778513910631,4135.5,705,25.00,52.49,-1,-1,487,510
5648,1778513911347,4136.2,715,25.00,52.48,-1,-1,487,510
5649,1778513912049,4136.9,701,25.00,52.49,-1,-1,487,510
5650,1778513912770,4137.7,721,24.99,52.48,-1,-1,488,510
5651,1778513913746,4138.6,721,25.00,52.49,3666,92,488,510
5652,1778513914439,4139.3,690,25.00,52.48,-1,-1,488,510
5653,1778513915148,4140.0,709,25.00,52.47,-1,-1,488,510
5654,1778513915865,4140.8,716,24.99,52.46,-1,-1,488,510
5655,1778513916801,4141.7,706,25.00,52.47,-1,-1,488,510
5656,1778513917571,4142.5,769,25.00,52.46,-1,-1,489,510
5657,1778513918280,4143.2,709,25.00,52.47,-1,-1,489,510
5658,1778513919229,4144.1,720,25.01,52.47,-1,-1,489,510
5659,1778513919934,4144.8,704,25.00,52.47,-1,-1,489,510
5660,1778513920819,4145.7,698,25.02,52.47,-1,-1,489,510
5661,1778513921530,4146.4,710,25.01,52.48,-1,-1,489,510
5662,1778513922412,4147.3,707,25.03,52.49,-1,-1,490,510
5663,1778513923117,4148.0,704,25.02,52.48,-1,-1,490,510
5664,1778513923820,4148.7,702,25.02,52.49,-1,-1,490,510
5665,1778513924559,4149.5,738,25.01,52.48,-1,-1,490,510
5666,1778513925271,4150.2,712,25.01,52.47,-1,-1,490,510
5667,1778513925277,4150.2,5,25.00,52.48,-1,-1,490,510
5668,1778513925999,4150.9,722,25.00,52.49,-1,-1,490,510
5669,1778513926726,4151.6,727,25.00,52.50,-1,-1,491,510
5670,1778513927467,4152.4,741,24.99,52.49,-1,-1,491,510
5671,1778513928447,4153.3,698,25.00,52.50,-1,-1,491,510
5672,1778513929180,4154.1,727,25.00,52.50,-1,-1,491,510
5673,1778513930099,4155.0,714,25.01,52.51,-1,-1,491,510
5674,1778513930827,4155.7,727,25.01,52.50,-1,-1,491,510
5675,1778513931807,4156.7,720,25.02,52.51,-1,-1,492,510
5676,1778513932521,4157.4,713,25.02,52.50,-1,-1,492,510
5677,1778513933248,4158.1,727,25.01,52.49,-1,-1,492,510
5678,1778513933956,4158.9,707,25.01,52.48,-1,-1,492,510
5679,1778513934678,4159.6,722,25.00,52.49,-1,-1,492,510
5680,1778513935422,4160.3,744,25.00,52.50,-1,-1,492,510
5681,1778513936168,4161.1,746,25.00,52.49,-1,-1,493,510
5682,1778513936907,4161.8,736,24.99,52.50,-1,-1,493,510
5683,1778513937624,4162.5,716,24.99,52.49,-1,-1,493,510
5684,1778513937630,4162.5,6,24.98,52.48,-1,-1,493,510
5685,1778513938330,4163.2,700,24.98,52.47,-1,-1,493,510
5686,1778513939254,4164.1,690,24.99,52.48,-1,-1,493,510
5687,1778513939970,4164.9,716,24.99,52.47,-1,-1,493,510
5688,1778513940699,4165.6,728,24.98,52.46,-1,-1,494,510
5689,1778513941414,4166.3,715,24.98,52.47,-1,-1,494,510
5690,1778513942394,4167.3,713,24.99,52.48,-1,-1,494,510
5691,1778513943106,4168.0,712,24.99,52.49,-1,-1,494,510
5692,1778513943114,4168.0,5,24.98,52.49,-1,-1,494,510
5693,1778513943120,4168.0,6,24.98,52.50,-1,-1,494,510
5694,1778513943823,4168.7,703,24.97,52.49,-1,-1,495,510
5695,1778513944540,4169.4,717,24.97,52.48,-1,-1,495,510
5696,1778513945287,4170.2,747,24.96,52.49,-1,-1,495,510
5697,1778513946242,4171.1,733,24.98,52.50,-1,-1,495,510
5698,1778513946946,4171.8,704,24.97,52.49,-1,-1,495,510
5699,1778513947645,4172.5,699,24.97,52.50,-1,-1,495,510
5700,1778513948361,4173.3,716,24.96,52.51,-1,-1,495,510
5701,1778513949362,4174.3,731,24.98,52.52,3664,94,496,510
5702,1778513950085,4175.0,718,24.97,52.51,-1,-1,496,510
5703,1778513950807,4175.7,722,24.97,52.52,-1,-1,496,510
5704,1778513951519,4176.4,712,24.96,52.51,-1,-1,496,510
5705,1778513952230,4177.1,711,24.96,52.52,-1,-1,496,510
5706,1778513953197,4178.1,701,24.97,52.52,-1,-1,496,510
5707,1778513954127,4179.0,709,24.99,52.53,-1,-1,497,510
5708,1778513954831,4179.7,704,24.98,52.54,-1,-1,497,510
5709,1778513955848,4180.7,709,25.00,52.55,-1,-1,497,510
5710,1778513956574,4181.5,725,24.99,52.54,-1,-1,497,510
5711,1778513957558,4182.5,726,25.00,52.55,-1,-1,497,510
5712,1778513957568,4182.5,5,25.00,52.54,-1,-1,497,510
5713,1778513958286,4183.2,717,25.00,52.53,-1,-1,498,510
5714,1778513958292,4183.2,5,24.99,52.52,-1,-1,498,510
5715,1778513959015,4183.9,722,24.99,52.51,-1,-1,498,510
5716,1778513959729,4184.6,714,24.98,52.50,-1,-1,498,510
5717,1778513960515,4185.4,786,24.98,52.51,-1,-1,498,510
5718,1778513961233,4186.1,717,24.97,52.50,-1,-1,498,510
5719,1778513961942,4186.8,709,24.97,52.49,-1,-1,498,510
5720,1778513962654,4187.5,711,24.97,52.48,-1,-1,499,510
5721,1778513963421,4188.3,767,24.96,52.47,-1,-1,499,510
5722,1778513964369,4189.3,701,24.97,52.48,-1,-1,499,510
5723,1778513965083,4190.0,713,24.97,52.47,-1,-1,499,510
5724,1778513965804,4190.7,720,24.97,52.46,-1,-1,499,510
5725,1778513966769,4191.7,732,24.98,52.47,-1,-1,499,510
5726,1778513967482,4192.4,712,24.97,52.48,-1,-1,500,510
5727,1778513968188,4193.1,706,24.97,52.47,-1,-1,500,510
5728,1778513968194,4193.1,5,24.97,52.48,-1,-1,500,510
5729,1778513968900,4193.8,705,24.96,52.47,-1,-1,500,510
5730,1778513969922,4194.8,723,24.97,52.48,-1,-1,500,510
5731,1778513970866,4195.8,712,24.99,52.49,-1,-1,500,510
5732,1778513971670,4196.6,801,24.98,52.48,-1,-1,502,510
5733,1778513972611,4197.5,696,25.00,52.49,-1,-1,501,510
5734,1778513973582,4198.5,718,25.01,52.49,-1,-1,501,510
5735,1778513974505,4199.4,723,25.02,52.50,-1,-1,501,510
5736,1778513975197,4200.1,692,25.02,52.51,-1,-1,502,510
5737,1778513975906,4200.8,709,25.01,52.50,-1,-1,501,510
5738,1778513976614,4201.5,707,25.01,52.49,-1,-1,502,510
5739,1778513977609,4202.5,693,25.02,52.50,-1,-1,502,510
5740,1778513978322,4203.2,712,25.02,52.51,-1,-1,503,510
5741,1778513979026,4203.9,704,25.01,52.50,-1,-1,502,510
5742,1778513979783,4204.7,755,25.01,52.51,-1,-1,502,510
5743,1778513980495,4205.4,712,25.00,52.50,-1,-1,502,510
5744,1778513981203,4206.1,708,25.00,52.49,-1,-1,503,510
5745,1778513981963,4206.9,760,25.00,52.48,-1,-1,503,510
5746,1778513982672,4207.6,708,24.99,52.49,-1,-1,504,510
5747,1778513983367,4208.3,695,24.99,52.48,-1,-1,504,510
5748,1778513984436,4209.3,779,25.00,52.49,-1,-1,503,510
5749,1778513985140,4210.0,704,25.00,52.50,-1,-1,504,510
5750,1778513985873,4210.8,733,24.99,52.49,-1,-1,504,510
5751,1778513986588,4211.5,714,24.99,52.48,3662,96,505,510
5752,1778513986597,4211.5,5,24.98,52.47,-1,-1,505,510
5753,1778513986603,4211.5,5,24.98,52.46,-1,-1,505,510
5754,1778513987569,4212.5,704,24.99,52.47,-1,-1,505,510
5755,1778513988342,4213.2,773,24.99,52.48,-1,-1,505,510
5756,1778513989060,4214.0,717,24.98,52.47,-1,-1,505,510
5757,1778513989804,4214.7,744,24.98,52.48,-1,-1,506,510
5758,1778513990823,4215.7,703,24.99,52.48,-1,-1,506,510
5759,1778513991539,4216.4,714,24.99,52.47,-1,-1,506,510
5760,1778513991544,4216.4,5,24.98,52.47,-1,-1,506,510
5761,1778513992249,4217.1,705,24.98,52.47,-1,-1,506,510
5762,1778513993369,4218.3,726,24.99,52.48,-1,-1,506,510
5763,1778513994216,4219.1,846,24.99,52.47,-1,-1,506,510
5764,1778513995332,4220.2,849,25.00,52.48,-1,-1,507,510
5765,1778513996310,4221.2,765,25.01,52.49,-1,-1,507,510
5766,1778513997023,4221.9,713,25.01,52.48,-1,-1,507,510
5767,1778513997723,4222.6,699,25.00,52.49,-1,-1,507,510
5768,1778513998647,4223.5,717,25.02,52.50,-1,-1,507,510
5769,1778513999376,4224.3,729,25.01,52.49,-1,-1,507,510
5770,1778514000095,4225.0,718,25.01,52.48,-1,-1,508,510
5771,1778514001062,4226.0,704,25.02,52.49,-1,-1,508,510
5772,1778514001774,4226.7,706,25.02,52.49,-1,-1,508,510
5773,1778514002767,4227.7,720,25.03,52.50,-1,-1,508,510
5774,1778514003484,4228.4,716,25.03,52.51,-1,-1,508,510
5775,1778514004197,4229.1,713,25.02,52.50,-1,-1,508,510
5776,1778514005122,4230.0,730,25.03,52.51,-1,-1,509,510
5777,1778514005863,4230.8,741,25.03,52.52,-1,-1,509,510
5778,1778514006576,4231.5,713,25.03,52.51,-1,-1,509,510
5779,1778514007528,4232.4,724,25.04,52.52,-1,-1,509,510
5780,1778514008479,4233.4,727,25.05,52.53,-1,-1,509,510
5781,1778514009362,4234.3,700,25.06,52.53,-1,-1,509,510
5782,1778514010107,4235.0,743,25.06,52.53,-1,-1,510,510
5783,1778514010818,4235.7,711,25.06,52.52,-1,-1,510,510
5784,1778514011527,4236.4,709,25.05,52.51,-1,-1,510,510
5785,1778514012258,4237.2,731,25.05,52.50,-1,-1,510,510
5786,1778514012899,4237.8,640,25.04,52.51,-1,-1,484,510
5787,1778514013618,4238.5,718,25.04,52.51,-1,-1,485,510
5788,1778514014335,4239.2,717,25.03,52.52,-1,-1,485,510
5789,1778514015047,4239.9,712,25.03,52.53,-1,-1,485,510
5790,1778514015774,4240.7,727,25.03,52.54,-1,-1,485,510
5791,1778514016502,4241.4,728,25.02,52.53,-1,-1,485,510
5792,1778514017547,4242.4,748,25.03,52.54,-1,-1,485,510
5793,1778514018471,4243.4,741,25.05,52.55,-1,-1,486,510
5794,1778514019202,4244.1,730,25.04,52.54,-1,-1,487,510
5795,1778514019947,4244.8,744,25.04,52.55,-1,-1,486,510
5796,1778514020676,4245.6,729,25.03,52.55,-1,-1,487,510
5797,1778514020681,4245.6,5,25.03,52.54,-1,-1,487,510
5798,1778514021389,4246.3,708,25.03,52.54,-1,-1,487,510
5799,1778514022325,4247.2,726,25.04,52.54,-1,-1,487,510
5800,1778514023049,4247.9,724,25.03,52.53,-1,-1,488,510
5801,1778514023751,4248.6,702,25.03,52.53,3662,96,488,510
5802,1778514024474,4249.4,720,25.03,52.52,-1,-1,488,510
5803,1778514025175,4250.1,701,25.02,52.51,-1,-1,488,510
5804,1778514026249,4251.1,722,25.03,52.52,-1,-1,488,510
5805,1778514026962,4251.9,712,25.03,52.51,-1,-1,488,510
5806,1778514027668,4252.6,705,25.03,52.51,-1,-1,489,510
5807,1778514028422,4253.3,754,25.02,52.51,-1,-1,489,510
5808,1778514029157,4254.1,735,25.02,52.50,-1,-1,489,510
5809,1778514029877,4254.8,719,25.01,52.49,-1,-1,489,510
5810,1778514030612,4255.5,735,25.01,52.48,-1,-1,489,510
5811,1778514031355,4256.2,743,25.00,52.47,-1,-1,489,510
5812,1778514032099,4257.0,742,25.00,52.46,-1,-1,490,510
5813,1778514032794,4257.7,695,25.00,52.45,-1,-1,490,510
5814,1778514033816,4258.7,714,25.01,52.46,-1,-1,490,510
5815,1778514034531,4259.4,714,25.00,52.45,-1,-1,490,510
5816,1778514035244,4260.1,713,25.00,52.44,-1,-1,490,510
5817,1778514035979,4260.9,735,25.00,52.43,-1,-1,490,510
5818,1778514036918,4261.8,737,25.01,52.44,-1,-1,491,510
5819,1778514037870,4262.8,726,25.02,52.45,-1,-1,491,510
5820,1778514038605,4263.5,734,25.02,52.44,-1,-1,491,510
5821,1778514039324,4264.2,719,25.01,52.43,-1,-1,491,510
5822,1778514040044,4264.9,717,25.01,52.42,-1,-1,491,510
5823,1778514040779,4265.7,735,25.00,52.41,-1,-1,491,510
5824,1778514041507,4266.4,728,25.00,52.42,-1,-1,491,510
5825,1778514042234,4267.1,727,25.00,52.41,-1,-1,492,510
5826,1778514043191,4268.1,731,25.01,52.42,-1,-1,492,510
5827,1778514043912,4268.8,719,25.00,52.41,-1,-1,492,510
5828,1778514044633,4269.5,721,25.00,52.40,-1,-1,492,510
5829,1778514045587,4270.5,733,25.01,52.41,-1,-1,492,510
5830,1778514046484,4271.4,717,25.03,52.42,-1,-1,492,510
5831,1778514047397,4272.3,711,25.04,52.43,-1,-1,493,510
5832,1778514048124,4273.0,725,25.03,52.42,-1,-1,493,510
5833,1778514049081,4274.0,721,25.05,52.43,-1,-1,493,510
5834,1778514049301,4274.2,6,25.06,52.43,-1,-1,493,510
5835,1778514050014,4274.9,713,25.06,52.44,-1,-1,493,510
5836,1778514050993,4275.9,762,25.07,52.45,-1,-1,493,510
5837,1778514051713,4276.6,719,25.06,52.46,-1,-1,494,510
5838,1778514052457,4277.4,744,25.06,52.45,-1,-1,494,510
5839,1778514053179,4278.1,720,25.06,52.46,-1,-1,494,510
5840,1778514053927,4278.8,748,25.05,52.45,-1,-1,494,510
5841,1778514054817,4279.7,717,25.06,52.46,-1,-1,494,510
5842,1778514055788,4280.7,736,25.08,52.46,-1,-1,494,510
5843,1778514056499,4281.4,710,25.07,52.46,-1,-1,495,510
5844,1778514057217,4282.1,718,25.07,52.45,-1,-1,495,510
5845,1778514057938,4282.8,720,25.06,52.46,-1,-1,495,510
5846,1778514058660,4283.6,721,25.06,52.45,-1,-1,495,510
5847,1778514059395,4284.3,735,25.06,52.44,-1,-1,495,510
5848,1778514060125,4285.0,730,25.05,52.43,-1,-1,495,510
5849,1778514060846,4285.7,720,25.05,52.44,-1,-1,496,510
5850,1778514061576,4286.5,730,25.04,52.44,-1,-1,496,510
5851,1778514062296,4287.2,720,25.04,52.44,3662,96,496,510
5852,1778514063043,4287.9,744,25.03,52.43,-1,-1,496,510
5853,1778514063759,4288.7,715,25.03,52.42,-1,-1,496,510
5854,1778514063765,4288.7,5,25.03,52.43,-1,-1,496,510
5855,1778514064705,4289.6,708,25.04,52.43,-1,-1,496,510
5856,1778514065420,4290.3,715,25.03,52.44,-1,-1,497,510
5857,1778514066130,4291.0,709,25.03,52.43,-1,-1,497,510
5858,1778514067033,4291.9,688,25.04,52.44,-1,-1,497,510
5859,1778514067746,4292.6,712,25.04,52.45,-1,-1,497,510
5860,1778514068458,4293.4,712,25.03,52.44,-1,-1,497,510
5861,1778514069178,4294.1,720,25.03,52.45,-1,-1,497,510
5862,1778514069893,4294.8,712,25.03,52.46,-1,-1,498,510
5863,1778514070594,4295.5,700,25.02,52.45,-1,-1,498,510
5864,1778514070801,4295.7,5,25.03,52.46,-1,-1,498,510
5865,1778514071516,4296.4,715,25.03,52.46,-1,-1,498,510
5866,1778514072222,4297.1,706,25.03,52.47,-1,-1,498,510
5867,1778514072227,4297.1,5,25.02,52.48,-1,-1,498,510
5868,1778514072941,4297.8,714,25.02,52.47,-1,-1,498,510
5869,1778514073672,4298.6,731,25.01,52.46,-1,-1,499,510
5870,1778514074386,4299.3,714,25.01,52.45,-1,-1,499,510
5871,1778514075124,4300.0,738,25.00,52.46,-1,-1,499,510
5872,1778514076067,4301.0,732,25.02,52.47,-1,-1,499,510
5873,1778514076799,4301.7,732,25.01,52.46,-1,-1,499,510
5874,1778514077551,4302.4,752,25.01,52.47,-1,-1,499,510
5875,1778514078270,4303.2,719,25.00,52.48,-1,-1,500,510
5876,1778514079112,4304.0,694,25.02,52.48,-1,-1,500,510
5877,1778514080023,4304.9,708,25.03,52.49,-1,-1,500,510
5878,1778514080980,4305.9,725,25.04,52.50,-1,-1,500,510
5879,1778514081704,4306.6,722,25.04,52.49,-1,-1,501,510
5880,1778514082655,4307.5,708,25.05,52.50,-1,-1,500,510
5881,1778514083402,4308.3,747,25.05,52.51,-1,-1,502,510
5882,1778514084362,4309.3,725,25.06,52.52,-1,-1,501,510
5883,1778514085305,4310.2,729,25.07,52.52,-1,-1,501,510
5884,1778514086188,4311.1,717,25.08,52.53,-1,-1,501,510
5885,1778514086894,4311.8,706,25.08,52.54,-1,-1,502,510
5886,1778514087829,4312.7,707,25.09,52.55,-1,-1,501,510
5887,1778514088557,4313.5,728,25.09,52.54,-1,-1,503,510
5888,1778514089281,4314.2,724,25.08,52.53,-1,-1,502,510
5889,1778514090028,4314.9,747,25.08,52.52,-1,-1,502,510
5890,1778514090730,4315.6,702,25.08,52.53,-1,-1,502,510
5891,1778514091446,4316.3,715,25.07,52.52,-1,-1,502,510
5892,1778514092173,4317.1,725,25.07,52.53,-1,-1,502,510
5893,1778514093162,4318.1,793,25.08,52.54,-1,-1,503,510
5894,1778514094069,4319.0,698,25.09,52.54,-1,-1,503,510
5895,1778514094790,4319.7,719,25.09,52.55,-1,-1,504,510
5896,1778514095492,4320.4,701,25.08,52.54,-1,-1,504,510
5897,1778514096223,4321.1,730,25.08,52.54,-1,-1,504,510
5898,1778514096965,4321.9,741,25.08,52.53,-1,-1,504,510
5899,1778514097704,4322.6,739,25.07,52.53,-1,-1,504,510
5900,1778514098447,4323.3,742,25.07,52.53,-1,-1,505,510
5901,1778514099196,4324.1,749,25.06,52.52,3660,98,505,510
5902,1778514100123,4325.0,715,25.08,52.52,-1,-1,505,510
5903,1778514100844,4325.7,721,25.07,52.52,-1,-1,505,510
5904,1778514101574,4326.5,730,25.07,52.51,-1,-1,505,510
5905,1778514102306,4327.2,732,25.06,52.50,-1,-1,505,510
5906,1778514103253,4328.1,744,25.08,52.51,-1,-1,506,510
5907,1778514103989,4328.9,735,25.07,52.50,-1,-1,506,510
5908,1778514104732,4329.6,743,25.07,52.49,-1,-1,506,510
5909,1778514105444,4330.3,711,25.06,52.48,-1,-1,506,510
5910,1778514106159,4331.1,715,25.06,52.47,-1,-1,506,510
5911,1778514106866,4331.8,707,25.05,52.46,-1,-1,506,510
5912,1778514107628,4332.5,759,25.05,52.45,-1,-1,507,510
5913,1778514107633,4332.5,5,25.05,52.44,-1,-1,507,510
5914,1778514108583,4333.5,714,25.06,52.45,-1,-1,507,510
5915,1778514109322,4334.2,739,25.05,52.44,-1,-1,507,510
5916,1778514110063,4335.0,741,25.05,52.43,-1,-1,507,510
5917,1778514110797,4335.7,734,25.05,52.44,-1,-1,507,510
5918,1778514111500,4336.4,702,25.04,52.45,-1,-1,507,510
5919,1778514112234,4337.1,733,25.04,52.46,-1,-1,508,510
5920,1778514112240,4337.1,5,25.03,52.45,-1,-1,508,510
5921,1778514112966,4337.9,726,25.03,52.46,-1,-1,508,510
5922,1778514113701,4338.6,733,25.03,52.47,-1,-1,508,510
5923,1778514114419,4339.3,718,25.02,52.46,-1,-1,508,510
5924,1778514115132,4340.0,713,25.02,52.45,-1,-1,508,510
5925,1778514116101,4341.0,711,25.03,52.46,-1,-1,509,510
5926,1778514116833,4341.7,731,25.03,52.45,-1,-1,509,510
5927,1778514117554,4342.4,721,25.02,52.44,-1,-1,509,510
5928,1778514118301,4343.2,747,25.02,52.45,-1,-1,509,510
5929,1778514119028,4343.9,727,25.01,52.44,-1,-1,509,510
5930,1778514119801,4344.7,773,25.01,52.43,-1,-1,509,510
5931,1778514120516,4345.4,714,25.00,52.42,-1,-1,510,510
5932,1778514121225,4346.1,707,25.00,52.41,-1,-1,510,510
5933,1778514122290,4347.2,721,25.01,52.42,-1,-1,510,510
5934,1778514122296,4347.2,6,25.01,52.41,-1,-1,510,510
5935,1778514122991,4347.9,695,25.00,52.40,-1,-1,485,510
5936,1778514123931,4348.8,707,25.02,52.41,-1,-1,484,510
5937,1778514124655,4349.5,724,25.01,52.40,-1,-1,486,510
5938,1778514125368,4350.3,713,25.01,52.41,-1,-1,485,510
5939,1778514126090,4351.0,721,25.00,52.42,-1,-1,485,510
5940,1778514126815,4351.7,725,25.00,52.41,-1,-1,485,510
5941,1778514127759,4352.7,724,25.01,52.42,-1,-1,485,510
5942,1778514128482,4353.4,720,25.01,52.41,-1,-1,486,510
5943,1778514129188,4354.1,706,25.00,52.40,-1,-1,486,510
5944,1778514129890,4354.8,702,25.00,52.41,-1,-1,486,510
5945,1778514130603,4355.5,712,25.00,52.41,-1,-1,486,510
5946,1778514131333,4356.2,730,24.99,52.42,-1,-1,486,510
5947,1778514132063,4357.0,730,24.99,52.43,-1,-1,486,510
5948,1778514132850,4357.7,786,24.98,52.42,-1,-1,487,510
5949,1778514133572,4358.5,722,24.98,52.41,-1,-1,487,510
5950,1778514134557,4359.5,734,24.99,52.42,-1,-1,488,510
5951,1778514135282,4360.2,725,24.99,52.41,3660,98,488,510
5952,1778514136248,4361.1,731,25.00,52.42,-1,-1,488,510
5953,1778514136977,4361.9,728,25.00,52.41,-1,-1,488,510
5954,1778514137718,4362.6,741,24.99,52.42,-1,-1,488,510
5955,1778514138427,4363.3,708,24.99,52.43,-1,-1,488,510
5956,1778514139166,4364.1,738,24.98,52.43,-1,-1,489,510
5957,1778514139861,4364.8,695,24.98,52.43,-1,-1,489,510
5958,1778514140818,4365.7,714,24.99,52.43,-1,-1,489,510
5959,1778514141532,4366.4,714,24.99,52.44,-1,-1,489,510
5960,1778514142270,4367.2,738,24.98,52.43,-1,-1,489,510
5961,1778514142980,4367.9,710,24.98,52.42,-1,-1,489,510
5962,1778514143727,4368.6,744,24.97,52.43,-1,-1,490,510
5963,1778514144463,4369.4,736,24.97,52.42,-1,-1,490,510
5964,1778514145407,4370.3,733,24.98,52.43,-1,-1,490,510
5965,1778514146314,4371.2,720,25.00,52.44,-1,-1,490,510
5966,1778514147051,4371.9,737,24.99,52.45,-1,-1,490,510
5967,1778514147991,4372.9,727,25.00,52.46,-1,-1,490,510
5968,1778514148711,4373.6,719,25.00,52.45,-1,-1,491,510
5969,1778514149432,4374.3,721,25.00,52.44,-1,-1,491,510
5970,1778514150166,4375.1,734,24.99,52.45,-1,-1,491,510
5971,1778514151241,4376.1,817,25.00,52.45,-1,-1,491,510
5972,1778514151997,4376.9,754,25.00,52.44,-1,-1,491,510
5973,1778514152715,4377.6,718,25.00,52.44,-1,-1,491,510
5974,1778514152720,4377.6,5,24.99,52.44,-1,-1,491,510
5975,1778514153442,4378.3,722,24.99,52.44,-1,-1,492,510
5976,1778514153447,4378.3,5,24.98,52.43,-1,-1,492,510
5977,1778514154158,4379.1,711,24.98,52.43,-1,-1,492,510
5978,1778514154859,4379.8,701,24.97,52.43,-1,-1,492,510
5979,1778514154865,4379.8,5,24.97,52.43,-1,-1,492,510
5980,1778514155566,4380.5,701,24.97,52.44,-1,-1,492,510
5981,1778514156300,4381.2,733,24.96,52.45,-1,-1,492,510
5982,1778514157013,4381.9,710,24.96,52.44,-1,-1,493,510
5983,1778514157757,4382.7,744,24.95,52.43,-1,-1,493,510
5984,1778514158482,4383.4,725,24.95,52.42,-1,-1,493,510
5985,1778514159210,4384.1,728,24.95,52.41,-1,-1,493,510
5986,1778514159920,4384.8,710,24.94,52.41,-1,-1,493,510
5987,1778514160954,4385.8,733,24.95,52.41,-1,-1,493,510
5988,1778514161656,4386.5,701,24.95,52.40,-1,-1,494,510
5989,1778514162629,4387.5,717,24.96,52.41,-1,-1,494,510
5990,1778514163411,4388.3,781,24.96,52.42,-1,-1,494,510
5991,1778514164115,4389.0,704,24.95,52.41,-1,-1,494,510
5992,1778514165007,4389.9,725,24.97,52.42,-1,-1,494,510
5993,1778514165719,4390.6,711,24.96,52.41,-1,-1,494,510
5994,1778514166718,4391.6,723,24.97,52.42,-1,-1,495,510
5995,1778514167448,4392.3,730,24.97,52.41,-1,-1,495,510
5996,1778514168420,4393.3,734,24.98,52.42,-1,-1,495,510
5997,1778514169148,4394.0,728,24.98,52.43,-1,-1,495,510
5998,1778514169866,4394.8,718,24.97,52.43,-1,-1,495,510
5999,1778514170597,4395.5,731,24.97,52.44,-1,-1,495,510
6000,1778514171332,4396.2,735,24.97,52.45,-1,-1,496,510
6001,1778514172150,4397.0,817,24.96,52.44,3660,98,496,510
6002,1778514173054,4397.9,693,24.98,52.45,-1,-1,496,510
6003,1778514173960,4398.9,711,24.99,52.46,-1,-1,496,510
6004,1778514174663,4399.6,703,24.98,52.45,-1,-1,496,510
6005,1778514175378,4400.3,714,24.98,52.44,-1,-1,496,510
6006,1778514176094,4401.0,716,24.98,52.45,-1,-1,496,510
6007,1778514177001,4401.9,717,24.99,52.46,-1,-1,497,510
6008,1778514177721,4402.6,719,24.98,52.46,-1,-1,497,510
6009,1778514178447,4403.3,726,24.98,52.47,-1,-1,497,510
6010,1778514179162,4404.1,715,24.98,52.46,-1,-1,497,510
6011,1778514179868,4404.8,705,24.97,52.45,-1,-1,497,510
6012,1778514180586,4405.5,714,24.97,52.45,-1,-1,497,510
6013,1778514181384,4406.3,797,24.96,52.45,-1,-1,498,510
6014,1778514182100,4407.0,716,24.96,52.44,-1,-1,498,510
6015,1778514183172,4408.1,741,24.97,52.45,-1,-1,498,510
6016,1778514184065,4409.0,707,24.98,52.46,-1,-1,498,510
6017,1778514184794,4409.7,729,24.98,52.47,-1,-1,498,510
6018,1778514185726,4410.6,715,24.99,52.48,-1,-1,498,510
6019,1778514186444,4411.3,718,24.99,52.48,-1,-1,499,510
6020,1778514187208,4412.1,763,24.98,52.49,-1,-1,499,510
6021,1778514187906,4412.8,698,24.98,52.48,-1,-1,499,510
6022,1778514188816,4413.7,729,24.99,52.49,-1,-1,499,510
6023,1778514189730,4414.6,712,25.00,52.50,-1,-1,499,510
6024,1778514190702,4415.6,778,25.02,52.51,-1,-1,499,510
6025,1778514191611,4416.5,708,25.03,52.51,-1,-1,500,510
6026,1778514192323,4417.2,711,25.02,52.51,-1,-1,500,510
6027,1778514193025,4417.9,702,25.02,52.51,-1,-1,500,510
6028,1778514193744,4418.6,719,25.02,52.50,-1,-1,500,510
6029,1778514194458,4419.4,714,25.01,52.51,-1,-1,500,510
6030,1778514195180,4420.1,722,25.01,52.52,-1,-1,500,510
6031,1778514195907,4420.8,727,25.00,52.53,-1,-1,501,510
6032,1778514196620,4421.5,710,25.00,52.52,-1,-1,501,510
6033,1778514197687,4422.6,719,25.01,52.53,-1,-1,501,510
6034,1778514198607,4423.5,714,25.02,52.54,-1,-1,501,510
6035,1778514199315,4424.2,707,25.02,52.53,-1,-1,502,510
6036,1778514200259,4425.2,700,25.03,52.53,-1,-1,501,510
6037,1778514200967,4425.9,707,25.03,52.53,-1,-1,503,510
6038,1778514201673,4426.6,706,25.02,52.53,-1,-1,502,510
6039,1778514201678,4426.6,5,25.02,52.54,-1,-1,502,510
6040,1778514202669,4427.6,722,25.03,52.55,-1,-1,502,510
6041,1778514203379,4428.3,709,25.03,52.56,-1,-1,503,510
6042,1778514203387,4428.3,5,25.02,52.55,-1,-1,503,510
6043,1778514204348,4429.2,722,25.04,52.56,-1,-1,502,510
6044,1778514205071,4430.0,723,25.03,52.55,-1,-1,504,510
6045,1778514205986,4430.9,705,25.05,52.56,-1,-1,503,510
6046,1778514206906,4431.8,711,25.06,52.56,-1,-1,503,510
6047,1778514207633,4432.5,727,25.05,52.55,-1,-1,504,510
6048,1778514208402,4433.3,769,25.05,52.55,-1,-1,504,510
6049,1778514209104,4434.0,701,25.05,52.54,-1,-1,504,510
6050,1778514209806,4434.7,702,25.04,52.53,-1,-1,505,510
6051,1778514210764,4435.7,712,25.05,52.54,3658,100,505,510
6052,1778514211568,4436.5,801,25.05,52.54,-1,-1,505,510
6053,1778514212475,4437.4,701,25.06,52.55,-1,-1,505,510
6054,1778514213195,4438.1,719,25.06,52.54,-1,-1,505,510
6055,1778514213891,4438.8,696,25.05,52.54,-1,-1,505,510
6056,1778514214639,4439.5,747,25.05,52.54,-1,-1,506,510
6057,1778514215611,4440.5,703,25.06,52.55,-1,-1,506,510
6058,1778514216321,4441.2,710,25.06,52.56,-1,-1,506,510
6059,1778514217030,4441.9,709,25.05,52.57,-1,-1,506,510
6060,1778514217751,4442.6,720,25.05,52.56,-1,-1,506,510
6061,1778514218452,4443.3,701,25.05,52.57,-1,-1,506,510
6062,1778514219165,4444.1,709,25.04,52.56,-1,-1,506,510
6063,1778514219878,4444.8,713,25.04,52.56,-1,-1,507,510
6064,1778514220669,4445.6,790,25.03,52.56,-1,-1,507,510
6065,1778514221363,4446.3,694,25.03,52.56,-1,-1,507,510
6066,1778514222355,4447.2,705,25.04,52.57,-1,-1,507,510
6067,1778514223260,4448.2,718,25.05,52.58,-1,-1,507,510
6068,1778514224058,4449.0,797,25.05,52.57,-1,-1,507,510
6069,1778514224762,4449.7,703,25.05,52.58,-1,-1,508,510
6070,1778514225764,4450.7,713,25.06,52.59,-1,-1,508,510
6071,1778514226546,4451.4,782,25.05,52.59,-1,-1,508,510
6072,1778514227485,4452.4,714,25.07,52.60,-1,-1,508,510
6073,1778514228201,4453.1,716,25.06,52.59,-1,-1,508,510
6074,1778514229109,4454.0,690,25.07,52.60,-1,-1,508,510
6075,1778514229837,4454.7,727,25.07,52.59,-1,-1,509,510
6076,1778514230540,4455.4,703,25.07,52.58,-1,-1,509,510
6077,1778514231249,4456.1,709,25.06,52.58,-1,-1,509,510
6078,1778514231967,4456.9,717,25.06,52.57,-1,-1,509,510
6079,1778514233055,4457.9,777,25.07,52.57,-1,-1,509,510
6080,1778514233763,4458.7,706,25.07,52.57,-1,-1,509,510
6081,1778514233768,4458.7,5,25.06,52.56,-1,-1,510,510
6082,1778514234484,4459.4,713,25.06,52.56,-1,-1,510,510
6083,1778514235217,4460.1,732,25.05,52.56,-1,-1,510,510
6084,1778514235936,4460.8,718,25.05,52.55,-1,-1,510,510
6085,1778514236655,4461.5,719,25.05,52.54,-1,-1,484,510
6086,1778514237375,4462.3,719,25.04,52.53,-1,-1,485,510
6087,1778514238370,4463.3,715,25.05,52.54,-1,-1,485,510
6088,1778514239099,4464.0,729,25.05,52.53,-1,-1,486,510
6089,1778514239814,4464.7,715,25.05,52.54,-1,-1,485,510
6090,1778514240555,4465.4,741,25.04,52.55,-1,-1,485,510
6091,1778514241506,4466.4,706,25.05,52.55,-1,-1,485,510
6092,1778514242223,4467.1,714,25.05,52.56,-1,-1,487,510
6093,1778514242949,4467.8,725,25.05,52.57,-1,-1,486,510
6094,1778514243662,4468.6,713,25.04,52.58,-1,-1,486,510
6095,1778514244417,4469.3,754,25.04,52.57,-1,-1,486,510
6096,1778514245152,4470.0,734,25.03,52.56,-1,-1,487,510
6097,1778514245890,4470.8,738,25.03,52.57,-1,-1,487,510
6098,1778514246603,4471.5,713,25.02,52.56,-1,-1,488,510
6099,1778514247313,4472.2,710,25.02,52.55,-1,-1,488,510
6100,1778514248050,4472.9,737,25.02,52.56,-1,-1,488,510
6101,1778514249024,4473.9,713,25.03,52.57,3658,100,488,510
6102,1778514250000,4474.9,761,25.04,52.57,-1,-1,488,510
6103,1778514250732,4475.6,732,25.04,52.58,-1,-1,488,510
6104,1778514251455,4476.3,723,25.03,52.57,-1,-1,489,510
6105,1778514252164,4477.1,708,25.03,52.56,-1,-1,489,510
6106,1778514252874,4477.8,709,25.02,52.55,-1,-1,489,510
6107,1778514253577,4478.5,703,25.02,52.56,-1,-1,489,510
6108,1778514254285,4479.2,708,25.02,52.55,-1,-1,489,510
6109,1778514255000,4479.9,715,25.01,52.56,-1,-1,489,510
6110,1778514255708,4480.6,708,25.01,52.57,-1,-1,489,510
6111,1778514256412,4481.3,703,25.00,52.56,-1,-1,490,510
6112,1778514257414,4482.3,714,25.02,52.57,-1,-1,490,510
6113,1778514258119,4483.0,704,25.01,52.56,-1,-1,490,510
6114,1778514258835,4483.7,716,25.01,52.55,-1,-1,490,510
6115,1778514259548,4484.4,712,25.00,52.56,-1,-1,490,510
6116,1778514260500,4485.4,718,25.02,52.57,-1,-1,490,510
6117,1778514261438,4486.3,721,25.03,52.57,-1,-1,491,510
6118,1778514262145,4487.0,707,25.02,52.58,-1,-1,491,510
6119,1778514262842,4487.7,697,25.02,52.57,-1,-1,491,510
6120,1778514263540,4488.4,697,25.02,52.57,-1,-1,491,510
6121,1778514264248,4489.1,707,25.01,52.56,-1,-1,491,510
6122,1778514265240,4490.1,714,25.02,52.56,-1,-1,491,510
6123,1778514265972,4490.9,731,25.02,52.57,-1,-1,492,510
6124,1778514266684,4491.6,710,25.02,52.56,-1,-1,492,510
6125,1778514267398,4492.3,714,25.01,52.56,-1,-1,492,510
6126,1778514268444,4493.3,723,25.02,52.56,-1,-1,492,510
6127,1778514269156,4494.0,711,25.02,52.57,-1,-1,492,510
6128,1778514269865,4494.8,709,25.02,52.56,-1,-1,492,510
6129,1778514270574,4495.5,708,25.01,52.57,-1,-1,493,510
6130,1778514271273,4496.2,699,25.01,52.56,-1,-1,493,510
6131,1778514272031,4496.9,758,25.00,52.55,-1,-1,493,510
6132,1778514273002,4497.9,704,25.02,52.56,-1,-1,493,510
6133,1778514273725,4498.6,723,25.01,52.55,-1,-1,493,510
6134,1778514274432,4499.3,707,25.01,52.54,-1,-1,493,510
6135,1778514275395,4500.3,716,25.02,52.55,-1,-1,494,510
6136,1778514276112,4501.0,716,25.02,52.54,-1,-1,494,510
6137,1778514276819,4501.7,707,25.01,52.53,-1,-1,494,510
6138,1778514277837,4502.7,731,25.02,52.54,-1,-1,494,510
6139,1778514278606,4503.5,768,25.02,52.53,-1,-1,494,510
6140,1778514279314,4504.2,708,25.02,52.54,-1,-1,494,510
6141,1778514280306,4505.2,716,25.03,52.55,-1,-1,494,510
6142,1778514281305,4506.2,780,25.04,52.56,-1,-1,495,510
6143,1778514282009,4506.9,703,25.04,52.56,-1,-1,495,510
6144,1778514282900,4507.8,705,25.05,52.57,-1,-1,495,510
6145,1778514283784,4508.7,720,25.06,52.58,-1,-1,495,510
6146,1778514284583,4509.5,798,25.06,52.57,-1,-1,495,510
6147,1778514285290,4510.2,706,25.05,52.58,-1,-1,495,510
6148,1778514286268,4511.2,735,25.07,52.59,-1,-1,496,510
6149,1778514286970,4511.9,702,25.06,52.59,-1,-1,496,510
6150,1778514287938,4512.8,706,25.07,52.60,-1,-1,496,510
6151,1778514288648,4513.5,710,25.07,52.59,3656,102,496,510
6152,1778514289355,4514.2,704,25.07,52.60,-1,-1,496,510
6153,1778514290388,4515.3,761,25.08,52.61,-1,-1,496,510
6154,1778514291100,4516.0,712,25.07,52.60,-1,-1,497,510
6155,1778514291800,4516.7,700,25.07,52.59,-1,-1,497,510
6156,1778514292535,4517.4,735,25.06,52.60,-1,-1,497,510
6157,1778514293279,4518.2,742,25.06,52.59,-1,-1,497,510
6158,1778514294010,4518.9,731,25.06,52.58,-1,-1,497,510
6159,1778514294750,4519.6,740,25.05,52.59,-1,-1,497,510
6160,1778514295489,4520.4,738,25.05,52.60,-1,-1,498,510
6161,1778514296482,4521.4,715,25.06,52.61,-1,-1,498,510
6162,1778514297199,4522.1,714,25.06,52.61,-1,-1,498,510
6163,1778514297912,4522.8,713,25.05,52.62,-1,-1,498,510
6164,1778514298639,4523.5,726,25.05,52.61,-1,-1,498,510
6165,1778514298644,4523.5,5,25.04,52.60,-1,-1,498,510
6166,1778514299644,4524.5,760,25.06,52.61,-1,-1,498,510
6167,1778514300369,4525.3,725,25.05,52.60,-1,-1,499,510
6168,1778514301095,4526.0,725,25.05,52.59,-1,-1,499,510
6169,1778514301787,4526.7,692,25.04,52.59,-1,-1,499,510
6170,1778514302454,4527.3,667,25.04,52.58,-1,-1,499,510
6171,1778514303468,4528.4,700,25.05,52.58,-1,-1,499,510
6172,1778514304187,4529.1,713,25.05,52.58,-1,-1,499,510
6173,1778514304900,4529.8,713,25.04,52.57,-1,-1,500,510
6174,1778514305672,4530.6,772,25.04,52.58,-1,-1,500,510
6175,1778514306628,4531.5,726,25.05,52.58,-1,-1,500,510
6176,1778514307528,4532.4,702,25.06,52.59,-1,-1,500,510
6177,1778514308248,4533.1,719,25.06,52.60,-1,-1,501,510
6178,1778514308953,4533.8,705,25.06,52.59,-1,-1,500,510
6179,1778514309839,4534.7,708,25.07,52.60,-1,-1,501,510
6180,1778514310545,4535.4,706,25.06,52.61,-1,-1,502,510
6181,1778514311345,4536.2,800,25.06,52.61,-1,-1,501,510
6182,1778514312061,4537.0,712,25.06,52.60,-1,-1,501,510
6183,1778514312762,4537.7,701,25.05,52.61,-1,-1,501,510
6184,1778514313757,4538.7,736,25.06,52.62,-1,-1,501,510
6185,1778514314484,4539.4,727,25.06,52.61,-1,-1,502,510
6186,1778514315417,4540.3,712,25.07,52.62,-1,-1,502,510
6187,1778514316143,4541.0,726,25.07,52.61,-1,-1,503,510
6188,1778514316860,4541.8,717,25.06,52.60,-1,-1,502,510
6189,1778514317577,4542.5,716,25.06,52.59,-1,-1,502,510
6190,1778514318487,4543.4,709,25.07,52.60,-1,-1,502,510
6191,1778514319196,4544.1,709,25.07,52.59,-1,-1,503,510
6192,1778514319915,4544.8,716,25.06,52.60,-1,-1,504,510
6193,1778514320617,4545.5,701,25.06,52.61,-1,-1,504,510
6194,1778514321446,4546.3,828,25.06,52.60,-1,-1,504,510
6195,1778514322443,4547.3,711,25.07,52.61,-1,-1,504,510
6196,1778514323406,4548.3,703,25.08,52.61,-1,-1,504,510
6197,1778514324112,4549.0,705,25.08,52.62,-1,-1,504,510
6198,1778514324821,4549.7,708,25.07,52.61,-1,-1,505,510
6199,1778514325706,4550.6,726,25.08,52.62,-1,-1,505,510
6200,1778514326612,4551.5,728,25.10,52.63,-1,-1,505,510
6201,1778514327320,4552.2,708,25.09,52.62,3654,104,505,510
6202,1778514328089,4553.0,762,25.09,52.61,-1,-1,505,510
6203,1778514329010,4553.9,719,25.10,52.62,-1,-1,505,510
6204,1778514329734,4554.6,724,25.10,52.61,-1,-1,506,510
6205,1778514330463,4555.4,729,25.09,52.62,-1,-1,506,510
6206,1778514331184,4556.1,721,25.09,52.61,-1,-1,506,510
6207,1778514331928,4556.8,744,25.08,52.60,-1,-1,506,510
6208,1778514332839,4557.7,708,25.10,52.61,-1,-1,506,510
6209,1778514333783,4558.7,739,25.11,52.62,-1,-1,506,510
6210,1778514334509,4559.4,726,25.10,52.62,-1,-1,507,510
6211,1778514335228,4560.1,719,25.10,52.63,-1,-1,507,510
6212,1778514336173,4561.1,705,25.11,52.64,-1,-1,507,510
6213,1778514336884,4561.8,710,25.11,52.63,-1,-1,507,510
6214,1778514337604,4562.5,720,25.10,52.64,-1,-1,507,510
6215,1778514338538,4563.4,714,25.12,52.65,-1,-1,507,510
6216,1778514339262,4564.2,724,25.11,52.64,-1,-1,508,510
6217,1778514340183,4565.1,720,25.12,52.65,-1,-1,508,510
6218,1778514340895,4565.8,712,25.12,52.64,-1,-1,508,510
6219,1778514341619,4566.5,724,25.12,52.65,-1,-1,508,510
6220,1778514342343,4567.2,723,25.11,52.64,-1,-1,508,510
6221,1778514343263,4568.2,720,25.12,52.64,-1,-1,508,510
6222,1778514344172,4569.1,730,25.14,52.65,-1,-1,508,510
6223,1778514344933,4569.8,761,25.13,52.66,-1,-1,509,510
6224,1778514345922,4570.8,721,25.14,52.67,-1,-1,509,510
6225,1778514346808,4571.7,716,25.16,52.67,-1,-1,509,510
6226,1778514347728,4572.6,721,25.17,52.68,-1,-1,509,510
6227,1778514348443,4573.3,714,25.16,52.67,-1,-1,509,510
6228,1778514349169,4574.1,726,25.16,52.67,-1,-1,509,510
6229,1778514349898,4574.8,729,25.16,52.67,-1,-1,510,510
6230,1778514350704,4575.6,806,25.15,52.68,-1,-1,510,510
6231,1778514351634,4576.5,710,25.16,52.69,-1,-1,510,510
6232,1778514352344,4577.2,708,25.16,52.68,-1,-1,485,510
6233,1778514353036,4577.9,692,25.16,52.67,-1,-1,484,510
6234,1778514353804,4578.7,768,25.15,52.68,-1,-1,485,510
6235,1778514354544,4579.4,739,25.15,52.67,-1,-1,485,510
6236,1778514355234,4580.1,690,25.14,52.66,-1,-1,485,510
6237,1778514355240,4580.1,6,25.14,52.65,-1,-1,485,510
6238,1778514355954,4580.8,714,25.14,52.65,-1,-1,485,510
6239,1778514355959,4580.9,5,25.13,52.65,-1,-1,485,510
6240,1778514356671,4581.6,712,25.13,52.64,-1,-1,486,510
6241,1778514356676,4581.6,5,25.12,52.64,-1,-1,486,510
6242,1778514357657,4582.6,711,25.14,52.64,-1,-1,486,510
6243,1778514358374,4583.3,716,25.13,52.63,-1,-1,487,510
6244,1778514359083,4584.0,709,25.13,52.64,-1,-1,486,510
6245,1778514359787,4584.7,704,25.12,52.63,-1,-1,486,510
6246,1778514360506,4585.4,719,25.12,52.64,-1,-1,486,510
6247,1778514361221,4586.1,715,25.12,52.63,-1,-1,487,510
6248,1778514361949,4586.8,728,25.11,52.64,-1,-1,487,510
6249,1778514362685,4587.6,736,25.11,52.65,-1,-1,488,510
6250,1778514363412,4588.3,727,25.10,52.64,-1,-1,488,510
6251,1778514364158,4589.1,745,25.10,52.65,3654,104,488,510
6252,1778514364423,4589.3,5,25.11,52.66,-1,-1,488,510
6253,1778514365420,4590.3,740,25.12,52.66,-1,-1,488,510
6254,1778514366202,4591.1,782,25.12,52.67,-1,-1,489,510
6255,1778514366908,4591.8,706,25.12,52.66,-1,-1,489,510
6256,1778514366914,4591.8,5,25.11,52.65,-1,-1,489,510
6257,1778514367618,4592.5,704,25.11,52.65,-1,-1,489,510
6258,1778514367624,4592.5,6,25.10,52.64,-1,-1,489,510
6259,1778514368313,4593.2,689,25.10,52.64,-1,-1,489,510
6260,1778514369067,4594.0,753,25.10,52.64,-1,-1,490,510
6261,1778514370052,4594.9,708,25.11,52.64,-1,-1,490,510
6262,1778514370762,4595.7,707,25.10,52.65,-1,-1,490,510
6263,1778514371468,4596.4,706,25.10,52.66,-1,-1,490,510
6264,1778514372439,4597.3,772,25.11,52.67,-1,-1,490,510
6265,1778514373295,4598.2,703,25.12,52.67,-1,-1,490,510
6266,1778514374011,4598.9,716,25.12,52.68,-1,-1,491,510
6267,1778514374732,4599.6,721,25.12,52.67,-1,-1,491,510
6268,1778514375476,4600.4,743,25.11,52.68,-1,-1,491,510
6269,1778514376178,4601.1,702,25.11,52.67,-1,-1,491,510
6270,1778514376882,4601.8,704,25.10,52.66,-1,-1,491,510
6271,1778514377674,4602.6,791,25.10,52.66,-1,-1,491,510
6272,1778514378726,4603.6,716,25.11,52.66,-1,-1,491,510
6273,1778514379627,4604.5,725,25.12,52.67,-1,-1,492,510
6274,1778514380512,4605.4,676,25.14,52.68,-1,-1,492,510
6275,1778514381429,4606.3,713,25.15,52.69,-1,-1,492,510
6276,1778514382340,4607.2,736,25.16,52.69,-1,-1,492,510
6277,1778514383050,4607.9,710,25.16,52.70,-1,-1,492,510
6278,1778514383983,4608.9,708,25.17,52.71,-1,-1,492,510
6279,1778514384696,4609.6,713,25.16,52.70,-1,-1,493,510
6280,1778514385408,4610.3,711,25.16,52.69,-1,-1,493,510
6281,1778514386116,4611.0,708,25.16,52.68,-1,-1,493,510
6282,1778514386842,4611.7,721,25.15,52.69,-1,-1,493,510
6283,1778514387559,4612.5,717,25.15,52.68,-1,-1,493,510
6284,1778514388260,4613.2,701,25.14,52.67,-1,-1,493,510
6285,1778514389274,4614.2,709,25.16,52.68,-1,-1,494,510
6286,1778514390188,4615.1,730,25.17,52.69,-1,-1,494,510
6287,1778514390899,4615.8,711,25.16,52.68,-1,-1,494,510
6288,1778514391801,4616.7,717,25.17,52.69,-1,-1,494,510
6289,1778514392507,4617.4,705,25.17,52.68,-1,-1,494,510
6290,1778514393249,4618.1,742,25.17,52.67,-1,-1,494,510
6291,1778514393952,4618.8,703,25.16,52.66,-1,-1,495,510
6292,1778514394882,4619.8,708,25.17,52.67,-1,-1,495,510
6293,1778514395593,4620.5,710,25.17,52.66,-1,-1,495,510
6294,1778514396306,4621.2,712,25.17,52.65,-1,-1,495,510
6295,1778514396992,4621.9,686,25.16,52.66,-1,-1,495,510
6296,1778514397705,4622.6,712,25.16,52.65,-1,-1,495,510
6297,1778514398406,4623.3,701,25.15,52.64,-1,-1,495,510
6298,1778514399127,4624.0,719,25.15,52.64,-1,-1,496,510
6299,1778514399828,4624.7,701,25.15,52.64,-1,-1,496,510
6300,1778514400546,4625.4,718,25.14,52.63,-1,-1,496,510
6301,1778514401233,4626.1,687,25.14,52.64,3652,106,496,510
6302,1778514401952,4626.8,713,25.13,52.63,-1,-1,496,510
6303,1778514402661,4627.6,709,25.13,52.63,-1,-1,496,510
6304,1778514403372,4628.3,710,25.13,52.62,-1,-1,497,510
6305,1778514404083,4629.0,711,25.12,52.62,-1,-1,497,510
6306,1778514405288,4630.2,727,25.13,52.63,-1,-1,497,510
6307,1778514406002,4630.9,713,25.13,52.64,-1,-1,497,510
6308,1778514406715,4631.6,713,25.13,52.63,-1,-1,497,510
6309,1778514407455,4632.3,740,25.12,52.64,-1,-1,497,510
6310,1778514408272,4633.2,816,25.12,52.65,-1,-1,498,510
6311,1778514408980,4633.9,708,25.11,52.64,-1,-1,498,510
6312,1778514409693,4634.6,709,25.11,52.63,-1,-1,498,510
6313,1778514410402,4635.3,708,25.11,52.64,-1,-1,498,510
6314,1778514411402,4636.3,699,25.12,52.64,-1,-1,498,510
6315,1778514412119,4637.0,716,25.11,52.65,-1,-1,498,510
6316,1778514412837,4637.7,717,25.11,52.64,-1,-1,499,510
6317,1778514412842,4637.7,5,25.11,52.64,-1,-1,499,510
6318,1778514413570,4638.5,728,25.10,52.64,-1,-1,499,510
6319,1778514414555,4639.4,696,25.11,52.65,-1,-1,499,510
6320,1778514415284,4640.2,728,25.11,52.66,-1,-1,499,510
6321,1778514415959,4640.9,675,25.11,52.65,-1,-1,499,510
6322,1778514416691,4641.6,729,25.10,52.66,-1,-1,499,510
6323,1778514417397,4642.3,705,25.10,52.65,-1,-1,500,510
6324,1778514418083,4643.0,686,25.09,52.66,-1,-1,500,510
6325,1778514418796,4643.7,712,25.09,52.65,-1,-1,500,510
6326,1778514419510,4644.4,713,25.09,52.64,-1,-1,500,510
6327,1778514420252,4645.1,742,25.08,52.63,-1,-1,500,510
6328,1778514421030,4645.9,778,25.08,52.62,-1,-1,500,510
6329,1778514422128,4647.0,706,25.09,52.63,-1,-1,501,510
6330,1778514422831,4647.7,701,25.09,52.64,-1,-1,501,510
6331,1778514423548,4648.4,717,25.08,52.63,-1,-1,501,510
6332,1778514424292,4649.2,742,25.08,52.62,-1,-1,501,510
6333,1778514425029,4649.9,737,25.08,52.61,-1,-1,501,510
6334,1778514425763,4650.7,734,25.07,52.60,-1,-1,501,510
6335,1778514426490,4651.4,727,25.07,52.61,-1,-1,501,510
6336,1778514427205,4652.1,715,25.06,52.62,-1,-1,502,510
6337,1778514427904,4652.8,698,25.06,52.61,-1,-1,502,510
6338,1778514428622,4653.5,718,25.06,52.62,-1,-1,502,510
6339,1778514429388,4654.3,765,25.05,52.61,-1,-1,502,510
6340,1778514430111,4655.0,723,25.05,52.60,-1,-1,502,510
6341,1778514430855,4655.7,744,25.04,52.59,-1,-1,502,510
6342,1778514431584,4656.5,725,25.04,52.60,-1,-1,503,510
6343,1778514432327,4657.2,743,25.04,52.59,-1,-1,503,510
6344,1778514433363,4658.3,705,25.05,52.60,-1,-1,503,510
6345,1778514434092,4659.0,729,25.04,52.61,-1,-1,504,510
6346,1778514434800,4659.7,708,25.04,52.60,-1,-1,503,510
6347,1778514435762,4660.7,713,25.05,52.61,-1,-1,503,510
6348,1778514436475,4661.4,713,25.05,52.60,-1,-1,505,510
6349,1778514437189,4662.1,714,25.04,52.59,-1,-1,505,510
6350,1778514438134,4663.0,711,25.06,52.60,-1,-1,505,510
6351,1778514438870,4663.8,735,25.05,52.59,3652,106,505,510
6352,1778514439581,4664.5,708,25.05,52.58,-1,-1,505,510
6353,1778514440290,4665.2,708,25.04,52.59,-1,-1,505,510
6354,1778514440995,4665.9,705,25.04,52.58,-1,-1,506,510
6355,1778514441687,4666.6,691,25.04,52.59,-1,-1,506,510
6356,1778514442402,4667.3,714,25.03,52.58,-1,-1,506,510
6357,1778514443132,4668.0,729,25.03,52.57,-1,-1,506,510
6358,1778514443830,4668.7,698,25.02,52.56,-1,-1,506,510
6359,1778514444557,4669.5,727,25.02,52.56,-1,-1,506,510
6360,1778514445298,4670.2,741,25.02,52.55,-1,-1,506,510
6361,1778514445999,4670.9,700,25.01,52.54,-1,-1,507,510
6362,1778514446721,4671.6,718,25.01,52.53,-1,-1,507,510
6363,1778514447448,4672.3,727,25.00,52.52,-1,-1,507,510
6364,1778514448162,4673.1,714,25.00,52.51,-1,-1,507,510
6365,1778514448878,4673.8,716,25.00,52.52,-1,-1,507,510
6366,1778514449962,4674.9,740,25.01,52.53,-1,-1,507,510
6367,1778514450770,4675.7,807,25.00,52.54,-1,-1,508,510
6368,1778514451482,4676.4,710,25.00,52.53,-1,-1,508,510
6369,1778514452517,4677.4,720,25.01,52.54,-1,-1,508,510
6370,1778514453225,4678.1,707,25.01,52.53,-1,-1,508,510
6371,1778514454211,4679.1,783,25.02,52.53,-1,-1,508,510
6372,1778514454917,4679.8,703,25.02,52.53,-1,-1,508,510
6373,1778514455853,4680.7,710,25.03,52.53,-1,-1,509,510
6374,1778514456794,4681.7,718,25.04,52.54,-1,-1,509,510
6375,1778514457505,4682.4,710,25.04,52.53,-1,-1,509,510
6376,1778514458228,4683.1,722,25.03,52.53,-1,-1,509,510
6377,1778514458961,4683.9,732,25.03,52.52,-1,-1,509,510
6378,1778514459695,4684.6,734,25.02,52.51,-1,-1,509,510
6379,1778514460404,4685.3,709,25.02,52.50,-1,-1,510,510
6380,1778514461121,4686.0,716,25.02,52.51,-1,-1,510,510
6381,1778514461834,4686.7,713,25.01,52.50,-1,-1,510,510
6382,1778514463093,4688.0,708,25.02,52.51,-1,-1,510,510
6383,1778514463734,4688.6,640,25.02,52.50,-1,-1,486,510
6384,1778514464420,4689.3,686,25.02,52.49,-1,-1,485,510
6385,1778514465141,4690.0,721,25.01,52.50,-1,-1,485,510
6386,1778514465904,4690.8,763,25.01,52.49,-1,-1,485,510
6387,1778514466895,4691.8,707,25.02,52.50,-1,-1,485,510
6388,1778514467610,4692.5,714,25.02,52.49,-1,-1,486,510
6389,1778514468324,4693.2,713,25.01,52.48,-1,-1,485,510
6390,1778514469285,4694.2,727,25.02,52.49,-1,-1,486,510
6391,1778514470009,4694.9,724,25.02,52.48,-1,-1,487,510
6392,1778514470724,4695.6,713,25.02,52.49,-1,-1,486,510
6393,1778514471468,4696.4,744,25.01,52.49,-1,-1,486,510
6394,1778514472224,4697.1,756,25.01,52.50,-1,-1,486,510
6395,1778514472948,4697.8,724,25.00,52.49,-1,-1,486,510
6396,1778514473645,4698.5,697,25.00,52.50,-1,-1,487,510
6397,1778514474370,4699.3,725,25.00,52.51,-1,-1,488,510
6398,1778514475072,4700.0,701,24.99,52.50,-1,-1,488,510
6399,1778514475797,4700.7,725,24.99,52.49,-1,-1,488,510
6400,1778514476765,4701.7,707,25.00,52.50,-1,-1,488,510
6401,1778514477732,4702.6,725,25.01,52.51,3650,108,488,510
6402,1778514478455,4703.3,720,25.01,52.50,-1,-1,489,510
6403,1778514479181,4704.1,725,25.00,52.51,-1,-1,489,510
6404,1778514480138,4705.0,735,25.02,52.51,-1,-1,489,510
6405,1778514481041,4705.9,720,25.03,52.52,-1,-1,489,510
6406,1778514481754,4706.6,713,25.02,52.53,-1,-1,489,510
6407,1778514482460,4707.4,705,25.02,52.52,-1,-1,489,510
6408,1778514483171,4708.1,711,25.02,52.51,-1,-1,490,510
6409,1778514483876,4708.8,705,25.01,52.50,-1,-1,490,510
6410,1778514484620,4709.5,744,25.01,52.50,-1,-1,490,510
6411,1778514485362,4710.3,742,25.00,52.49,-1,-1,490,510
6412,1778514486082,4711.0,717,25.00,52.48,-1,-1,490,510
6413,1778514486799,4711.7,716,25.00,52.47,-1,-1,490,510
6414,1778514487514,4712.4,715,24.99,52.46,-1,-1,490,510
6415,1778514488208,4713.1,694,24.99,52.46,-1,-1,491,510
6416,1778514488926,4713.8,718,24.98,52.46,-1,-1,491,510
6417,1778514489940,4714.8,729,25.00,52.47,-1,-1,491,510
6418,1778514490657,4715.6,717,24.99,52.48,-1,-1,491,510
6419,1778514491385,4716.3,728,24.99,52.47,-1,-1,491,510
6420,1778514492382,4717.3,744,25.00,52.48,-1,-1,491,510
6421,1778514492398,4717.3,15,25.00,52.47,-1,-1,492,510
6422,1778514493137,4718.0,734,24.99,52.46,-1,-1,492,510
6423,1778514493927,4718.8,789,24.99,52.47,-1,-1,492,510
6424,1778514494642,4719.5,715,24.98,52.48,-1,-1,492,510
6425,1778514495357,4720.3,715,24.98,52.47,-1,-1,492,510
6426,1778514496071,4721.0,714,24.98,52.47,-1,-1,492,510
6427,1778514496774,4721.7,702,24.97,52.48,-1,-1,492,510
6428,1778514497560,4722.5,786,24.97,52.47,-1,-1,493,510
6429,1778514498522,4723.4,710,24.98,52.48,-1,-1,493,510
6430,1778514499229,4724.1,706,24.98,52.47,-1,-1,493,510
6431,1778514499946,4724.8,717,24.97,52.48,-1,-1,493,510
6432,1778514500865,4725.8,720,24.98,52.49,-1,-1,493,510
6433,1778514501598,4726.5,733,24.98,52.49,-1,-1,494,510
6434,1778514502331,4727.2,733,24.98,52.49,-1,-1,494,510
6435,1778514503060,4728.0,728,24.97,52.48,-1,-1,494,510
6436,1778514503781,4728.7,721,24.97,52.47,-1,-1,494,510
6437,1778514504491,4729.4,710,24.97,52.48,-1,-1,494,510
6438,1778514505195,4730.1,704,24.96,52.49,-1,-1,494,510
6439,1778514505904,4730.8,708,24.96,52.48,-1,-1,494,510
6440,1778514506604,4731.5,700,24.95,52.47,-1,-1,495,510
6441,1778514507341,4732.2,736,24.95,52.48,-1,-1,495,510
6442,1778514508083,4733.0,739,24.95,52.47,-1,-1,495,510
6443,1778514509064,4734.0,732,24.96,52.48,-1,-1,495,510
6444,1778514509788,4734.7,723,24.95,52.47,-1,-1,495,510
6445,1778514510515,4735.4,727,24.95,52.46,-1,-1,495,510
6446,1778514511500,4736.4,728,24.96,52.47,-1,-1,496,510
6447,1778514512225,4737.1,724,24.96,52.46,-1,-1,496,510
6448,1778514513203,4738.1,713,24.97,52.47,-1,-1,496,510
6449,1778514513940,4738.8,735,24.97,52.46,-1,-1,496,510
6450,1778514514668,4739.6,728,24.96,52.45,-1,-1,496,510
6451,1778514515424,4740.3,756,24.96,52.46,3650,108,496,510
6452,1778514516157,4741.1,731,24.95,52.46,-1,-1,497,510
6453,1778514517129,4742.0,728,24.97,52.47,-1,-1,497,510
6454,1778514517868,4742.8,738,24.96,52.46,-1,-1,497,510
6455,1778514518785,4743.7,727,24.97,52.47,-1,-1,497,510
6456,1778514519668,4744.6,699,24.98,52.48,-1,-1,497,510
6457,1778514520402,4745.3,734,24.98,52.47,-1,-1,497,510
6458,1778514521115,4746.0,712,24.98,52.46,-1,-1,497,510
6459,1778514521816,4746.7,701,24.97,52.45,-1,-1,498,510
6460,1778514522534,4747.4,718,24.97,52.45,-1,-1,498,510
6461,1778514523582,4748.5,783,24.98,52.45,-1,-1,498,510
6462,1778514524475,4749.4,706,24.99,52.46,-1,-1,498,510
6463,1778514525185,4750.1,710,24.99,52.45,-1,-1,498,510
6464,1778514525905,4750.8,720,24.98,52.44,-1,-1,498,510
6465,1778514526614,4751.5,709,24.98,52.44,-1,-1,499,510
6466,1778514527318,4752.2,703,24.98,52.43,-1,-1,499,510
6467,1778514528316,4753.2,719,24.99,52.44,-1,-1,499,510
6468,1778514529033,4753.9,717,24.98,52.43,-1,-1,499,510
6469,1778514529800,4754.7,767,24.98,52.42,-1,-1,499,510
6470,1778514530719,4755.6,691,24.99,52.43,-1,-1,499,510
6471,1778514531468,4756.4,748,24.99,52.43,-1,-1,500,510
6472,1778514532182,4757.1,712,24.98,52.43,-1,-1,500,510
6473,1778514533117,4758.0,716,25.00,52.43,-1,-1,500,510
6474,1778514533835,4758.7,717,24.99,52.44,-1,-1,500,510
6475,1778514534537,4759.4,702,24.99,52.43,-1,-1,500,510
6476,1778514535252,4760.1,715,24.98,52.42,-1,-1,500,510
6477,1778514535980,4760.9,727,24.98,52.42,-1,-1,501,510
6478,1778514536717,4761.6,737,24.98,52.41,-1,-1,501,510
6479,1778514537454,4762.3,737,24.97,52.40,-1,-1,501,510
6480,1778514538172,4763.1,718,24.97,52.39,-1,-1,501,510
6481,1778514538891,4763.8,719,24.97,52.40,-1,-1,501,510
6482,1778514539652,4764.5,759,24.96,52.41,-1,-1,501,510
6483,1778514540370,4765.3,717,24.96,52.40,-1,-1,501,510
6484,1778514541081,4766.0,711,24.95,52.41,-1,-1,502,510
6485,1778514541781,4766.7,700,24.95,52.40,-1,-1,502,510
6486,1778514542495,4767.4,714,24.95,52.39,-1,-1,502,510
6487,1778514543247,4768.1,752,24.94,52.40,-1,-1,502,510
6488,1778514543982,4768.9,735,24.94,52.39,-1,-1,502,510
6489,1778514544714,4769.6,732,24.93,52.38,-1,-1,502,510
6490,1778514545469,4770.4,755,24.93,52.37,-1,-1,503,510
6491,1778514546206,4771.1,737,24.93,52.36,-1,-1,503,510
6492,1778514547211,4772.1,732,24.94,52.37,-1,-1,503,510
6493,1778514547922,4772.8,711,24.93,52.36,-1,-1,504,510
6494,1778514548630,4773.5,708,24.93,52.37,-1,-1,504,510
6495,1778514549335,4774.2,704,24.93,52.36,-1,-1,504,510
6496,1778514550397,4775.3,737,24.94,52.37,-1,-1,505,510
6497,1778514551106,4776.0,708,24.93,52.36,-1,-1,505,510
6498,1778514551812,4776.7,706,24.93,52.37,-1,-1,505,510
6499,1778514552547,4777.4,735,24.93,52.36,-1,-1,505,510
6500,1778514553545,4778.4,747,24.94,52.37,-1,-1,505,510
6501,1778514554260,4779.2,714,24.93,52.36,3650,108,505,510
6502,1778514554996,4779.9,733,24.93,52.37,-1,-1,505,510
6503,1778514555748,4780.6,752,24.93,52.38,-1,-1,506,510
6504,1778514556728,4781.6,721,24.94,52.38,-1,-1,506,510
6505,1778514557667,4782.6,717,24.95,52.39,-1,-1,506,510
6506,1778514558380,4783.3,713,24.95,52.38,-1,-1,506,510
6507,1778514559103,4784.0,723,24.94,52.37,-1,-1,506,510
6508,1778514560069,4785.0,742,24.95,52.38,-1,-1,506,510
6509,1778514560784,4785.7,714,24.95,52.39,-1,-1,507,510
6510,1778514561499,4786.4,715,24.95,52.40,-1,-1,507,510
6511,1778514562234,4787.1,735,24.94,52.40,-1,-1,507,510
6512,1778514562960,4787.9,723,24.94,52.40,-1,-1,507,510
6513,1778514563709,4788.6,748,24.93,52.40,-1,-1,507,510
6514,1778514564658,4789.6,710,24.95,52.41,-1,-1,507,510
6515,1778514565370,4790.3,712,24.94,52.40,-1,-1,508,510
6516,1778514566092,4791.0,722,24.94,52.39,-1,-1,508,510
6517,1778514566810,4791.7,718,24.93,52.40,-1,-1,508,510
6518,1778514567538,4792.4,727,24.93,52.39,-1,-1,508,510
6519,1778514568260,4793.2,722,24.93,52.39,-1,-1,508,510
6520,1778514568996,4793.9,736,24.92,52.38,-1,-1,508,510
6521,1778514569690,4794.6,694,24.92,52.37,-1,-1,509,510
6522,1778514570393,4795.3,701,24.92,52.38,-1,-1,509,510
6523,1778514571100,4796.0,707,24.91,52.37,-1,-1,509,510
6524,1778514572056,4797.0,726,24.92,52.38,-1,-1,509,510
6525,1778514572769,4797.7,713,24.92,52.37,-1,-1,509,510
6526,1778514573673,4798.6,703,24.93,52.38,-1,-1,509,510
6527,1778514574547,4799.4,715,24.94,52.38,-1,-1,509,510
6528,1778514575250,4800.1,702,24.94,52.39,-1,-1,510,510
6529,1778514575954,4800.8,704,24.93,52.38,-1,-1,510,510
6530,1778514576839,4801.7,699,24.95,52.39,-1,-1,510,510
6531,1778514577543,4802.4,703,24.94,52.38,-1,-1,510,510
6532,1778514578432,4803.3,711,24.95,52.39,-1,-1,484,510
6533,1778514579146,4804.0,713,24.95,52.40,-1,-1,485,510
6534,1778514579838,4804.7,692,24.95,52.39,-1,-1,485,510
6535,1778514580527,4805.4,689,24.94,52.39,-1,-1,485,510
6536,1778514581505,4806.4,765,24.95,52.40,-1,-1,485,510
6537,1778514582206,4807.1,701,24.95,52.39,-1,-1,486,510
6538,1778514582916,4807.8,709,24.95,52.39,-1,-1,485,510
6539,1778514583615,4808.5,699,24.94,52.38,-1,-1,485,510
6540,1778514584319,4809.2,704,24.94,52.39,-1,-1,486,510
6541,1778514585268,4810.2,708,24.95,52.39,-1,-1,486,510
6542,1778514586206,4811.1,719,24.96,52.40,-1,-1,486,510
6543,1778514586940,4811.8,734,24.96,52.39,-1,-1,487,510
6544,1778514587657,4812.6,717,24.95,52.40,-1,-1,487,510
6545,1778514588366,4813.3,709,24.95,52.39,-1,-1,487,510
6546,1778514589091,4814.0,725,24.95,52.38,-1,-1,487,510
6547,1778514589813,4814.7,722,24.94,52.38,-1,-1,488,510
6548,1778514590726,4815.6,718,24.95,52.38,-1,-1,488,510
6549,1778514591445,4816.3,719,24.95,52.37,-1,-1,488,510
6550,1778514592173,4817.1,728,24.95,52.37,-1,-1,488,510
6551,1778514592879,4817.8,706,24.94,52.37,3648,110,488,510
6552,1778514593620,4818.5,737,24.94,52.37,-1,-1,488,510
6553,1778514594375,4819.3,755,24.94,52.36,-1,-1,489,510
6554,1778514595123,4820.0,748,24.93,52.35,-1,-1,489,510
6555,1778514595832,4820.7,709,24.93,52.36,-1,-1,489,510
6556,1778514596563,4821.5,731,24.92,52.36,-1,-1,489,510
6557,1778514597504,4822.4,713,24.94,52.37,-1,-1,489,510
6558,1778514598210,4823.1,706,24.93,52.36,-1,-1,489,510
6559,1778514599152,4824.0,713,24.94,52.37,-1,-1,490,510
6560,1778514599886,4824.8,733,24.94,52.36,-1,-1,490,510
6561,1778514600598,4825.5,712,24.94,52.37,-1,-1,490,510
6562,1778514601332,4826.2,732,24.93,52.36,-1,-1,490,510
6563,1778514602055,4826.9,723,24.93,52.37,-1,-1,490,510
6564,1778514602792,4827.7,737,24.92,52.38,-1,-1,490,510
6565,1778514603517,4828.4,724,24.92,52.37,-1,-1,490,510
6566,1778514604265,4829.2,747,24.92,52.36,-1,-1,491,510
6567,1778514604990,4829.9,725,24.91,52.35,-1,-1,491,510
6568,1778514605717,4830.6,727,24.91,52.36,-1,-1,491,510
6569,1778514606454,4831.3,737,24.90,52.37,-1,-1,491,510
6570,1778514607189,4832.1,735,24.90,52.36,-1,-1,491,510
6571,1778514607927,4832.8,738,24.90,52.37,-1,-1,491,510
6572,1778514608876,4833.8,723,24.91,52.37,-1,-1,492,510
6573,1778514609593,4834.5,716,24.90,52.37,-1,-1,492,510
6574,1778514610310,4835.2,717,24.90,52.36,-1,-1,492,510
6575,1778514611214,4836.1,736,24.91,52.37,-1,-1,492,510
6576,1778514611925,4836.8,710,24.91,52.37,-1,-1,492,510
6577,1778514612627,4837.5,702,24.90,52.36,-1,-1,492,510
6578,1778514613589,4838.5,755,24.92,52.37,-1,-1,493,510
6579,1778514614324,4839.2,734,24.91,52.36,-1,-1,493,510
6580,1778514615045,4839.9,721,24.91,52.36,-1,-1,493,510
6581,1778514616002,4840.9,742,24.92,52.36,-1,-1,493,510
6582,1778514616932,4841.8,718,24.93,52.37,-1,-1,493,510
6583,1778514617652,4842.5,720,24.93,52.36,-1,-1,493,510
6584,1778514618366,4843.3,714,24.92,52.35,-1,-1,494,510
6585,1778514619100,4844.0,734,24.92,52.36,-1,-1,494,510
6586,1778514619838,4844.7,738,24.92,52.35,-1,-1,494,510
6587,1778514620569,4845.5,731,24.91,52.35,-1,-1,494,510
6588,1778514621301,4846.2,732,24.91,52.34,-1,-1,494,510
6589,1778514622012,4846.9,711,24.91,52.34,-1,-1,494,510
6590,1778514623015,4847.9,745,24.92,52.35,-1,-1,495,510
6591,1778514623936,4848.8,712,24.93,52.36,-1,-1,495,510
6592,1778514624647,4849.5,709,24.92,52.35,-1,-1,495,510
6593,1778514625381,4850.3,733,24.92,52.34,-1,-1,495,510
6594,1778514626100,4851.0,719,24.92,52.35,-1,-1,495,510
6595,1778514626831,4851.7,731,24.91,52.36,-1,-1,495,510
6596,1778514627577,4852.5,746,24.91,52.35,-1,-1,495,510
6597,1778514628314,4853.2,736,24.91,52.36,-1,-1,496,510
6598,1778514629253,4854.1,735,24.92,52.36,-1,-1,496,510
6599,1778514629979,4854.9,726,24.91,52.36,-1,-1,496,510
6600,1778514630706,4855.6,726,24.91,52.36,-1,-1,496,510
6601,1778514631633,4856.5,732,24.92,52.37,3648,110,496,510
6602,1778514632367,4857.3,731,24.92,52.38,-1,-1,496,510
6603,1778514633321,4858.2,713,24.93,52.39,-1,-1,497,510
6604,1778514634265,4859.2,736,24.94,52.39,-1,-1,497,510
6605,1778514634971,4859.9,705,24.94,52.40,-1,-1,497,510
6606,1778514635690,4860.6,719,24.93,52.39,-1,-1,497,510
6607,1778514636394,4861.3,704,24.93,52.38,-1,-1,497,510
6608,1778514637386,4862.3,746,24.94,52.39,-1,-1,497,510
6609,1778514638114,4863.0,728,24.94,52.38,-1,-1,498,510
6610,1778514638847,4863.7,732,24.93,52.38,-1,-1,498,510
6611,1778514639812,4864.7,738,24.94,52.38,-1,-1,498,510
6612,1778514640539,4865.4,725,24.94,52.37,-1,-1,498,510
6613,1778514641268,4866.2,729,24.94,52.38,-1,-1,498,510
6614,1778514642006,4866.9,737,24.93,52.37,-1,-1,498,510
6615,1778514642752,4867.6,746,24.93,52.37,-1,-1,498,510
6616,1778514643455,4868.3,703,24.92,52.37,-1,-1,499,510
6617,1778514644182,4869.1,727,24.92,52.37,-1,-1,499,510
6618,1778514644918,4869.8,735,24.92,52.36,-1,-1,499,510
6619,1778514645669,4870.6,750,24.91,52.35,-1,-1,499,510
6620,1778514646584,4871.5,725,24.92,52.36,-1,-1,499,510
6621,1778514647560,4872.5,732,24.94,52.36,-1,-1,499,510
6622,1778514648451,4873.3,714,24.95,52.37,-1,-1,500,510
6623,1778514649194,4874.1,742,24.94,52.38,-1,-1,501,510
6624,1778514649916,4874.8,722,24.94,52.37,-1,-1,500,510
6625,1778514650654,4875.5,738,24.94,52.36,-1,-1,500,510
6626,1778514651419,4876.3,765,24.93,52.35,-1,-1,500,510
6627,1778514652154,4877.0,735,24.93,52.36,-1,-1,500,510
6628,1778514652892,4877.8,737,24.92,52.35,-1,-1,501,510
6629,1778514653623,4878.5,731,24.92,52.36,-1,-1,501,510
6630,1778514654356,4879.3,733,24.92,52.37,-1,-1,501,510
6631,1778514655083,4880.0,727,24.91,52.36,-1,-1,501,510
6632,1778514656024,4880.9,733,24.92,52.37,-1,-1,501,510
6633,1778514656760,4881.7,735,24.92,52.37,-1,-1,502,510
6634,1778514657503,4882.4,742,24.92,52.38,-1,-1,502,510
6635,1778514658210,4883.1,707,24.91,52.37,-1,-1,502,510
6636,1778514658914,4883.8,704,24.91,52.38,-1,-1,502,510
6637,1778514659924,4884.8,715,24.92,52.39,-1,-1,502,510
6638,1778514660651,4885.5,727,24.92,52.40,-1,-1,503,510
6639,1778514661374,4886.3,723,24.91,52.39,-1,-1,503,510
6640,1778514662118,4887.0,744,24.91,52.38,-1,-1,503,510
6641,1778514662864,4887.8,746,24.91,52.39,-1,-1,504,510
6642,1778514663600,4888.5,733,24.90,52.39,-1,-1,504,510
6643,1778514664349,4889.2,749,24.90,52.39,-1,-1,504,510
6644,1778514665085,4890.0,735,24.89,52.38,-1,-1,504,510
6645,1778514666020,4890.9,741,24.91,52.39,-1,-1,504,510
6646,1778514666746,4891.6,726,24.90,52.39,-1,-1,504,510
6647,1778514667472,4892.4,726,24.90,52.40,-1,-1,505,510
6648,1778514668396,4893.3,728,24.91,52.41,-1,-1,505,510
6649,1778514669131,4894.0,734,24.91,52.40,-1,-1,505,510
6650,1778514669861,4894.8,729,24.90,52.39,-1,-1,505,510
6651,1778514670571,4895.5,710,24.90,52.40,3648,110,505,510
6652,1778514671290,4896.2,717,24.89,52.39,-1,-1,505,510
6653,1778514672027,4896.9,737,24.89,52.38,-1,-1,506,510
6654,1778514672766,4897.7,739,24.89,52.37,-1,-1,506,510
6655,1778514673501,4898.4,735,24.88,52.37,-1,-1,506,510
6656,1778514674241,4899.1,740,24.88,52.36,-1,-1,506,510
6657,1778514674979,4899.9,738,24.88,52.35,-1,-1,506,510
6658,1778514675938,4900.8,745,24.89,52.36,-1,-1,506,510
6659,1778514676854,4901.7,718,24.90,52.37,-1,-1,507,510
6660,1778514677563,4902.5,708,24.89,52.36,-1,-1,507,510
6661,1778514678279,4903.2,715,24.89,52.35,-1,-1,507,510
6662,1778514678994,4903.9,713,24.89,52.34,-1,-1,507,510
6663,1778514679717,4904.6,722,24.88,52.33,-1,-1,507,510
6664,1778514680649,4905.5,712,24.89,52.34,-1,-1,507,510
6665,1778514681380,4906.3,731,24.89,52.35,-1,-1,507,510
6666,1778514682098,4907.0,718,24.89,52.34,-1,-1,508,510
6667,1778514682809,4907.7,711,24.88,52.35,-1,-1,508,510
6668,1778514683795,4908.7,723,24.90,52.35,-1,-1,508,510
6669,1778514684524,4909.4,729,24.89,52.35,-1,-1,508,510
6670,1778514685455,4910.3,736,24.90,52.35,-1,-1,508,510
6671,1778514686187,4911.1,731,24.90,52.36,-1,-1,508,510
6672,1778514686909,4911.8,720,24.90,52.35,-1,-1,509,510
6673,1778514687641,4912.5,732,24.89,52.36,-1,-1,509,510
6674,1778514688376,4913.3,735,24.89,52.35,-1,-1,509,510
6675,1778514689106,4914.0,730,24.88,52.36,-1,-1,509,510
6676,1778514690064,4915.0,746,24.90,52.37,-1,-1,509,510
6677,1778514691016,4915.9,745,24.91,52.37,-1,-1,509,510
6678,1778514691755,4916.6,738,24.90,52.37,-1,-1,510,510
6679,1778514692481,4917.4,726,24.90,52.36,-1,-1,510,510
6680,1778514693216,4918.1,735,24.90,52.37,-1,-1,510,510
6681,1778514694159,4919.1,742,24.91,52.37,-1,-1,486,510
6682,1778514694883,4919.8,723,24.90,52.38,-1,-1,486,510
6683,1778514695592,4920.5,709,24.90,52.37,-1,-1,485,510
6684,1778514696342,4921.2,749,24.90,52.36,-1,-1,485,510
6685,1778514697075,4922.0,733,24.89,52.36,-1,-1,485,510
6686,1778514697802,4922.7,726,24.89,52.35,-1,-1,485,510
6687,1778514698547,4923.4,745,24.88,52.34,-1,-1,485,510
6688,1778514699498,4924.4,729,24.90,52.35,-1,-1,486,510
6689,1778514700205,4925.1,707,24.89,52.34,-1,-1,487,510
6690,1778514700905,4925.8,700,24.89,52.33,-1,-1,486,510
6691,1778514701645,4926.5,740,24.88,52.34,-1,-1,487,510
6692,1778514702386,4927.3,740,24.88,52.35,-1,-1,487,510
6693,1778514703123,4928.0,737,24.88,52.34,-1,-1,487,510
6694,1778514703872,4928.8,749,24.87,52.35,-1,-1,487,510
6695,1778514704603,4929.5,731,24.87,52.34,-1,-1,488,510
6696,1778514705584,4930.5,738,24.88,52.34,-1,-1,488,510
6697,1778514706305,4931.2,720,24.88,52.35,-1,-1,488,510
6698,1778514707006,4931.9,699,24.87,52.34,-1,-1,488,510
6699,1778514707933,4932.8,723,24.88,52.35,-1,-1,488,510
6700,1778514708644,4933.5,710,24.88,52.34,-1,-1,488,510
6701,1778514709594,4934.5,736,24.89,52.35,3648,110,489,510
6702,1778514710320,4935.2,723,24.89,52.36,-1,-1,489,510
6703,1778514711051,4935.9,731,24.88,52.36,-1,-1,489,510
6704,1778514711803,4936.7,752,24.88,52.36,-1,-1,489,510
6705,1778514712722,4937.6,737,24.89,52.36,-1,-1,489,510
6706,1778514713459,4938.4,736,24.89,52.36,-1,-1,489,510
6707,1778514714190,4939.1,731,24.88,52.35,-1,-1,490,510
6708,1778514714919,4939.8,729,24.88,52.36,-1,-1,490,510
6709,1778514715654,4940.5,735,24.88,52.35,-1,-1,490,510
6710,1778514716364,4941.3,710,24.87,52.34,-1,-1,490,510
6711,1778514717084,4942.0,720,24.87,52.33,-1,-1,490,510
6712,1778514717795,4942.7,710,24.87,52.34,-1,-1,490,510
6713,1778514718802,4943.7,719,24.88,52.35,-1,-1,491,510
6714,1778514719736,4944.6,737,24.89,52.35,-1,-1,491,510
6715,1778514720470,4945.4,734,24.88,52.35,-1,-1,491,510
6716,1778514721245,4946.1,774,24.88,52.34,-1,-1,491,510
6717,1778514721964,4946.9,719,24.88,52.33,-1,-1,491,510
6718,1778514722702,4947.6,737,24.87,52.34,-1,-1,491,510
6719,1778514723438,4948.3,736,24.87,52.34,-1,-1,491,510
6720,1778514724412,4949.3,733,24.88,52.35,-1,-1,492,510
6721,1778514725127,4950.0,715,24.88,52.34,-1,-1,492,510
6722,1778514725857,4950.8,728,24.87,52.35,-1,-1,492,510
6723,1778514726819,4951.7,725,24.88,52.36,-1,-1,492,510
6724,1778514727753,4952.6,735,24.90,52.36,-1,-1,492,510
6725,1778514728464,4953.4,710,24.89,52.36,-1,-1,492,510
6726,1778514729179,4954.1,715,24.89,52.35,-1,-1,493,510
6727,1778514729900,4954.8,721,24.88,52.34,-1,-1,493,510
6728,1778514730653,4955.5,752,24.88,52.33,-1,-1,493,510
6729,1778514731587,4956.5,711,24.89,52.34,-1,-1,493,510
6730,1778514732316,4957.2,729,24.89,52.33,-1,-1,493,510
6731,1778514733028,4957.9,712,24.88,52.33,-1,-1,493,510
6732,1778514733974,4958.9,738,24.90,52.33,-1,-1,494,510
6733,1778514734700,4959.6,725,24.89,52.34,-1,-1,494,510
6734,1778514735409,4960.3,709,24.89,52.33,-1,-1,494,510
6735,1778514736139,4961.0,729,24.88,52.32,-1,-1,494,510
6736,1778514737110,4962.0,730,24.90,52.33,-1,-1,494,510
6737,1778514738052,4962.9,725,24.91,52.34,-1,-1,494,510
6738,1778514738780,4963.7,728,24.90,52.33,-1,-1,495,510
6739,1778514739514,4964.4,733,24.90,52.34,-1,-1,495,510
6740,1778514740475,4965.4,723,24.91,52.34,-1,-1,495,510
6741,1778514741213,4966.1,738,24.91,52.34,-1,-1,495,510
6742,1778514741945,4966.8,731,24.90,52.33,-1,-1,495,510
6743,1778514742855,4967.7,719,24.91,52.34,-1,-1,495,510
6744,1778514743813,4968.7,722,24.93,52.34,-1,-1,496,510
6745,1778514744555,4969.4,741,24.92,52.35,-1,-1,496,510
6746,1778514745482,4970.4,744,24.93,52.36,-1,-1,496,510
6747,1778514746197,4971.1,714,24.93,52.35,-1,-1,496,510
6748,1778514746905,4971.8,708,24.93,52.34,-1,-1,496,510
6749,1778514747641,4972.5,736,24.92,52.33,-1,-1,496,510
6750,1778514748388,4973.3,747,24.92,52.33,-1,-1,496,510
6751,1778514749111,4974.0,722,24.91,52.32,3648,110,497,510
6752,1778514750039,4974.9,728,24.93,52.33,-1,-1,497,510
6753,1778514750801,4975.7,762,24.92,52.32,-1,-1,497,510
6754,1778514751511,4976.4,710,24.92,52.31,-1,-1,497,510
6755,1778514752236,4977.1,725,24.91,52.30,-1,-1,497,510
6756,1778514752963,4977.9,727,24.91,52.29,-1,-1,497,510
6757,1778514753665,4978.6,702,24.91,52.29,-1,-1,498,510
6758,1778514754382,4979.3,716,24.90,52.28,-1,-1,498,510
6759,1778514755092,4980.0,710,24.90,52.27,-1,-1,498,510
6760,1778514755821,4980.7,728,24.90,52.26,-1,-1,498,510
6761,1778514756554,4981.4,733,24.89,52.27,-1,-1,498,510
6762,1778514757299,4982.2,743,24.89,52.28,-1,-1,498,510
6763,1778514758026,4982.9,726,24.89,52.28,-1,-1,499,510
6764,1778514758756,4983.6,729,24.88,52.28,-1,-1,499,510
6765,1778514759724,4984.6,731,24.89,52.28,-1,-1,499,510
6766,1778514760459,4985.4,734,24.89,52.28,-1,-1,499,510
6767,1778514761181,4986.1,721,24.89,52.28,-1,-1,499,510
6768,1778514761914,4986.8,732,24.88,52.29,-1,-1,499,510
6769,1778514762900,4987.8,741,24.89,52.30,-1,-1,499,510
6770,1778514763615,4988.5,715,24.89,52.30,-1,-1,501,510
6771,1778514764322,4989.2,707,24.89,52.31,-1,-1,500,510
6772,1778514765026,4989.9,702,24.88,52.32,-1,-1,500,510
6773,1778514765765,4990.7,738,24.88,52.31,-1,-1,500,510
6774,1778514766505,4991.4,740,24.87,52.32,-1,-1,500,510
6775,1778514767228,4992.1,722,24.87,52.31,-1,-1,500,510
6776,1778514767958,4992.9,730,24.87,52.30,-1,-1,501,510
6777,1778514768955,4993.8,734,24.88,52.31,-1,-1,501,510
6778,1778514769667,4994.6,711,24.87,52.30,-1,-1,502,510
6779,1778514770403,4995.3,735,24.87,52.29,-1,-1,501,510
6780,1778514771141,4996.0,738,24.87,52.29,-1,-1,501,510
6781,1778514771874,4996.8,733,24.86,52.28,-1,-1,501,510
6782,1778514772602,4997.5,727,24.86,52.29,-1,-1,502,510
6783,1778514773333,4998.2,731,24.86,52.28,-1,-1,502,510
6784,1778514774066,4999.0,732,24.85,52.27,-1,-1,502,510
6785,1778514774793,4999.7,727,24.85,52.26,-1,-1,502,510
6786,1778514775547,5000.4,754,24.85,52.25,-1,-1,503,510
6787,1778514776279,5001.2,732,24.84,52.26,-1,-1,503,510
6788,1778514777026,5001.9,747,24.84,52.25,-1,-1,503,510
6789,1778514777774,5002.7,748,24.83,52.25,-1,-1,504,510
6790,1778514778511,5003.4,736,24.83,52.24,-1,-1,504,510
6791,1778514779251,5004.1,740,24.83,52.23,-1,-1,504,510
6792,1778514779962,5004.9,709,24.82,52.22,-1,-1,504,510
6793,1778514780851,5005.7,703,24.83,52.23,-1,-1,504,510
6794,1778514781580,5006.5,729,24.83,52.22,-1,-1,504,510
6795,1778514782528,5007.4,722,24.84,52.23,-1,-1,505,510
6796,1778514783417,5008.3,709,24.85,52.24,-1,-1,505,510
6797,1778514784138,5009.0,720,24.85,52.23,-1,-1,505,510
6798,1778514785026,5009.9,716,24.86,52.24,-1,-1,505,510
6799,1778514785748,5010.6,721,24.86,52.23,-1,-1,505,510
6800,1778514786478,5011.4,729,24.85,52.24,-1,-1,505,510
6801,1778514787440,5012.3,751,24.86,52.24,3648,110,506,510
6802,1778514788174,5013.1,730,24.86,52.25,-1,-1,506,510
6803,1778514788878,5013.8,703,24.86,52.24,-1,-1,506,510
6804,1778514789590,5014.5,712,24.85,52.23,-1,-1,506,510
6805,1778514790341,5015.2,750,24.85,52.24,-1,-1,506,510
6806,1778514791080,5016.0,739,24.85,52.23,-1,-1,506,510
6807,1778514791826,5016.7,746,24.84,52.24,-1,-1,506,510
6808,1778514792538,5017.4,712,24.84,52.25,-1,-1,507,510
6809,1778514793251,5018.1,712,24.83,52.24,-1,-1,507,510
6810,1778514794211,5019.1,709,24.85,52.25,-1,-1,507,510
6811,1778514794922,5019.8,710,24.84,52.25,-1,-1,507,510
6812,1778514795641,5020.5,717,24.84,52.26,-1,-1,507,510
6813,1778514796652,5021.5,745,24.85,52.27,-1,-1,507,510
6814,1778514797386,5022.3,734,24.85,52.27,-1,-1,508,510
6815,1778514798103,5023.0,717,24.84,52.28,-1,-1,508,510
6816,1778514798836,5023.7,733,24.84,52.27,-1,-1,508,510
6817,1778514799586,5024.5,750,24.83,52.27,-1,-1,508,510
6818,1778514800303,5025.2,717,24.83,52.27,-1,-1,508,510
6819,1778514801037,5025.9,734,24.83,52.27,-1,-1,508,510
6820,1778514801790,5026.7,753,24.82,52.27,-1,-1,509,510
6821,1778514802761,5027.7,718,24.84,52.28,-1,-1,509,510
6822,1778514803486,5028.4,722,24.83,52.27,-1,-1,509,510
6823,1778514804432,5029.3,731,24.84,52.28,-1,-1,509,510
6824,1778514805343,5030.2,720,24.85,52.29,-1,-1,509,510
6825,1778514806064,5031.0,721,24.85,52.28,-1,-1,509,510
6826,1778514806770,5031.7,706,24.85,52.27,-1,-1,510,510
6827,1778514807484,5032.4,714,24.84,52.26,-1,-1,510,510
6828,1778514808201,5033.1,717,24.84,52.26,-1,-1,510,510
6829,1778514808921,5033.8,720,24.84,52.26,-1,-1,510,510
6830,1778514809868,5034.8,696,24.85,52.27,-1,-1,484,510
6831,1778514810586,5035.5,718,24.84,52.26,-1,-1,485,510
6832,1778514811306,5036.2,717,24.84,52.25,-1,-1,485,510
6833,1778514812027,5036.9,721,24.84,52.25,-1,-1,485,510
6834,1778514812749,5037.6,722,24.83,52.24,-1,-1,485,510
6835,1778514813484,5038.4,735,24.83,52.25,-1,-1,485,510
6836,1778514814416,5039.3,729,24.84,52.25,-1,-1,485,510
6837,1778514815133,5040.0,717,24.84,52.25,-1,-1,486,510
6838,1778514816036,5040.9,719,24.85,52.25,-1,-1,486,510
6839,1778514816754,5041.6,717,24.84,52.26,-1,-1,487,510
6840,1778514817478,5042.4,724,24.84,52.25,-1,-1,486,510
6841,1778514818211,5043.1,733,24.84,52.24,-1,-1,487,510
6842,1778514818954,5043.8,741,24.83,52.24,-1,-1,487,510
6843,1778514819692,5044.6,738,24.83,52.24,-1,-1,487,510
6844,1778514820437,5045.3,745,24.82,52.24,-1,-1,488,510
6845,1778514821155,5046.0,718,24.82,52.24,-1,-1,488,510
6846,1778514821915,5046.8,760,24.82,52.23,-1,-1,488,510
6847,1778514822811,5047.7,718,24.83,52.24,-1,-1,488,510
6848,1778514823587,5048.5,776,24.82,52.23,-1,-1,488,510
6849,1778514824505,5049.4,707,24.84,52.24,-1,-1,488,510
6850,1778514825358,5050.3,709,24.85,52.25,-1,-1,489,510
6851,1778514826067,5051.0,708,24.84,52.24,3648,110,489,510
6852,1778514826782,5051.7,712,24.84,52.23,-1,-1,489,510
6853,1778514827484,5052.4,701,24.84,52.23,-1,-1,489,510
6854,1778514828387,5053.3,710,24.85,52.23,-1,-1,489,510
6855,1778514829099,5054.0,712,24.84,52.22,-1,-1,489,510
6856,1778514829805,5054.7,706,24.84,52.23,-1,-1,489,510
6857,1778514830514,5055.4,709,24.84,52.22,-1,-1,490,510
6858,1778514831435,5056.3,708,24.85,52.23,-1,-1,490,510
6859,1778514832155,5057.0,719,24.84,52.22,-1,-1,490,510
6860,1778514833098,5058.0,720,24.85,52.23,-1,-1,490,510
6861,1778514833808,5058.7,710,24.85,52.24,-1,-1,490,510
6862,1778514834520,5059.4,709,24.85,52.23,-1,-1,490,510
6863,1778514835243,5060.1,723,24.84,52.22,-1,-1,491,510
6864,1778514835979,5060.9,736,24.84,52.23,-1,-1,491,510
6865,1778514836723,5061.6,743,24.84,52.24,-1,-1,491,510
6866,1778514837714,5062.6,731,24.85,52.24,-1,-1,491,510
6867,1778514838658,5063.6,716,24.86,52.25,-1,-1,491,510
6868,1778514839380,5064.3,721,24.85,52.24,-1,-1,491,510
6869,1778514840113,5065.0,733,24.85,52.25,-1,-1,492,510
6870,1778514841055,5065.9,723,24.86,52.26,-1,-1,492,510
6871,1778514841781,5066.7,725,24.86,52.25,-1,-1,492,510
6872,1778514842508,5067.4,725,24.85,52.24,-1,-1,492,510
6873,1778514843239,5068.1,731,24.85,52.23,-1,-1,492,510
6874,1778514843956,5068.9,717,24.85,52.23,-1,-1,492,510
6875,1778514844701,5069.6,745,24.84,52.23,-1,-1,493,510
6876,1778514845433,5070.3,731,24.84,52.24,-1,-1,493,510
6877,1778514846179,5071.1,745,24.84,52.25,-1,-1,493,510
6878,1778514846932,5071.8,753,24.83,52.24,-1,-1,493,510
6879,1778514847836,5072.7,718,24.84,52.25,-1,-1,493,510
6880,1778514848553,5073.4,716,24.84,52.25,-1,-1,493,510
6881,1778514849259,5074.2,705,24.84,52.25,-1,-1,493,510
6882,1778514849988,5074.9,728,24.83,52.24,-1,-1,494,510
6883,1778514850956,5075.9,741,24.84,52.24,-1,-1,494,510
6884,1778514851682,5076.6,726,24.84,52.25,-1,-1,494,510
6885,1778514852403,5077.3,721,24.84,52.26,-1,-1,494,510
6886,1778514853140,5078.0,737,24.83,52.25,-1,-1,494,510
6887,1778514853867,5078.8,726,24.83,52.24,-1,-1,494,510
6888,1778514854772,5079.7,707,24.84,52.25,-1,-1,495,510
6889,1778514855732,5080.6,721,24.85,52.26,-1,-1,495,510
6890,1778514856508,5081.4,776,24.85,52.26,-1,-1,495,510
6891,1778514857422,5082.3,711,24.86,52.27,-1,-1,495,510
6892,1778514858361,5083.3,732,24.87,52.28,-1,-1,495,510
6893,1778514859094,5084.0,732,24.87,52.28,-1,-1,495,510
6894,1778514859822,5084.7,727,24.86,52.28,-1,-1,496,510
6895,1778514860744,5085.6,723,24.87,52.28,-1,-1,496,510
6896,1778514861437,5086.3,693,24.87,52.28,-1,-1,496,510
6897,1778514862141,5087.0,704,24.87,52.27,-1,-1,496,510
6898,1778514863147,5088.0,765,24.88,52.28,-1,-1,496,510
6899,1778514863879,5088.8,732,24.87,52.27,-1,-1,496,510
6900,1778514864595,5089.5,716,24.87,52.28,-1,-1,497,510
6901,1778514865302,5090.2,707,24.87,52.27,3648,110,497,510
6902,1778514866309,5091.2,728,24.88,52.27,-1,-1,497,510
6903,1778514867036,5091.9,727,24.87,52.27,-1,-1,497,510
6904,1778514867771,5092.7,734,24.87,52.26,-1,-1,497,510
6905,1778514868714,5093.6,719,24.88,52.27,-1,-1,497,510
6906,1778514869641,5094.5,725,24.89,52.27,-1,-1,498,510
6907,1778514870331,5095.2,689,24.89,52.27,-1,-1,498,510
6908,1778514871079,5096.0,748,24.88,52.26,-1,-1,498,510
6909,1778514871779,5096.7,699,24.88,52.25,-1,-1,498,510
6910,1778514872479,5097.4,700,24.88,52.24,-1,-1,498,510
6911,1778514873202,5098.1,723,24.87,52.25,-1,-1,498,510
6912,1778514873924,5098.8,719,24.87,52.24,-1,-1,498,510
6913,1778514874667,5099.6,743,24.87,52.23,-1,-1,499,510
6914,1778514875636,5100.5,704,24.88,52.24,-1,-1,499,510
6915,1778514876357,5101.3,720,24.87,52.23,-1,-1,499,510
6916,1778514877082,5102.0,725,24.87,52.23,-1,-1,499,510
6917,1778514877819,5102.7,737,24.87,52.22,-1,-1,499,510
6918,1778514878547,5103.4,728,24.86,52.21,-1,-1,499,510
6919,1778514879278,5104.2,730,24.86,52.20,-1,-1,500,510
6920,1778514880004,5104.9,725,24.86,52.20,-1,-1,500,510
6921,1778514880742,5105.6,738,24.85,52.19,-1,-1,500,510
6922,1778514881667,5106.6,722,24.86,52.20,-1,-1,500,510
6923,1778514882404,5107.3,736,24.86,52.19,-1,-1,501,510
6924,1778514883118,5108.0,714,24.86,52.20,-1,-1,500,510
6925,1778514883907,5108.8,789,24.85,52.20,-1,-1,501,510
6926,1778514884620,5109.5,713,24.85,52.19,-1,-1,501,510
6927,1778514885567,5110.5,710,24.86,52.20,-1,-1,501,510
6928,1778514886291,5111.2,724,24.86,52.19,-1,-1,502,510
6929,1778514887014,5111.9,722,24.85,52.20,-1,-1,501,510
6930,1778514887964,5112.9,726,24.86,52.21,-1,-1,501,510
6931,1778514888690,5113.6,726,24.86,52.20,-1,-1,503,510
6932,1778514889415,5114.3,724,24.86,52.19,-1,-1,502,510
6933,1778514890148,5115.0,733,24.85,52.19,-1,-1,502,510
6934,1778514890854,5115.7,706,24.85,52.18,-1,-1,502,510
6935,1778514891813,5116.7,722,24.86,52.18,-1,-1,502,510
6936,1778514892546,5117.4,733,24.86,52.18,-1,-1,503,510
6937,1778514893478,5118.4,730,24.87,52.18,-1,-1,503,510
6938,1778514894391,5119.3,716,24.88,52.19,-1,-1,504,510
6939,1778514895120,5120.0,729,24.87,52.18,-1,-1,504,510
6940,1778514895832,5120.7,712,24.87,52.19,-1,-1,504,510
6941,1778514896550,5121.4,718,24.87,52.20,-1,-1,504,510
6942,1778514897496,5122.4,711,24.88,52.20,-1,-1,504,510
6943,1778514898226,5123.1,729,24.87,52.20,-1,-1,504,510
6944,1778514898927,5123.8,701,24.87,52.20,-1,-1,505,510
6945,1778514899651,5124.5,723,24.87,52.20,-1,-1,505,510
6946,1778514900398,5125.3,747,24.86,52.19,-1,-1,505,510
6947,1778514901113,5126.0,715,24.86,52.18,-1,-1,505,510
6948,1778514901859,5126.8,746,24.86,52.17,-1,-1,505,510
6949,1778514902508,5127.4,649,24.85,52.17,-1,-1,505,510
6950,1778514903406,5128.3,714,24.86,52.17,-1,-1,506,510
6951,1778514904312,5129.2,710,24.87,52.18,3648,110,506,510
6952,1778514905036,5129.9,721,24.87,52.17,-1,-1,506,510
6953,1778514905756,5130.6,719,24.87,52.18,-1,-1,506,510
6954,1778514906480,5131.4,723,24.86,52.17,-1,-1,506,510
6955,1778514907452,5132.3,731,24.87,52.18,-1,-1,506,510
6956,1778514908186,5133.1,733,24.87,52.19,-1,-1,507,510
6957,1778514908906,5133.8,720,24.87,52.18,-1,-1,507,510
6958,1778514909619,5134.5,712,24.86,52.18,-1,-1,507,510
6959,1778514910364,5135.3,745,24.86,52.19,-1,-1,507,510
6960,1778514911332,5136.2,770,24.87,52.20,-1,-1,507,510
6961,1778514912036,5136.9,703,24.87,52.19,-1,-1,507,510
6962,1778514912771,5137.7,733,24.86,52.18,-1,-1,508,510
6963,1778514913501,5138.4,729,24.86,52.18,-1,-1,508,510
6964,1778514914232,5139.1,731,24.86,52.17,-1,-1,508,510
6965,1778514914972,5139.9,740,24.85,52.18,-1,-1,508,510
6966,1778514915712,5140.6,740,24.85,52.17,-1,-1,508,510
6967,1778514916444,5141.3,732,24.85,52.16,-1,-1,508,510
6968,1778514917193,5142.1,749,24.84,52.15,-1,-1,508,510
6969,1778514918162,5143.1,737,24.85,52.16,-1,-1,509,510
6970,1778514919086,5144.0,731,24.86,52.17,-1,-1,509,510
6971,1778514919821,5144.7,734,24.86,52.16,-1,-1,509,510
6972,1778514920544,5145.4,721,24.86,52.17,-1,-1,509,510
6973,1778514921275,5146.2,731,24.85,52.16,-1,-1,509,510
6974,1778514921993,5146.9,717,24.85,52.15,-1,-1,509,510
6975,1778514922695,5147.6,702,24.85,52.14,-1,-1,510,510
6976,1778514923428,5148.3,732,24.84,52.14,-1,-1,510,510
6977,1778514924378,5149.3,736,24.85,52.14,-1,-1,510,510
6978,1778514925086,5150.0,707,24.85,52.14,-1,-1,510,510
6979,1778514925788,5150.7,702,24.85,52.14,-1,-1,485,510
6980,1778514926524,5151.4,735,24.84,52.13,-1,-1,485,510
6981,1778514927475,5152.4,719,24.85,52.14,-1,-1,485,510
6982,1778514928203,5153.1,726,24.85,52.13,-1,-1,486,510
6983,1778514929146,5154.0,731,24.86,52.14,-1,-1,485,510
6984,1778514929853,5154.7,706,24.86,52.13,-1,-1,486,510
6985,1778514930568,5155.5,715,24.85,52.14,-1,-1,486,510
6986,1778514931278,5156.2,710,24.85,52.15,-1,-1,487,510
6987,1778514932023,5156.9,745,24.85,52.14,-1,-1,486,510
6988,1778514932748,5157.6,725,24.84,52.13,-1,-1,486,510
6989,1778514933497,5158.4,748,24.84,52.12,-1,-1,486,510
6990,1778514934224,5159.1,726,24.84,52.12,-1,-1,486,510
6991,1778514934942,5159.8,718,24.83,52.11,-1,-1,486,510
6992,1778514935893,5160.8,720,24.84,52.12,-1,-1,487,510
6993,1778514936797,5161.7,713,24.85,52.12,-1,-1,487,510
6994,1778514937498,5162.4,700,24.85,52.13,-1,-1,488,510
6995,1778514938207,5163.1,708,24.85,52.14,-1,-1,488,510
6996,1778514939166,5164.1,735,24.86,52.14,-1,-1,488,510
6997,1778514939883,5164.8,716,24.85,52.14,-1,-1,488,510
6998,1778514940611,5165.5,728,24.85,52.13,-1,-1,489,510
6999,1778514941587,5166.5,745,24.86,52.14,-1,-1,489,510
7000,1778514942307,5167.2,719,24.86,52.13,-1,-1,489,510
7001,1778514943025,5167.9,717,24.85,52.14,3648,110,489,510
7002,1778514943758,5168.7,731,24.85,52.14,-1,-1,489,510
7003,1778514944529,5169.4,771,24.85,52.13,-1,-1,489,510
7004,1778514945243,5170.1,714,24.84,52.13,-1,-1,490,510
7005,1778514946158,5171.1,744,24.85,52.13,-1,-1,490,510
7006,1778514947096,5172.0,718,24.86,52.14,-1,-1,490,510
7007,1778514947810,5172.7,714,24.86,52.15,-1,-1,490,510
7008,1778514948755,5173.6,709,24.87,52.15,-1,-1,490,510
7009,1778514949470,5174.4,714,24.87,52.15,-1,-1,490,510
7010,1778514950175,5175.1,705,24.86,52.15,-1,-1,491,510
7011,1778514951154,5176.0,725,24.88,52.16,-1,-1,491,510
7012,1778514952149,5177.0,736,24.89,52.17,-1,-1,491,510
7013,1778514952864,5177.8,715,24.88,52.17,-1,-1,491,510
7014,1778514953580,5178.5,716,24.88,52.18,-1,-1,491,510
7015,1778514954306,5179.2,726,24.88,52.17,-1,-1,491,510
7016,1778514955052,5179.9,746,24.87,52.17,-1,-1,491,510
7017,1778514955804,5180.7,750,24.87,52.17,-1,-1,492,510
7018,1778514956514,5181.4,710,24.86,52.18,-1,-1,492,510
7019,1778514957457,5182.4,738,24.88,52.19,-1,-1,492,510
7020,1778514958198,5183.1,740,24.87,52.18,-1,-1,492,510
7021,1778514958908,5183.8,709,24.87,52.19,-1,-1,492,510
7022,1778514959846,5184.7,719,24.88,52.19,-1,-1,492,510
7023,1778514960847,5185.7,756,24.89,52.20,-1,-1,493,510
7024,1778514961586,5186.5,738,24.89,52.19,-1,-1,493,510
7025,1778514962532,5187.4,722,24.90,52.20,-1,-1,493,510
7026,1778514963236,5188.1,704,24.89,52.21,-1,-1,493,510
7027,1778514963944,5188.8,707,24.89,52.20,-1,-1,493,510
7028,1778514964907,5189.8,712,24.90,52.21,-1,-1,493,510
7029,1778514965636,5190.5,728,24.90,52.20,-1,-1,494,510
7030,1778514966564,5191.5,718,24.91,52.20,-1,-1,494,510
7031,1778514967283,5192.2,719,24.90,52.20,-1,-1,494,510
7032,1778514967994,5192.9,709,24.90,52.20,-1,-1,494,510
7033,1778514968899,5193.8,710,24.91,52.21,-1,-1,494,510
7034,1778514969622,5194.5,722,24.91,52.20,-1,-1,494,510
7035,1778514970336,5195.2,713,24.90,52.21,-1,-1,495,510
7036,1778514971039,5195.9,703,24.90,52.22,-1,-1,495,510
7037,1778514971739,5196.6,700,24.90,52.21,-1,-1,495,510
7038,1778514972720,5197.6,712,24.91,52.22,-1,-1,495,510
7039,1778514973437,5198.3,716,24.90,52.21,-1,-1,495,510
7040,1778514974375,5199.3,721,24.91,52.22,-1,-1,495,510
7041,1778514975097,5200.0,722,24.91,52.22,-1,-1,496,510
7042,1778514976064,5201.0,724,24.92,52.23,-1,-1,496,510
7043,1778514977022,5201.9,748,24.93,52.24,-1,-1,496,510
7044,1778514977738,5202.6,715,24.93,52.23,-1,-1,496,510
7045,1778514978450,5203.3,712,24.93,52.22,-1,-1,496,510
7046,1778514979159,5204.1,709,24.92,52.23,-1,-1,496,510
7047,1778514979884,5204.8,724,24.92,52.23,-1,-1,496,510
7048,1778514980604,5205.5,720,24.91,52.23,-1,-1,497,510
7049,1778514981604,5206.5,748,24.93,52.23,-1,-1,497,510
7050,1778514982380,5207.3,775,24.92,52.23,-1,-1,497,510
7051,1778514983086,5208.0,705,24.92,52.23,3648,110,497,510
7052,1778514984052,5208.9,714,24.93,52.24,-1,-1,497,510
7053,1778514984802,5209.7,750,24.93,52.23,-1,-1,497,510
7054,1778514985538,5210.4,736,24.92,52.23,-1,-1,498,510
7055,1778514986263,5211.2,725,24.92,52.23,-1,-1,498,510
7056,1778514987005,5211.9,742,24.91,52.23,-1,-1,498,510
7057,1778514987955,5212.8,725,24.93,52.23,-1,-1,498,510
7058,1778514988873,5213.8,739,24.94,52.24,-1,-1,498,510
7059,1778514989596,5214.5,723,24.93,52.25,-1,-1,498,510
7060,1778514990558,5215.5,729,24.94,52.25,-1,-1,499,510
7061,1778514991283,5216.2,724,24.94,52.24,-1,-1,499,510
7062,1778514992520,5217.4,978,24.95,52.25,-1,-1,499,510
7063,1778514993257,5218.2,736,24.95,52.24,-1,-1,499,510
7064,1778514993963,5218.9,706,24.94,52.24,-1,-1,499,510
7065,1778514994667,5219.6,704,24.94,52.23,-1,-1,499,510
7066,1778514995394,5220.3,726,24.94,52.22,-1,-1,500,510
7067,1778514996398,5221.3,745,24.95,52.23,-1,-1,500,510
7068,1778514997108,5222.0,710,24.94,52.22,-1,-1,500,510
7069,1778514997805,5222.7,697,24.94,52.21,-1,-1,500,510
7070,1778514998515,5223.4,710,24.94,52.21,-1,-1,500,510
7071,1778514999259,5224.2,744,24.93,52.21,-1,-1,500,510
7072,1778515000008,5224.9,747,24.93,52.22,-1,-1,501,510
7073,1778515000747,5225.6,738,24.93,52.23,-1,-1,501,510
7074,1778515001488,5226.4,741,24.92,52.22,-1,-1,501,510
7075,1778515002227,5227.1,739,24.92,52.21,-1,-1,501,510
7076,1778515002944,5227.8,716,24.92,52.20,-1,-1,501,510
7077,1778515003712,5228.6,768,24.91,52.20,-1,-1,501,510
7078,1778515004680,5229.6,723,24.92,52.20,-1,-1,502,510
7079,1778515005394,5230.3,714,24.92,52.20,-1,-1,503,510
7080,1778515006372,5231.3,729,24.93,52.20,-1,-1,502,510
7081,1778515007109,5232.0,736,24.93,52.20,-1,-1,503,510
7082,1778515007835,5232.7,725,24.92,52.19,-1,-1,502,510
7083,1778515008770,5233.7,719,24.93,52.20,-1,-1,502,510
7084,1778515009507,5234.4,737,24.93,52.19,-1,-1,503,510
7085,1778515010204,5235.1,697,24.93,52.19,-1,-1,504,510
7086,1778515010930,5235.8,726,24.92,52.20,-1,-1,504,510
7087,1778515011654,5236.5,724,24.92,52.21,-1,-1,504,510
7088,1778515012623,5237.5,719,24.93,52.22,-1,-1,504,510
7089,1778515013340,5238.2,717,24.93,52.22,-1,-1,504,510
7090,1778515014066,5239.0,726,24.92,52.21,-1,-1,504,510
7091,1778515014802,5239.7,736,24.92,52.21,-1,-1,505,510
7092,1778515015534,5240.4,730,24.92,52.21,-1,-1,505,510
7093,1778515016255,5241.1,720,24.91,52.22,-1,-1,505,510
7094,1778515016990,5241.9,735,24.91,52.21,-1,-1,505,510
7095,1778515017726,5242.6,736,24.90,52.21,-1,-1,505,510
7096,1778515018465,5243.4,738,24.90,52.20,-1,-1,505,510
7097,1778515019204,5244.1,739,24.90,52.19,-1,-1,506,510
7098,1778515020128,5245.0,734,24.91,52.20,-1,-1,506,510
7099,1778515020854,5245.7,726,24.90,52.19,-1,-1,506,510
7100,1778515021580,5246.5,726,24.90,52.18,-1,-1,506,510
7101,1778515022315,5247.2,735,24.90,52.18,3646,112,506,510
7102,1778515023271,5248.2,733,24.91,52.18,-1,-1,506,510
7103,1778515023995,5248.9,724,24.90,52.18,-1,-1,507,510
7104,1778515024715,5249.6,720,24.90,52.17,-1,-1,507,510
7105,1778515025442,5250.3,727,24.90,52.17,-1,-1,507,510
7106,1778515026373,5251.3,738,24.91,52.18,-1,-1,507,510
7107,1778515027101,5252.0,727,24.91,52.19,-1,-1,507,510
7108,1778515027838,5252.7,737,24.90,52.18,-1,-1,507,510
7109,1778515028566,5253.5,728,24.90,52.19,-1,-1,507,510
7110,1778515029284,5254.2,718,24.89,52.19,-1,-1,508,510
7111,1778515030044,5254.9,760,24.89,52.19,-1,-1,508,510
7112,1778515030782,5255.7,737,24.89,52.19,-1,-1,508,510
7113,1778515031507,5256.4,724,24.88,52.20,-1,-1,508,510
7114,1778515032243,5257.1,736,24.88,52.21,-1,-1,508,510
7115,1778515032988,5257.9,745,24.88,52.21,-1,-1,508,510
7116,1778515033715,5258.6,727,24.87,52.21,-1,-1,509,510
7117,1778515034468,5259.4,753,24.87,52.20,-1,-1,509,510
7118,1778515035211,5260.1,743,24.87,52.21,-1,-1,509,510
7119,1778515035971,5260.9,759,24.86,52.21,-1,-1,509,510
7120,1778515036714,5261.6,743,24.86,52.21,-1,-1,509,510
7121,1778515037455,5262.3,741,24.86,52.20,-1,-1,509,510
7122,1778515038189,5263.1,733,24.85,52.19,-1,-1,510,510
7123,1778515039166,5264.1,753,24.86,52.20,-1,-1,510,510
7124,1778515040101,5265.0,726,24.87,52.20,-1,-1,510,510
7125,1778515040814,5265.7,713,24.87,52.20,-1,-1,510,510
7126,1778515041518,5266.4,704,24.87,52.20,-1,-1,484,510
7127,1778515042535,5267.4,756,24.88,52.21,-1,-1,484,510
7128,1778515043438,5268.3,715,24.89,52.22,-1,-1,485,510
7129,1778515044153,5269.0,713,24.88,52.21,-1,-1,486,510
7130,1778515044878,5269.8,725,24.88,52.22,-1,-1,485,510
7131,1778515045617,5270.5,738,24.88,52.21,-1,-1,485,510
7132,1778515046335,5271.2,717,24.87,52.22,-1,-1,485,510
7133,1778515047056,5272.0,720,24.87,52.21,-1,-1,485,510
7134,1778515047795,5272.7,739,24.87,52.21,-1,-1,486,510
7135,1778515048528,5273.4,733,24.86,52.21,-1,-1,486,510
7136,1778515049247,5274.1,719,24.86,52.20,-1,-1,486,510
7137,1778515050174,5275.1,697,24.87,52.21,-1,-1,486,510
7138,1778515051089,5276.0,720,24.88,52.21,-1,-1,486,510
7139,1778515051815,5276.7,726,24.88,52.21,-1,-1,487,510
7140,1778515052516,5277.4,700,24.87,52.20,-1,-1,488,510
7141,1778515053226,5278.1,709,24.87,52.19,-1,-1,488,510
7142,1778515054192,5279.1,734,24.88,52.20,-1,-1,488,510
7143,1778515054920,5279.8,727,24.88,52.20,-1,-1,488,510
7144,1778515055835,5280.7,714,24.89,52.21,-1,-1,488,510
7145,1778515056562,5281.5,726,24.88,52.20,-1,-1,488,510
7146,1778515057291,5282.2,729,24.88,52.20,-1,-1,489,510
7147,1778515058035,5282.9,744,24.88,52.19,-1,-1,489,510
7148,1778515058958,5283.9,738,24.89,52.20,-1,-1,489,510
7149,1778515059916,5284.8,734,24.90,52.20,-1,-1,489,510
7150,1778515060639,5285.5,723,24.90,52.20,-1,-1,489,510
7151,1778515061539,5286.4,710,24.91,52.20,3648,110,489,510
7152,1778515062477,5287.4,716,24.92,52.21,-1,-1,490,510
7153,1778515063215,5288.1,737,24.91,52.20,-1,-1,490,510
7154,1778515064169,5289.1,724,24.92,52.21,-1,-1,490,510
7155,1778515064892,5289.8,722,24.92,52.20,-1,-1,490,510
7156,1778515065621,5290.5,729,24.92,52.21,-1,-1,490,510
7157,1778515066591,5291.5,734,24.93,52.21,-1,-1,490,510
7158,1778515067321,5292.2,730,24.92,52.21,-1,-1,490,510
7159,1778515068024,5292.9,703,24.92,52.20,-1,-1,491,510
7160,1778515068756,5293.6,732,24.92,52.21,-1,-1,491,510
7161,1778515069497,5294.4,741,24.91,52.20,-1,-1,491,510
7162,1778515070252,5295.1,753,24.91,52.19,-1,-1,491,510
7163,1778515070968,5295.9,716,24.91,52.18,-1,-1,491,510
7164,1778515071698,5296.6,730,24.90,52.18,-1,-1,491,510
7165,1778515072657,5297.6,746,24.91,52.18,-1,-1,492,510
7166,1778515073601,5298.5,739,24.92,52.19,-1,-1,492,510
7167,1778515074336,5299.2,734,24.92,52.18,-1,-1,492,510
7168,1778515075028,5299.9,692,24.92,52.19,-1,-1,492,510
7169,1778515075728,5300.6,699,24.91,52.18,-1,-1,492,510
7170,1778515076436,5301.3,708,24.91,52.19,-1,-1,492,510
7171,1778515077334,5302.2,715,24.92,52.20,-1,-1,493,510
7172,1778515078044,5302.9,708,24.92,52.19,-1,-1,493,510
7173,1778515078946,5303.8,704,24.93,52.20,-1,-1,493,510
7174,1778515079670,5304.6,724,24.92,52.20,-1,-1,493,510
7175,1778515080393,5305.3,722,24.92,52.21,-1,-1,493,510
7176,1778515081276,5306.2,705,24.93,52.22,-1,-1,493,510
7177,1778515081980,5306.9,704,24.93,52.21,-1,-1,494,510
7178,1778515082692,5307.6,712,24.92,52.20,-1,-1,494,510
7179,1778515083402,5308.3,709,24.92,52.19,-1,-1,494,510
7180,1778515084118,5309.0,716,24.92,52.19,-1,-1,494,510
7181,1778515084820,5309.7,702,24.91,52.19,-1,-1,494,510
7182,1778515085747,5310.6,715,24.92,52.20,-1,-1,494,510
7183,1778515086485,5311.4,737,24.92,52.19,-1,-1,494,510
7184,1778515087208,5312.1,722,24.92,52.20,-1,-1,495,510
7185,1778515088178,5313.1,732,24.93,52.21,-1,-1,495,510
7186,1778515089090,5314.0,722,24.94,52.21,-1,-1,495,510
7187,1778515089828,5314.7,738,24.93,52.22,-1,-1,495,510
7188,1778515090558,5315.5,729,24.93,52.21,-1,-1,495,510
7189,1778515091292,5316.2,734,24.93,52.22,-1,-1,495,510
7190,1778515092043,5316.9,751,24.92,52.21,-1,-1,496,510
7191,1778515093018,5317.9,738,24.93,52.22,-1,-1,496,510
7192,1778515093732,5318.6,713,24.93,52.21,-1,-1,496,510
7193,1778515094460,5319.4,728,24.93,52.20,-1,-1,496,510
7194,1778515095204,5320.1,744,24.92,52.21,-1,-1,496,510
7195,1778515096180,5321.1,748,24.93,52.22,-1,-1,496,510
7196,1778515096911,5321.8,730,24.93,52.21,-1,-1,497,510
7197,1778515097631,5322.5,719,24.93,52.20,-1,-1,497,510
7198,1778515098359,5323.3,727,24.92,52.21,-1,-1,497,510
7199,1778515099061,5324.0,702,24.92,52.20,-1,-1,497,510
7200,1778515099784,5324.7,722,24.92,52.21,-1,-1,497,510
7201,1778515100772,5325.7,760,24.93,52.21,3648,110,497,510
7202,1778515101509,5326.4,734,24.92,52.21,-1,-1,498,510
7203,1778515102470,5327.4,735,24.93,52.21,-1,-1,498,510
7204,1778515103191,5328.1,721,24.93,52.21,-1,-1,498,510
7205,1778515103916,5328.8,725,24.93,52.20,-1,-1,498,510
7206,1778515104661,5329.6,745,24.92,52.19,-1,-1,498,510
7207,1778515105402,5330.3,740,24.92,52.19,-1,-1,498,510
7208,1778515106321,5331.2,734,24.93,52.19,-1,-1,499,510
7209,1778515107208,5332.1,710,24.94,52.20,-1,-1,499,510
7210,1778515107932,5332.8,724,24.94,52.19,-1,-1,499,510
7211,1778515108870,5333.8,711,24.95,52.20,-1,-1,499,510
7212,1778515109601,5334.5,729,24.94,52.19,-1,-1,499,510
7213,1778515110505,5335.4,710,24.95,52.20,-1,-1,499,510
7214,1778515111234,5336.1,728,24.95,52.19,-1,-1,500,510
7215,1778515112157,5337.1,722,24.96,52.20,-1,-1,500,510
7216,1778515113109,5338.0,719,24.97,52.20,-1,-1,500,510
7217,1778515113843,5338.7,734,24.97,52.20,-1,-1,501,510
7218,1778515114558,5339.5,715,24.97,52.19,-1,-1,500,510
7219,1778515115299,5340.2,740,24.96,52.18,-1,-1,500,510
7220,1778515116252,5341.1,713,24.97,52.19,-1,-1,500,510
7221,1778515116987,5341.9,734,24.97,52.18,-1,-1,502,510
7222,1778515117731,5342.6,742,24.97,52.17,-1,-1,501,510
7223,1778515118474,5343.4,743,24.96,52.18,-1,-1,501,510
7224,1778515119364,5344.3,713,24.97,52.19,-1,-1,501,510
7225,1778515120088,5345.0,724,24.97,52.18,-1,-1,502,510
7226,1778515120803,5345.7,714,24.97,52.17,-1,-1,501,510
7227,1778515121576,5346.5,772,24.96,52.17,-1,-1,502,510
7228,1778515122289,5347.2,712,24.96,52.16,-1,-1,502,510
7229,1778515123004,5347.9,714,24.96,52.15,-1,-1,502,510
7230,1778515123965,5348.9,735,24.97,52.16,-1,-1,502,510
7231,1778515124699,5349.6,734,24.96,52.15,-1,-1,503,510
7232,1778515125419,5350.3,718,24.96,52.16,-1,-1,503,510
7233,1778515126166,5351.1,746,24.96,52.16,-1,-1,504,510
7234,1778515126908,5351.8,741,24.95,52.17,-1,-1,504,510
7235,1778515127643,5352.5,735,24.95,52.18,-1,-1,504,510
7236,1778515128379,5353.3,736,24.94,52.17,-1,-1,504,510
7237,1778515129114,5354.0,735,24.94,52.16,-1,-1,504,510
7238,1778515129818,5354.7,703,24.94,52.17,-1,-1,504,510
7239,1778515130657,5355.6,839,24.93,52.16,-1,-1,505,510
7240,1778515131578,5356.5,709,24.94,52.17,-1,-1,505,510
7241,1778515132293,5357.2,715,24.94,52.18,-1,-1,505,510
7242,1778515133012,5357.9,717,24.94,52.18,-1,-1,505,510
7243,1778515133750,5358.6,738,24.93,52.19,-1,-1,505,510
7244,1778515134489,5359.4,739,24.93,52.19,-1,-1,505,510
7245,1778515135419,5360.3,743,24.94,52.20,-1,-1,505,510
7246,1778515136144,5361.0,725,24.94,52.21,-1,-1,506,510
7247,1778515136859,5361.8,715,24.93,52.20,-1,-1,506,510
7248,1778515137595,5362.5,735,24.93,52.19,-1,-1,506,510
7249,1778515138332,5363.2,736,24.93,52.19,-1,-1,506,510
7250,1778515139086,5364.0,753,24.92,52.18,-1,-1,506,510
7251,1778515139815,5364.7,729,24.92,52.17,3648,110,506,510
7252,1778515140539,5365.4,722,24.92,52.18,-1,-1,507,510
7253,1778515141458,5366.4,744,24.93,52.19,-1,-1,507,510
7254,1778515142360,5367.3,723,24.94,52.19,-1,-1,507,510
7255,1778515143077,5368.0,717,24.93,52.20,-1,-1,507,510
7256,1778515144012,5368.9,712,24.94,52.21,-1,-1,507,510
7257,1778515144743,5369.6,731,24.94,52.20,-1,-1,507,510
7258,1778515145468,5370.4,725,24.94,52.19,-1,-1,508,510
7259,1778515146204,5371.1,735,24.93,52.18,-1,-1,508,510
7260,1778515146956,5371.9,751,24.93,52.19,-1,-1,508,510
7261,1778515147691,5372.6,735,24.93,52.20,-1,-1,508,510
7262,1778515148426,5373.3,734,24.92,52.20,-1,-1,508,510
7263,1778515149172,5374.1,745,24.92,52.20,-1,-1,508,510
7264,1778515149885,5374.8,713,24.92,52.19,-1,-1,508,510
7265,1778515150826,5375.7,716,24.93,52.20,-1,-1,509,510
7266,1778515151552,5376.4,725,24.92,52.19,-1,-1,509,510
7267,1778515152486,5377.4,715,24.93,52.19,-1,-1,509,510
7268,1778515153202,5378.1,715,24.93,52.19,-1,-1,509,510
7269,1778515153923,5378.8,721,24.93,52.18,-1,-1,509,510
7270,1778515154635,5379.5,712,24.92,52.19,-1,-1,509,510
7271,1778515155345,5380.2,709,24.92,52.18,-1,-1,510,510
7272,1778515156080,5381.0,733,24.92,52.17,-1,-1,510,510
7273,1778515156815,5381.7,734,24.91,52.18,-1,-1,510,510
7274,1778515157542,5382.4,727,24.91,52.17,-1,-1,510,510
7275,1778515158249,5383.1,707,24.91,52.18,-1,-1,485,510
7276,1778515159198,5384.1,733,24.92,52.19,-1,-1,485,510
7277,1778515160117,5385.0,716,24.93,52.19,-1,-1,485,510
7278,1778515160859,5385.8,741,24.92,52.20,-1,-1,486,510
7279,1778515161578,5386.5,719,24.92,52.19,-1,-1,485,510
7280,1778515162317,5387.2,738,24.92,52.20,-1,-1,485,510
7281,1778515163038,5387.9,721,24.91,52.19,-1,-1,486,510
7282,1778515163777,5388.7,738,24.91,52.20,-1,-1,486,510
7283,1778515164515,5389.4,738,24.91,52.19,-1,-1,486,510
7284,1778515165245,5390.1,730,24.90,52.20,-1,-1,486,510
7285,1778515166170,5391.1,721,24.91,52.20,-1,-1,486,510
7286,1778515166879,5391.8,708,24.91,52.20,-1,-1,487,510
7287,1778515167596,5392.5,717,24.91,52.19,-1,-1,486,510
7288,1778515168540,5393.4,729,24.92,52.20,-1,-1,487,510
7289,1778515169449,5394.3,728,24.93,52.20,-1,-1,487,510
7290,1778515170186,5395.1,737,24.92,52.21,-1,-1,488,510
7291,1778515171108,5396.0,729,24.93,52.22,-1,-1,488,510
7292,1778515172026,5396.9,721,24.95,52.22,-1,-1,488,510
7293,1778515172741,5397.6,715,24.94,52.21,-1,-1,488,510
7294,1778515173467,5398.4,725,24.94,52.21,-1,-1,489,510
7295,1778515174220,5399.1,753,24.93,52.20,-1,-1,489,510
7296,1778515175221,5400.1,749,24.95,52.21,-1,-1,489,510
7297,1778515175959,5400.9,738,24.94,52.21,-1,-1,489,510
7298,1778515176887,5401.8,708,24.95,52.22,-1,-1,489,510
7299,1778515177612,5402.5,725,24.95,52.23,-1,-1,489,510
7300,1778515178330,5403.2,718,24.95,52.22,-1,-1,490,510
7301,1778515179052,5403.9,721,24.94,52.21,3648,110,490,510
7302,1778515180061,5405.0,742,24.95,52.22,-1,-1,490,510
7303,1778515180796,5405.7,734,24.95,52.21,-1,-1,490,510
7304,1778515181523,5406.4,727,24.95,52.20,-1,-1,490,510
7305,1778515182474,5407.4,720,24.96,52.21,-1,-1,490,510
7306,1778515183409,5408.3,720,24.97,52.22,-1,-1,491,510
7307,1778515184338,5409.2,729,24.98,52.22,-1,-1,491,510
7308,1778515185096,5410.0,757,24.97,52.22,-1,-1,491,510
7309,1778515185811,5410.7,714,24.97,52.21,-1,-1,491,510
7310,1778515186516,5411.4,704,24.97,52.20,-1,-1,491,510
7311,1778515187260,5412.2,743,24.96,52.21,-1,-1,491,510
7312,1778515187998,5412.9,736,24.96,52.22,-1,-1,491,510
7313,1778515188978,5413.9,731,24.97,52.22,-1,-1,492,510
7314,1778515189724,5414.6,746,24.97,52.21,-1,-1,492,510
7315,1778515190432,5415.3,707,24.96,52.22,-1,-1,492,510
7316,1778515191148,5416.0,716,24.96,52.21,-1,-1,492,510
7317,1778515191888,5416.8,740,24.96,52.22,-1,-1,492,510
7318,1778515192616,5417.5,728,24.95,52.21,-1,-1,492,510
7319,1778515193353,5418.2,736,24.95,52.21,-1,-1,493,510
7320,1778515194073,5419.0,719,24.95,52.20,-1,-1,493,510
7321,1778515194812,5419.7,738,24.94,52.19,-1,-1,493,510
7322,1778515195536,5420.4,723,24.94,52.19,-1,-1,493,510
7323,1778515196267,5421.2,731,24.94,52.19,-1,-1,493,510
7324,1778515197011,5421.9,744,24.93,52.18,-1,-1,493,510
7325,1778515197754,5422.6,742,24.93,52.18,-1,-1,494,510
7326,1778515198484,5423.4,729,24.92,52.18,-1,-1,494,510
7327,1778515199222,5424.1,738,24.92,52.19,-1,-1,494,510
7328,1778515199960,5424.9,738,24.92,52.20,-1,-1,494,510
7329,1778515200682,5425.6,722,24.91,52.20,-1,-1,494,510
7330,1778515201343,5426.2,661,24.91,52.20,-1,-1,494,510
7331,1778515202060,5427.0,717,24.91,52.19,-1,-1,495,510
7332,1778515202780,5427.7,717,24.90,52.20,-1,-1,495,510
7333,1778515203509,5428.4,729,24.90,52.19,-1,-1,495,510
7334,1778515204252,5429.1,742,24.90,52.20,-1,-1,495,510
7335,1778515205270,5430.2,725,24.91,52.20,-1,-1,495,510
7336,1778515206192,5431.1,726,24.92,52.21,-1,-1,495,510
7337,1778515206929,5431.8,736,24.91,52.20,-1,-1,495,510
7338,1778515207649,5432.5,719,24.91,52.19,-1,-1,496,510
7339,1778515208594,5433.5,743,24.92,52.20,-1,-1,496,510
7340,1778515209323,5434.2,728,24.92,52.19,-1,-1,496,510
7341,1778515210062,5435.0,738,24.91,52.20,-1,-1,496,510
7342,1778515210804,5435.7,740,24.91,52.19,-1,-1,496,510
7343,1778515211720,5436.6,717,24.92,52.20,-1,-1,496,510
7344,1778515212641,5437.5,697,24.93,52.21,-1,-1,497,510
7345,1778515213368,5438.3,727,24.93,52.21,-1,-1,497,510
7346,1778515214099,5439.0,731,24.93,52.22,-1,-1,497,510
7347,1778515214834,5439.7,735,24.92,52.21,-1,-1,497,510
7348,1778515215568,5440.5,733,24.92,52.20,-1,-1,497,510
7349,1778515216310,5441.2,741,24.91,52.21,-1,-1,497,510
7350,1778515217272,5442.2,706,24.93,52.22,-1,-1,498,510
7351,1778515218002,5442.9,729,24.92,52.22,3648,110,498,510
7352,1778515218720,5443.6,716,24.92,52.22,-1,-1,498,510
7353,1778515219460,5444.4,740,24.92,52.21,-1,-1,498,510
7354,1778515220622,5445.5,778,24.93,52.22,-1,-1,498,510
7355,1778515221327,5446.2,704,24.92,52.21,-1,-1,498,510
7356,1778515222050,5446.9,723,24.92,52.20,-1,-1,499,510
7357,1778515222998,5447.9,724,24.93,52.21,-1,-1,499,510
7358,1778515223712,5448.6,713,24.93,52.22,-1,-1,499,510
7359,1778515224435,5449.3,723,24.92,52.21,-1,-1,499,510
7360,1778515225170,5450.1,735,24.92,52.20,-1,-1,499,510
7361,1778515225895,5450.8,725,24.92,52.19,-1,-1,499,510
7362,1778515226627,5451.5,729,24.91,52.19,-1,-1,499,510
7363,1778515227518,5452.4,737,24.92,52.19,-1,-1,500,510
7364,1778515228244,5453.1,725,24.92,52.19,-1,-1,500,510
7365,1778515228988,5453.9,744,24.92,52.18,-1,-1,500,510
7366,1778515229871,5454.8,704,24.93,52.19,-1,-1,500,510
7367,1778515230576,5455.5,705,24.92,52.18,-1,-1,501,510
7368,1778515231531,5456.4,738,24.93,52.19,-1,-1,501,510
7369,1778515232460,5457.4,709,24.94,52.19,-1,-1,501,510
7370,1778515233184,5458.1,723,24.94,52.20,-1,-1,502,510
7371,1778515233919,5458.8,734,24.94,52.19,-1,-1,501,510
7372,1778515234646,5459.5,725,24.93,52.20,-1,-1,501,510
7373,1778515235380,5460.3,733,24.93,52.20,-1,-1,501,510
7374,1778515236090,5461.0,709,24.93,52.21,-1,-1,501,510
7375,1778515236641,5461.5,551,24.92,52.20,-1,-1,502,510
7376,1778515237565,5462.5,713,24.93,52.21,-1,-1,502,510
7377,1778515238306,5463.2,740,24.93,52.22,-1,-1,503,510
7378,1778515239035,5463.9,729,24.93,52.22,-1,-1,502,510
7379,1778515239764,5464.7,729,24.92,52.22,-1,-1,502,510
7380,1778515240508,5465.4,744,24.92,52.21,-1,-1,502,510
7381,1778515241246,5466.1,738,24.92,52.20,-1,-1,503,510
7382,1778515241966,5466.9,718,24.91,52.19,-1,-1,504,510
7383,1778515242712,5467.6,746,24.91,52.20,-1,-1,504,510
7384,1778515243442,5468.3,730,24.91,52.21,-1,-1,504,510
7385,1778515244156,5469.0,714,24.90,52.20,-1,-1,504,510
7386,1778515244865,5469.8,709,24.90,52.21,-1,-1,504,510
7387,1778515245580,5470.5,715,24.90,52.21,-1,-1,504,510
7388,1778515246589,5471.5,749,24.91,52.22,-1,-1,505,510
7389,1778515247563,5472.5,726,24.92,52.23,-1,-1,505,510
7390,1778515248292,5473.2,729,24.91,52.22,-1,-1,505,510
7391,1778515249059,5474.0,767,24.91,52.23,-1,-1,505,510
7392,1778515249773,5474.7,712,24.91,52.22,-1,-1,505,510
7393,1778515250730,5475.6,729,24.92,52.23,-1,-1,505,510
7394,1778515251452,5476.3,721,24.91,52.23,-1,-1,506,510
7395,1778515252181,5477.1,729,24.91,52.22,-1,-1,506,510
7396,1778515252902,5477.8,721,24.91,52.23,-1,-1,506,510
7397,1778515253608,5478.5,706,24.90,52.22,-1,-1,506,510
7398,1778515254339,5479.2,731,24.90,52.23,-1,-1,506,510
7399,1778515255083,5480.0,744,24.90,52.24,-1,-1,506,510
7400,1778515256033,5480.9,729,24.91,52.24,-1,-1,507,510
7401,1778515256737,5481.6,703,24.90,52.24,3648,110,507,510
7402,1778515257664,5482.6,717,24.91,52.24,-1,-1,507,510
7403,1778515258411,5483.3,746,24.91,52.25,-1,-1,507,510
7404,1778515259136,5484.0,725,24.91,52.24,-1,-1,507,510
7405,1778515260069,5485.0,721,24.92,52.25,-1,-1,507,510
7406,1778515260775,5485.7,706,24.91,52.24,-1,-1,508,510
7407,1778515261687,5486.6,730,24.92,52.25,-1,-1,508,510
7408,1778515262423,5487.3,736,24.92,52.25,-1,-1,508,510
7409,1778515263142,5488.0,718,24.92,52.25,-1,-1,508,510
7410,1778515263891,5488.8,748,24.91,52.24,-1,-1,508,510
7411,1778515264635,5489.5,744,24.91,52.23,-1,-1,508,510
7412,1778515265385,5490.3,748,24.91,52.23,-1,-1,509,510
7413,1778515266343,5491.2,740,24.92,52.23,-1,-1,509,510
7414,1778515267069,5492.0,725,24.91,52.23,-1,-1,509,510
7415,1778515267777,5492.7,708,24.91,52.23,-1,-1,509,510
7416,1778515268475,5493.4,698,24.91,52.22,-1,-1,509,510
7417,1778515269182,5494.1,706,24.90,52.22,-1,-1,509,510
7418,1778515269907,5494.8,725,24.90,52.22,-1,-1,509,510
7419,1778515270637,5495.5,730,24.90,52.22,-1,-1,510,510
7420,1778515271597,5496.5,742,24.91,52.22,-1,-1,510,510
7421,1778515272782,5497.7,941,24.92,52.23,-1,-1,486,510
7422,1778515273517,5498.4,732,24.91,52.22,-1,-1,485,510
7423,1778515274252,5499.1,734,24.91,52.22,-1,-1,484,510
7424,1778515275174,5500.1,709,24.92,52.22,-1,-1,485,510
7425,1778515275888,5500.8,714,24.92,52.23,-1,-1,486,510
7426,1778515276592,5501.5,704,24.91,52.22,-1,-1,485,510
7427,1778515277305,5502.2,713,24.91,52.23,-1,-1,485,510
7428,1778515278278,5503.2,732,24.92,52.23,-1,-1,485,510
7429,1778515279018,5503.9,740,24.92,52.23,-1,-1,486,510
7430,1778515279719,5504.6,701,24.91,52.22,-1,-1,486,510
7431,1778515280622,5505.5,711,24.92,52.23,-1,-1,486,510
7432,1778515281343,5506.2,718,24.92,52.22,-1,-1,487,510
7433,1778515282060,5507.0,717,24.92,52.21,-1,-1,486,510
7434,1778515282800,5507.7,740,24.91,52.21,-1,-1,487,510
7435,1778515283537,5508.4,737,24.91,52.20,-1,-1,487,510
7436,1778515284273,5509.2,736,24.91,52.19,-1,-1,488,510
7437,1778515284990,5509.9,716,24.90,52.19,-1,-1,488,510
7438,1778515285715,5510.6,725,24.90,52.19,-1,-1,488,510
7439,1778515286438,5511.3,723,24.90,52.18,-1,-1,488,510
7440,1778515287435,5512.3,749,24.91,52.19,-1,-1,488,510
7441,1778515288159,5513.1,724,24.90,52.20,-1,-1,488,510
7442,1778515289079,5514.0,729,24.91,52.20,-1,-1,489,510
7443,1778515289805,5514.7,725,24.91,52.20,-1,-1,489,510
7444,1778515290520,5515.4,715,24.91,52.19,-1,-1,489,510
7445,1778515291251,5516.1,730,24.90,52.18,-1,-1,489,510
7446,1778515291980,5516.9,729,24.90,52.19,-1,-1,489,510
7447,1778515292956,5517.9,734,24.91,52.20,-1,-1,489,510
7448,1778515293691,5518.6,734,24.91,52.19,-1,-1,489,510
7449,1778515294405,5519.3,714,24.90,52.19,-1,-1,490,510
7450,1778515295356,5520.3,720,24.91,52.20,-1,-1,490,510
7451,1778515296316,5521.2,724,24.92,52.21,3646,112,490,510
7452,1778515297059,5522.0,740,24.92,52.20,-1,-1,490,510
7453,1778515297788,5522.7,728,24.92,52.19,-1,-1,490,510
7454,1778515298524,5523.4,735,24.91,52.19,-1,-1,490,510
7455,1778515299234,5524.1,710,24.91,52.18,-1,-1,491,510
7456,1778515299932,5524.8,698,24.91,52.19,-1,-1,491,510
7457,1778515300910,5525.8,710,24.92,52.19,-1,-1,491,510
7458,1778515301627,5526.5,716,24.91,52.20,-1,-1,491,510
7459,1778515302546,5527.4,705,24.92,52.21,-1,-1,491,510
7460,1778515303268,5528.2,722,24.92,52.21,-1,-1,491,510
7461,1778515304221,5529.1,720,24.93,52.22,-1,-1,492,510
7462,1778515305218,5530.1,762,24.94,52.22,-1,-1,492,510
7463,1778515305956,5530.9,738,24.94,52.22,-1,-1,492,510
7464,1778515306677,5531.6,721,24.93,52.22,-1,-1,492,510
7465,1778515307412,5532.3,734,24.93,52.22,-1,-1,492,510
7466,1778515308153,5533.0,740,24.93,52.21,-1,-1,492,510
7467,1778515309071,5534.0,732,24.94,52.22,-1,-1,493,510
7468,1778515309805,5534.7,733,24.93,52.21,-1,-1,493,510
7469,1778515310705,5535.6,717,24.94,52.22,-1,-1,493,510
7470,1778515311420,5536.3,715,24.94,52.21,-1,-1,493,510
7471,1778515312141,5537.0,721,24.94,52.20,-1,-1,493,510
7472,1778515312859,5537.8,715,24.93,52.21,-1,-1,493,510
7473,1778515313781,5538.7,711,24.94,52.21,-1,-1,493,510
7474,1778515314714,5539.6,708,24.95,52.22,-1,-1,494,510
7475,1778515315635,5540.5,727,24.96,52.23,-1,-1,494,510
7476,1778515316350,5541.2,714,24.96,52.23,-1,-1,494,510
7477,1778515317327,5542.2,718,24.97,52.24,-1,-1,494,510
7478,1778515318064,5543.0,737,24.97,52.23,-1,-1,494,510
7479,1778515318788,5543.7,724,24.96,52.24,-1,-1,494,510
7480,1778515319544,5544.4,756,24.96,52.23,-1,-1,495,510
7481,1778515320285,5545.2,741,24.96,52.23,-1,-1,495,510
7482,1778515321238,5546.1,725,24.97,52.23,-1,-1,495,510
7483,1778515322158,5547.1,726,24.98,52.24,-1,-1,495,510
7484,1778515323036,5547.9,710,24.99,52.24,-1,-1,495,510
7485,1778515323768,5548.7,732,24.98,52.25,-1,-1,495,510
7486,1778515324492,5549.4,723,24.98,52.24,-1,-1,496,510
7487,1778515325197,5550.1,705,24.98,52.24,-1,-1,496,510
7488,1778515325908,5550.8,710,24.97,52.24,-1,-1,496,510
7489,1778515326625,5551.5,717,24.97,52.24,-1,-1,496,510
7490,1778515327328,5552.2,703,24.97,52.23,-1,-1,496,510
7491,1778515328253,5553.1,714,24.98,52.24,-1,-1,496,510
7492,1778515328964,5553.9,708,24.97,52.23,-1,-1,497,510
7493,1778515329474,5554.4,510,24.97,52.22,-1,-1,497,510
7494,1778515330160,5555.1,685,24.97,52.23,-1,-1,497,510
7495,1778515331135,5556.0,716,24.98,52.23,-1,-1,497,510
7496,1778515331844,5556.7,708,24.97,52.23,-1,-1,497,510
7497,1778515332747,5557.6,707,24.98,52.23,-1,-1,497,510
7498,1778515333467,5558.4,720,24.98,52.23,-1,-1,498,510
7499,1778515334170,5559.1,703,24.98,52.22,-1,-1,498,510
7500,1778515334882,5559.8,712,24.97,52.23,-1,-1,498,510
7501,1778515335589,5560.5,707,24.97,52.23,3646,112,498,510
7502,1778515336498,5561.4,705,24.98,52.24,-1,-1,498,510
7503,1778515337357,5562.3,718,24.99,52.25,-1,-1,498,510
7504,1778515338268,5563.2,712,25.00,52.25,-1,-1,499,510
7505,1778515338996,5563.9,727,25.00,52.25,-1,-1,499,510
7506,1778515339881,5564.8,745,25.01,52.25,-1,-1,499,510
7507,1778515340589,5565.5,708,25.00,52.24,-1,-1,499,510
7508,1778515341310,5566.2,721,25.00,52.24,-1,-1,499,510
7509,1778515342046,5566.9,736,25.00,52.23,-1,-1,499,510
7510,1778515342775,5567.7,729,24.99,52.24,-1,-1,499,510
7511,1778515343525,5568.4,749,24.99,52.23,-1,-1,500,510
7512,1778515344521,5569.4,756,25.00,52.24,-1,-1,500,510
7513,1778515345259,5570.2,737,25.00,52.23,-1,-1,501,510
7514,1778515345994,5570.9,734,24.99,52.22,-1,-1,500,510
7515,1778515346738,5571.6,744,24.99,52.22,-1,-1,500,510
7516,1778515347695,5572.6,729,25.00,52.22,-1,-1,500,510
7517,1778515348419,5573.3,724,25.00,52.23,-1,-1,502,510
7518,1778515349142,5574.0,723,24.99,52.22,-1,-1,501,510
7519,1778515349879,5574.8,737,24.99,52.23,-1,-1,501,510
7520,1778515350600,5575.5,721,24.99,52.23,-1,-1,501,510
7521,1778515351316,5576.2,716,24.98,52.24,-1,-1,501,510
7522,1778515352015,5576.9,697,24.98,52.25,-1,-1,501,510
7523,1778515352726,5577.6,711,24.98,52.24,-1,-1,502,510
7524,1778515353443,5578.3,717,24.97,52.23,-1,-1,502,510
7525,1778515354172,5579.1,728,24.97,52.23,-1,-1,502,510
7526,1778515354909,5579.8,737,24.97,52.23,-1,-1,502,510
7527,1778515355639,5580.5,730,24.96,52.23,-1,-1,503,510
7528,1778515356346,5581.2,707,24.96,52.22,-1,-1,503,510
7529,1778515357048,5581.9,702,24.96,52.21,-1,-1,503,510
7530,1778515357772,5582.7,724,24.95,52.20,-1,-1,504,510
7531,1778515358515,5583.4,743,24.95,52.21,-1,-1,504,510
7532,1778515359236,5584.1,718,24.95,52.20,-1,-1,504,510
7533,1778515360319,5585.2,744,24.96,52.21,-1,-1,504,510
7534,1778515361248,5586.1,738,24.97,52.22,-1,-1,504,510
7535,1778515361979,5586.9,730,24.96,52.22,-1,-1,504,510
7536,1778515362714,5587.6,735,24.96,52.22,-1,-1,505,510
7537,1778515363459,5588.4,745,24.96,52.21,-1,-1,505,510
7538,1778515364216,5589.1,756,24.95,52.20,-1,-1,505,510
7539,1778515364932,5589.8,715,24.95,52.21,-1,-1,505,510
7540,1778515365676,5590.6,743,24.95,52.20,-1,-1,505,510
7541,1778515366419,5591.3,743,24.94,52.19,-1,-1,505,510
7542,1778515367157,5592.1,735,24.94,52.19,-1,-1,506,510
7543,1778515367897,5592.8,740,24.94,52.19,-1,-1,506,510
7544,1778515368823,5593.7,715,24.95,52.20,-1,-1,506,510
7545,1778515369550,5594.4,727,24.94,52.21,-1,-1,506,510
7546,1778515370307,5595.2,757,24.94,52.20,-1,-1,506,510
7547,1778515370978,5595.9,671,24.94,52.19,-1,-1,506,510
7548,1778515371939,5596.8,711,24.95,52.20,-1,-1,507,510
7549,1778515372901,5597.8,706,24.96,52.21,-1,-1,507,510
7550,1778515373860,5598.8,704,24.97,52.21,-1,-1,507,510
7551,1778515374801,5599.7,727,24.98,52.22,3646,112,507,510
7552,1778515375529,5600.4,725,24.97,52.21,-1,-1,507,510
7553,1778515376246,5601.1,717,24.97,52.20,-1,-1,507,510
7554,1778515376979,5601.9,732,24.97,52.21,-1,-1,508,510
7555,1778515377714,5602.6,735,24.96,52.22,-1,-1,508,510
7556,1778515378667,5603.6,733,24.97,52.22,-1,-1,508,510
7557,1778515379395,5604.3,727,24.97,52.22,-1,-1,508,510
7558,1778515380123,5605.0,728,24.97,52.21,-1,-1,508,510
7559,1778515380834,5605.7,711,24.96,52.20,-1,-1,508,510
7560,1778515381563,5606.5,729,24.96,52.20,-1,-1,508,510
7561,1778515382301,5607.2,738,24.96,52.20,-1,-1,509,510
7562,1778515383032,5607.9,730,24.95,52.21,-1,-1,509,510
7563,1778515383765,5608.7,733,24.95,52.21,-1,-1,509,510
7564,1778515384755,5609.6,717,24.96,52.22,-1,-1,509,510
7565,1778515385493,5610.4,737,24.96,52.21,-1,-1,509,510
7566,1778515386407,5611.3,714,24.97,52.22,-1,-1,509,510
7567,1778515387129,5612.0,722,24.96,52.21,-1,-1,510,510
7568,1778515387848,5612.7,719,24.96,52.21,-1,-1,510,510
7569,1778515388563,5613.5,714,24.96,52.21,-1,-1,510,510
7570,1778515389289,5614.2,725,24.95,52.22,-1,-1,510,510
7571,1778515389988,5614.9,698,24.95,52.21,-1,-1,484,510
7572,1778515390727,5615.6,735,24.95,52.22,-1,-1,485,510
7573,1778515391436,5616.3,709,24.94,52.21,-1,-1,485,510
7574,1778515392161,5617.1,724,24.94,52.22,-1,-1,485,510
7575,1778515392907,5617.8,745,24.94,52.22,-1,-1,485,510
7576,1778515393948,5618.8,738,24.95,52.23,-1,-1,485,510
7577,1778515394667,5619.6,719,24.94,52.22,-1,-1,486,510
7578,1778515395307,5620.2,640,24.94,52.22,-1,-1,486,510
7579,1778515396002,5620.9,695,24.94,52.22,-1,-1,486,510
7580,1778515396707,5621.6,704,24.93,52.22,-1,-1,486,510
7581,1778515397418,5622.3,711,24.93,52.21,-1,-1,486,510
7582,1778515398137,5623.0,716,24.93,52.22,-1,-1,486,510
7583,1778515398885,5623.8,748,24.92,52.21,-1,-1,487,510
7584,1778515399611,5624.5,725,24.92,52.22,-1,-1,487,510
7585,1778515400419,5625.3,807,24.92,52.21,-1,-1,488,510
7586,1778515401122,5626.0,703,24.91,52.21,-1,-1,488,510
7587,1778515401852,5626.7,729,24.91,52.21,-1,-1,488,510
7588,1778515402589,5627.5,736,24.91,52.20,-1,-1,488,510
7589,1778515403330,5628.2,741,24.90,52.21,-1,-1,488,510
7590,1778515404062,5629.0,732,24.90,52.21,-1,-1,489,510
7591,1778515404806,5629.7,743,24.90,52.21,-1,-1,489,510
7592,1778515405893,5630.8,731,24.91,52.21,-1,-1,489,510
7593,1778515406603,5631.5,709,24.90,52.21,-1,-1,489,510
7594,1778515407327,5632.2,723,24.90,52.21,-1,-1,489,510
7595,1778515408077,5633.0,750,24.90,52.21,-1,-1,489,510
7596,1778515408803,5633.7,725,24.89,52.20,-1,-1,490,510
7597,1778515409540,5634.4,736,24.89,52.19,-1,-1,490,510
7598,1778515410275,5635.2,734,24.89,52.18,-1,-1,490,510
7599,1778515411026,5635.9,751,24.88,52.18,-1,-1,490,510
7600,1778515411962,5636.9,729,24.89,52.18,-1,-1,490,510
7601,1778515412925,5637.8,784,24.90,52.19,3646,112,490,510
7602,1778515413889,5638.8,722,24.91,52.20,-1,-1,490,510
7603,1778515414587,5639.5,697,24.91,52.19,-1,-1,491,510
7604,1778515415524,5640.4,709,24.92,52.20,-1,-1,491,510
7605,1778515416260,5641.2,735,24.92,52.19,-1,-1,491,510
7606,1778515416987,5641.9,727,24.91,52.18,-1,-1,491,510
7607,1778515417732,5642.6,745,24.91,52.18,-1,-1,491,510
7608,1778515418459,5643.4,727,24.91,52.17,-1,-1,491,510
7609,1778515419174,5644.1,714,24.90,52.16,-1,-1,492,510
7610,1778515419907,5644.8,733,24.90,52.16,-1,-1,492,510
7611,1778515420652,5645.5,743,24.90,52.16,-1,-1,492,510
7612,1778515421440,5646.3,786,24.89,52.17,-1,-1,492,510
7613,1778515422148,5647.0,708,24.89,52.16,-1,-1,492,510
7614,1778515422859,5647.8,711,24.89,52.15,-1,-1,492,510
7615,1778515423567,5648.5,708,24.89,52.15,-1,-1,493,510
7616,1778515424626,5649.5,740,24.89,52.15,-1,-1,493,510
7617,1778515425341,5650.2,715,24.89,52.16,-1,-1,493,510
7618,1778515426057,5651.0,715,24.89,52.17,-1,-1,493,510
7619,1778515426789,5651.7,732,24.89,52.16,-1,-1,493,510
7620,1778515427547,5652.4,757,24.88,52.15,-1,-1,493,510
7621,1778515428277,5653.2,729,24.88,52.15,-1,-1,493,510
7622,1778515428987,5653.9,707,24.88,52.14,-1,-1,494,510
7623,1778515429712,5654.6,725,24.87,52.13,-1,-1,494,510
7624,1778515430456,5655.4,743,24.87,52.12,-1,-1,494,510
7625,1778515431184,5656.1,727,24.87,52.13,-1,-1,494,510
7626,1778515432154,5657.0,717,24.88,52.14,-1,-1,494,510
7627,1778515432890,5657.8,736,24.87,52.13,-1,-1,494,510
7628,1778515433603,5658.5,713,24.87,52.12,-1,-1,495,510
7629,1778515434631,5659.5,715,24.88,52.13,-1,-1,495,510
7630,1778515435320,5660.2,689,24.88,52.12,-1,-1,495,510
7631,1778515436269,5661.2,713,24.89,52.13,-1,-1,495,510
7632,1778515437177,5662.1,724,24.90,52.14,-1,-1,495,510
7633,1778515437915,5662.8,737,24.89,52.13,-1,-1,495,510
7634,1778515438639,5663.5,724,24.89,52.12,-1,-1,496,510
7635,1778515439574,5664.5,705,24.90,52.13,-1,-1,496,510
7636,1778515440311,5665.2,735,24.90,52.12,-1,-1,496,510
7637,1778515441025,5665.9,714,24.89,52.11,-1,-1,496,510
7638,1778515441730,5666.6,704,24.89,52.12,-1,-1,496,510
7639,1778515442722,5667.6,722,24.90,52.13,-1,-1,496,510
7640,1778515443456,5668.4,733,24.90,52.12,-1,-1,497,510
7641,1778515444155,5669.0,699,24.89,52.11,-1,-1,497,510
7642,1778515445182,5670.1,803,24.90,52.12,-1,-1,497,510
7643,1778515446107,5671.0,719,24.91,52.13,-1,-1,497,510
7644,1778515447066,5672.0,713,24.92,52.13,-1,-1,497,510
7645,1778515448036,5672.9,744,24.93,52.14,-1,-1,497,510
7646,1778515448697,5673.6,660,24.93,52.13,-1,-1,498,510
7647,1778515449403,5674.3,705,24.92,52.13,-1,-1,498,510
7648,1778515450114,5675.0,710,24.92,52.12,-1,-1,498,510
7649,1778515450820,5675.7,705,24.92,52.11,-1,-1,498,510
7650,1778515451616,5676.5,796,24.92,52.10,-1,-1,498,510
7651,1778515452324,5677.2,708,24.91,52.10,3644,114,498,510
7652,1778515453044,5677.9,715,24.91,52.09,-1,-1,498,510
7653,1778515453771,5678.7,727,24.91,52.08,-1,-1,499,510
7654,1778515454523,5679.4,752,24.90,52.09,-1,-1,499,510
7655,1778515455591,5680.5,738,24.91,52.10,-1,-1,499,510
7656,1778515456332,5681.2,741,24.91,52.09,-1,-1,499,510
7657,1778515457339,5682.2,745,24.92,52.10,-1,-1,499,510
7658,1778515458860,5683.8,1521,24.92,52.09,-1,-1,499,510
7659,1778515461253,5686.1,2391,24.91,52.08,-1,-1,500,510
7660,1778515461979,5686.9,487,24.92,52.09,-1,-1,500,510
7661,1778515462548,5687.4,376,24.93,52.10,-1,-1,500,510
7662,1778515463464,5688.4,913,24.93,52.09,-1,-1,501,510
7663,1778515464048,5688.9,584,24.92,52.08,-1,-1,500,510
7664,1778515464934,5689.8,886,24.92,52.07,-1,-1,500,510
7665,1778515465615,5690.5,681,24.92,52.07,-1,-1,501,510
7666,1778515466343,5691.2,728,24.92,52.07,-1,-1,502,510
7667,1778515467078,5692.0,569,24.93,52.08,-1,-1,502,510
7668,1778515467860,5692.8,781,24.92,52.07,-1,-1,502,510
7669,1778515468450,5693.3,590,24.92,52.07,-1,-1,502,510
7670,1778515469317,5694.2,669,24.93,52.07,-1,-1,502,510
7671,1778515470040,5694.9,549,24.94,52.08,-1,-1,503,510
7672,1778515470817,5695.7,774,24.93,52.07,-1,-1,503,510
7673,1778515471386,5696.3,569,24.93,52.08,-1,-1,503,510
7674,1778515471972,5696.9,586,24.93,52.07,-1,-1,503,510
7675,1778515472712,5697.6,569,24.94,52.08,-1,-1,503,510
7676,1778515473257,5698.2,545,24.93,52.07,-1,-1,503,510
7677,1778515473790,5698.7,532,24.93,52.06,-1,-1,504,510
7678,1778515474356,5699.3,566,24.93,52.07,-1,-1,504,510
7679,1778515474738,5699.6,382,24.93,52.06,-1,-1,504,510
7680,1778515475333,5700.2,390,24.93,52.07,-1,-1,504,510
7681,1778515475727,5700.6,394,24.93,52.06,-1,-1,504,510
7682,1778515476307,5701.2,458,24.94,52.07,-1,-1,504,510
7683,1778515476807,5701.7,499,24.94,52.06,-1,-1,505,510
7684,1778515477203,5702.1,396,24.93,52.06,-1,-1,505,510
7685,1778515477586,5702.5,383,24.93,52.06,-1,-1,505,510
7686,1778515477975,5702.9,389,24.93,52.07,-1,-1,505,510
7687,1778515478350,5703.2,375,24.93,52.06,-1,-1,505,510
7688,1778515478716,5703.6,366,24.92,52.06,-1,-1,505,510
7689,1778515479094,5704.0,378,24.92,52.05,-1,-1,505,510
7690,1778515479782,5704.7,688,24.92,52.04,-1,-1,506,510
7691,1778515480536,5705.4,606,24.93,52.05,-1,-1,506,510
7692,1778515481456,5706.4,753,24.93,52.05,-1,-1,506,510
7693,1778515482008,5706.9,552,24.93,52.06,-1,-1,506,510
7694,1778515482680,5707.6,672,24.93,52.07,-1,-1,506,510
7695,1778515483244,5708.1,564,24.93,52.06,-1,-1,506,510
7696,1778515483750,5708.6,505,24.92,52.07,-1,-1,507,510
7697,1778515484330,5709.2,371,24.93,52.07,-1,-1,507,510
7698,1778515484879,5709.8,371,24.94,52.08,-1,-1,507,510
7699,1778515485275,5710.2,395,24.94,52.07,-1,-1,507,510
7700,1778515485857,5710.8,415,24.95,52.08,-1,-1,507,510
7701,1778515486271,5711.2,413,24.94,52.07,3640,118,507,510
7702,1778515487273,5712.2,999,24.94,52.06,-1,-1,508,510
7703,1778515488279,5713.2,1005,24.94,52.06,-1,-1,508,510
7704,1778515488732,5713.6,453,24.94,52.06,-1,-1,508,510
7705,1778515489101,5714.0,368,24.93,52.06,-1,-1,508,510
7706,1778515489652,5714.5,551,24.93,52.05,-1,-1,508,510
7707,1778515490227,5715.1,370,24.94,52.06,-1,-1,508,510
7708,1778515490605,5715.5,377,24.94,52.05,-1,-1,508,510
7709,1778515491037,5715.9,431,24.93,52.06,-1,-1,509,510
7710,1778515491456,5716.4,419,24.93,52.06,-1,-1,509,510
7711,1778515491848,5716.7,392,24.93,52.06,-1,-1,509,510
7712,1778515492309,5717.2,459,24.92,52.06,-1,-1,509,510
7713,1778515492921,5717.8,611,24.92,52.07,-1,-1,509,510
7714,1778515493487,5718.4,566,24.92,52.07,-1,-1,509,510
7715,1778515494072,5719.0,585,24.91,52.08,-1,-1,510,510
7716,1778515494671,5719.6,599,24.91,52.07,-1,-1,510,510
7717,1778515495218,5720.1,547,24.91,52.08,-1,-1,510,510
7718,1778515496141,5721.0,627,24.92,52.09,-1,-1,484,510
7719,1778515496813,5721.7,671,24.91,52.09,-1,-1,485,510
7720,1778515497428,5722.3,615,24.91,52.09,-1,-1,485,510
7721,1778515498287,5723.2,631,24.92,52.09,-1,-1,486,510
7722,1778515498934,5723.8,642,24.92,52.08,-1,-1,486,510
7723,1778515499569,5724.5,635,24.91,52.08,-1,-1,486,510
7724,1778515500223,5725.1,654,24.91,52.07,-1,-1,486,510
7725,1778515500853,5725.7,630,24.91,52.06,-1,-1,486,510
7726,1778515501489,5726.4,636,24.90,52.06,-1,-1,486,510
7727,1778515502115,5727.0,625,24.90,52.06,-1,-1,487,510
7728,1778515502748,5727.6,633,24.90,52.07,-1,-1,487,510
7729,1778515503386,5728.3,637,24.89,52.08,-1,-1,487,510
7730,1778515504214,5729.1,639,24.90,52.08,-1,-1,487,510
7731,1778515504844,5729.7,630,24.90,52.08,-1,-1,487,510
7732,1778515505714,5730.6,633,24.91,52.08,-1,-1,487,510
7733,1778515506355,5731.2,641,24.91,52.08,-1,-1,488,510
7734,1778515506997,5731.9,642,24.90,52.08,-1,-1,488,510
7735,1778515507901,5732.8,709,24.91,52.09,-1,-1,488,510
7736,1778515508614,5733.5,713,24.91,52.08,-1,-1,488,510
7737,1778515509534,5734.4,700,24.92,52.09,-1,-1,488,510
7738,1778515510253,5735.1,719,24.92,52.08,-1,-1,488,510
7739,1778515510978,5735.9,725,24.91,52.07,-1,-1,489,510
7740,1778515511704,5736.6,726,24.91,52.08,-1,-1,489,510
7741,1778515512434,5737.3,730,24.91,52.07,-1,-1,489,510
7742,1778515513163,5738.1,727,24.90,52.07,-1,-1,489,510
7743,1778515514140,5739.0,738,24.91,52.07,-1,-1,489,510
7744,1778515514873,5739.8,732,24.91,52.08,-1,-1,489,510
7745,1778515515590,5740.5,717,24.91,52.07,-1,-1,489,510
7746,1778515516549,5741.4,725,24.92,52.08,-1,-1,490,510
7747,1778515517284,5742.2,734,24.91,52.08,-1,-1,490,510
7748,1778515518021,5742.9,737,24.91,52.08,-1,-1,490,510
7749,1778515518753,5743.6,732,24.91,52.07,-1,-1,490,510
7750,1778515519484,5744.4,731,24.90,52.08,-1,-1,490,510
7751,1778515520440,5745.3,720,24.91,52.08,3638,120,490,510
7752,1778515521346,5746.2,741,24.92,52.09,-1,-1,491,510
7753,1778515522060,5747.0,714,24.92,52.08,-1,-1,491,510
7754,1778515522787,5747.7,727,24.92,52.09,-1,-1,491,510
7755,1778515523503,5748.4,716,24.91,52.08,-1,-1,491,510
7756,1778515524228,5749.1,725,24.91,52.08,-1,-1,491,510
7757,1778515525205,5750.1,781,24.92,52.08,-1,-1,491,510
7758,1778515526113,5751.0,720,24.93,52.09,-1,-1,492,510
7759,1778515526831,5751.7,717,24.93,52.08,-1,-1,492,510
7760,1778515527546,5752.4,715,24.92,52.09,-1,-1,492,510
7761,1778515528491,5753.4,721,24.93,52.09,-1,-1,492,510
7762,1778515529216,5754.1,723,24.93,52.09,-1,-1,492,510
7763,1778515529940,5754.8,723,24.93,52.08,-1,-1,492,510
7764,1778515530664,5755.6,724,24.92,52.07,-1,-1,493,510
7765,1778515531395,5756.3,731,24.92,52.08,-1,-1,493,510
7766,1778515532123,5757.0,727,24.92,52.09,-1,-1,493,510
7767,1778515532867,5757.8,744,24.91,52.09,-1,-1,493,510
7768,1778515533595,5758.5,728,24.91,52.10,-1,-1,493,510
7769,1778515534627,5759.5,736,24.92,52.10,-1,-1,493,510
7770,1778515535348,5760.2,720,24.92,52.10,-1,-1,493,510
7771,1778515536254,5761.1,719,24.93,52.10,-1,-1,494,510
7772,1778515536985,5761.9,729,24.92,52.10,-1,-1,494,510
7773,1778515537706,5762.6,721,24.92,52.10,-1,-1,494,510
7774,1778515538442,5763.3,735,24.92,52.10,-1,-1,494,510
7775,1778515539180,5764.1,738,24.91,52.09,-1,-1,494,510
7776,1778515539916,5764.8,736,24.91,52.08,-1,-1,494,510
7777,1778515540650,5765.5,734,24.91,52.08,-1,-1,495,510
7778,1778515541366,5766.3,716,24.90,52.07,-1,-1,495,510
7779,1778515542097,5767.0,731,24.90,52.06,-1,-1,495,510
7780,1778515542820,5767.7,723,24.90,52.06,-1,-1,495,510
7781,1778515543572,5768.5,751,24.89,52.06,-1,-1,495,510
7782,1778515544300,5769.2,726,24.89,52.06,-1,-1,495,510
7783,1778515545256,5770.1,720,24.90,52.06,-1,-1,496,510
7784,1778515546008,5770.9,752,24.90,52.07,-1,-1,496,510
7785,1778515546920,5771.8,708,24.91,52.07,-1,-1,496,510
7786,1778515547642,5772.5,721,24.90,52.08,-1,-1,496,510
7787,1778515548578,5773.5,718,24.91,52.09,-1,-1,496,510
7788,1778515549296,5774.2,717,24.91,52.08,-1,-1,496,510
7789,1778515550003,5774.9,707,24.91,52.09,-1,-1,497,510
7790,1778515550715,5775.6,711,24.90,52.08,-1,-1,497,510
7791,1778515551420,5776.3,705,24.90,52.09,-1,-1,497,510
7792,1778515552156,5777.0,734,24.90,52.08,-1,-1,497,510
7793,1778515552887,5777.8,731,24.89,52.09,-1,-1,497,510
7794,1778515553621,5778.5,734,24.89,52.08,-1,-1,497,510
7795,1778515554348,5779.2,725,24.89,52.07,-1,-1,497,510
7796,1778515555079,5780.0,731,24.88,52.08,-1,-1,498,510
7797,1778515555817,5780.7,738,24.88,52.07,-1,-1,498,510
7798,1778515556571,5781.5,754,24.88,52.06,-1,-1,498,510
7799,1778515557543,5782.4,729,24.89,52.07,-1,-1,498,510
7800,1778515558266,5783.2,722,24.88,52.06,-1,-1,499,510
7801,1778515558988,5783.9,722,24.88,52.07,3638,120,498,510
7802,1778515559728,5784.6,737,24.88,52.06,-1,-1,499,510
7803,1778515560483,5785.4,755,24.88,52.07,-1,-1,499,510
7804,1778515561259,5786.2,776,24.87,52.06,-1,-1,499,510
7805,1778515562238,5787.1,742,24.88,52.07,-1,-1,499,510
7806,1778515562963,5787.9,724,24.88,52.06,-1,-1,500,510
7807,1778515563912,5788.8,713,24.89,52.07,-1,-1,499,510
7808,1778515564651,5789.5,738,24.88,52.06,-1,-1,501,510
7809,1778515565576,5790.5,706,24.89,52.07,-1,-1,500,510
7810,1778515566316,5791.2,739,24.89,52.07,-1,-1,501,510
7811,1778515567050,5791.9,734,24.89,52.08,-1,-1,501,510
7812,1778515567778,5792.7,726,24.88,52.07,-1,-1,501,510
7813,1778515568532,5793.4,754,24.88,52.08,-1,-1,501,510
7814,1778515569253,5794.1,721,24.88,52.07,-1,-1,502,510
7815,1778515569954,5794.8,701,24.88,52.07,-1,-1,502,510
7816,1778515570673,5795.6,719,24.87,52.06,-1,-1,502,510
7817,1778515571390,5796.3,717,24.87,52.07,-1,-1,502,510
7818,1778515572317,5797.2,717,24.88,52.07,-1,-1,502,510
7819,1778515573070,5798.0,752,24.88,52.07,-1,-1,502,510
7820,1778515573792,5798.7,722,24.87,52.07,-1,-1,502,510
7821,1778515574508,5799.4,716,24.87,52.06,-1,-1,503,510
7822,1778515575236,5800.1,726,24.87,52.07,-1,-1,503,510
7823,1778515576179,5801.1,745,24.88,52.08,-1,-1,503,510
7824,1778515576918,5801.8,739,24.87,52.08,-1,-1,503,510
7825,1778515577644,5802.5,726,24.87,52.08,-1,-1,503,510
7826,1778515578367,5803.3,722,24.87,52.07,-1,-1,503,510
7827,1778515579074,5804.0,707,24.86,52.06,-1,-1,504,510
7828,1778515579782,5804.7,708,24.86,52.06,-1,-1,504,510
7829,1778515580492,5805.4,710,24.86,52.06,-1,-1,504,510
7830,1778515581398,5806.3,706,24.87,52.07,-1,-1,504,510
7831,1778515582313,5807.2,720,24.88,52.08,-1,-1,504,510
7832,1778515583186,5808.1,699,24.89,52.08,-1,-1,504,510
7833,1778515584103,5809.0,727,24.89,52.09,-1,-1,505,510
7834,1778515584804,5809.7,701,24.89,52.08,-1,-1,505,510
7835,1778515585512,5810.4,708,24.89,52.09,-1,-1,505,510
7836,1778515586433,5811.3,710,24.90,52.09,-1,-1,505,510
7837,1778515587372,5812.3,722,24.91,52.10,-1,-1,505,510
7838,1778515588111,5813.0,738,24.90,52.09,-1,-1,505,510
7839,1778515588817,5813.7,706,24.90,52.09,-1,-1,506,510
7840,1778515589526,5814.4,708,24.90,52.08,-1,-1,506,510
7841,1778515590236,5815.1,710,24.89,52.09,-1,-1,506,510
7842,1778515590970,5815.9,732,24.89,52.08,-1,-1,506,510
7843,1778515591712,5816.6,742,24.89,52.07,-1,-1,506,510
7844,1778515592453,5817.3,741,24.89,52.07,-1,-1,506,510
7845,1778515593194,5818.1,741,24.88,52.07,-1,-1,506,510
7846,1778515593923,5818.8,728,24.88,52.08,-1,-1,507,510
7847,1778515594668,5819.6,745,24.88,52.08,-1,-1,507,510
7848,1778515595412,5820.3,743,24.87,52.09,-1,-1,507,510
7849,1778515596132,5821.0,720,24.87,52.10,-1,-1,507,510
7850,1778515596834,5821.7,702,24.87,52.10,-1,-1,507,510
7851,1778515597508,5822.4,674,24.86,52.11,3638,120,507,510
7852,1778515598230,5823.1,719,24.86,52.10,-1,-1,508,510
7853,1778515598948,5823.8,718,24.86,52.11,-1,-1,508,510
7854,1778515599671,5824.6,723,24.85,52.11,-1,-1,508,510
7855,1778515600662,5825.6,722,24.86,52.12,-1,-1,508,510
7856,1778515601389,5826.3,727,24.86,52.13,-1,-1,508,510
7857,1778515602128,5827.0,738,24.86,52.12,-1,-1,508,510
7858,1778515603130,5828.0,792,24.87,52.13,-1,-1,509,510
7859,1778515603892,5828.8,762,24.86,52.12,-1,-1,509,510
7860,1778515604611,5829.5,719,24.86,52.11,-1,-1,509,510
7861,1778515605348,5830.2,737,24.86,52.12,-1,-1,509,510
7862,1778515606086,5831.0,736,24.85,52.11,-1,-1,509,510
7863,1778515606825,5831.7,739,24.85,52.12,-1,-1,509,510
7864,1778515607556,5832.5,731,24.85,52.11,-1,-1,510,510
7865,1778515608268,5833.2,712,24.84,52.10,-1,-1,510,510
7866,1778515608998,5833.9,730,24.84,52.10,-1,-1,510,510
7867,1778515609713,5834.6,715,24.84,52.10,-1,-1,510,510
7868,1778515610430,5835.3,716,24.83,52.10,-1,-1,510,510
7869,1778515611138,5836.0,708,24.83,52.09,-1,-1,486,510
7870,1778515611869,5836.8,731,24.83,52.08,-1,-1,486,510
7871,1778515612592,5837.5,723,24.83,52.09,-1,-1,486,510
7872,1778515613316,5838.2,722,24.82,52.08,-1,-1,486,510
7873,1778515614052,5838.9,736,24.82,52.08,-1,-1,486,510
7874,1778515614778,5839.7,725,24.82,52.07,-1,-1,486,510
7875,1778515615507,5840.4,729,24.81,52.06,-1,-1,486,510
7876,1778515616455,5841.3,735,24.82,52.07,-1,-1,487,510
7877,1778515617198,5842.1,742,24.82,52.08,-1,-1,487,510
7878,1778515617915,5842.8,717,24.82,52.07,-1,-1,487,510
7879,1778515618652,5843.5,737,24.81,52.06,-1,-1,487,510
7880,1778515619405,5844.3,753,24.81,52.07,-1,-1,487,510
7881,1778515620157,5845.1,752,24.81,52.07,-1,-1,487,510
7882,1778515620888,5845.8,729,24.80,52.07,-1,-1,488,510
7883,1778515621859,5846.8,731,24.81,52.07,-1,-1,488,510
7884,1778515622586,5847.5,726,24.81,52.07,-1,-1,488,510
7885,1778515623299,5848.2,713,24.81,52.07,-1,-1,488,510
7886,1778515624015,5848.9,716,24.80,52.07,-1,-1,488,510
7887,1778515624765,5849.7,749,24.80,52.06,-1,-1,488,510
7888,1778515625497,5850.4,732,24.80,52.05,-1,-1,489,510
7889,1778515626227,5851.1,730,24.79,52.05,-1,-1,489,510
7890,1778515626955,5851.8,728,24.79,52.04,-1,-1,489,510
7891,1778515627705,5852.6,749,24.79,52.03,-1,-1,489,510
7892,1778515628427,5853.3,720,24.78,52.03,-1,-1,489,510
7893,1778515629168,5854.1,740,24.78,52.03,-1,-1,489,510
7894,1778515629899,5854.8,731,24.78,52.03,-1,-1,489,510
7895,1778515630651,5855.5,752,24.78,52.03,-1,-1,490,510
7896,1778515631406,5856.3,755,24.77,52.03,-1,-1,490,510
7897,1778515632147,5857.0,741,24.77,52.02,-1,-1,490,510
7898,1778515632860,5857.8,713,24.77,52.03,-1,-1,490,510
7899,1778515633597,5858.5,737,24.76,52.03,-1,-1,490,510
7900,1778515634327,5859.2,730,24.76,52.03,-1,-1,490,510
7901,1778515635068,5860.0,740,24.76,52.02,3638,120,491,510
7902,1778515635816,5860.7,746,24.75,52.02,-1,-1,491,510
7903,1778515636540,5861.4,723,24.75,52.03,-1,-1,491,510
7904,1778515637503,5862.4,731,24.76,52.04,-1,-1,491,510
7905,1778515638430,5863.3,717,24.77,52.04,-1,-1,491,510
7906,1778515639357,5864.3,720,24.78,52.05,-1,-1,491,510
7907,1778515640077,5865.0,720,24.78,52.04,-1,-1,492,510
7908,1778515640795,5865.7,718,24.77,52.04,-1,-1,492,510
7909,1778515641703,5866.6,707,24.78,52.04,-1,-1,492,510
7910,1778515642630,5867.5,717,24.79,52.05,-1,-1,492,510
7911,1778515643358,5868.3,727,24.79,52.04,-1,-1,492,510
7912,1778515644316,5869.2,709,24.80,52.05,-1,-1,492,510
7913,1778515645052,5869.9,735,24.79,52.04,-1,-1,493,510
7914,1778515645986,5870.9,712,24.80,52.05,-1,-1,493,510
7915,1778515646715,5871.6,729,24.80,52.04,-1,-1,493,510
7916,1778515647571,5872.5,697,24.81,52.05,-1,-1,493,510
7917,1778515648293,5873.2,722,24.81,52.04,-1,-1,493,510
7918,1778515649020,5873.9,727,24.80,52.03,-1,-1,493,510
7919,1778515649744,5874.6,724,24.80,52.03,-1,-1,493,510
7920,1778515650490,5875.4,746,24.80,52.03,-1,-1,494,510
7921,1778515651234,5876.1,744,24.79,52.04,-1,-1,494,510
7922,1778515651979,5876.9,743,24.79,52.04,-1,-1,494,510
7923,1778515652708,5877.6,729,24.79,52.04,-1,-1,494,510
7924,1778515653431,5878.3,722,24.79,52.04,-1,-1,494,510
7925,1778515654190,5879.1,758,24.78,52.04,-1,-1,494,510
7926,1778515654948,5879.8,758,24.78,52.03,-1,-1,495,510
7927,1778515655684,5880.6,736,24.78,52.04,-1,-1,495,510
7928,1778515656412,5881.3,728,24.77,52.03,-1,-1,495,510
7929,1778515657331,5882.2,707,24.78,52.04,-1,-1,495,510
7930,1778515658051,5882.9,719,24.78,52.03,-1,-1,495,510
7931,1778515658772,5883.7,720,24.78,52.04,-1,-1,495,510
7932,1778515659501,5884.4,727,24.77,52.03,-1,-1,496,510
7933,1778515660244,5885.1,742,24.77,52.02,-1,-1,496,510
7934,1778515660991,5885.9,747,24.77,52.02,-1,-1,496,510
7935,1778515661693,5886.6,702,24.76,52.02,-1,-1,496,510
7936,1778515662428,5887.3,735,24.76,52.02,-1,-1,496,510
7937,1778515663387,5888.3,740,24.77,52.02,-1,-1,496,510
7938,1778515664325,5889.2,736,24.78,52.03,-1,-1,497,510
7939,1778515665068,5890.0,742,24.78,52.02,-1,-1,497,510
7940,1778515665782,5890.7,714,24.77,52.02,-1,-1,497,510
7941,1778515666732,5891.6,734,24.78,52.02,-1,-1,497,510
7942,1778515667465,5892.4,731,24.78,52.03,-1,-1,497,510
7943,1778515668184,5893.1,718,24.78,52.03,-1,-1,497,510
7944,1778515668902,5893.8,718,24.77,52.04,-1,-1,497,510
7945,1778515669604,5894.5,702,24.77,52.05,-1,-1,498,510
7946,1778515670342,5895.2,738,24.77,52.04,-1,-1,498,510
7947,1778515671309,5896.2,727,24.78,52.04,-1,-1,498,510
7948,1778515672050,5896.9,741,24.77,52.05,-1,-1,499,510
7949,1778515672793,5897.7,743,24.77,52.04,-1,-1,498,510
7950,1778515673751,5898.6,714,24.78,52.05,-1,-1,498,510
7951,1778515674486,5899.4,734,24.78,52.04,3638,120,500,510
7952,1778515675196,5900.1,707,24.77,52.04,-1,-1,499,510
7953,1778515675899,5900.8,702,24.77,52.03,-1,-1,499,510
7954,1778515676641,5901.5,741,24.77,52.02,-1,-1,499,510
7955,1778515677370,5902.3,728,24.76,52.03,-1,-1,499,510
7956,1778515678269,5903.2,722,24.77,52.04,-1,-1,499,510
7957,1778515678985,5903.9,716,24.77,52.03,-1,-1,501,510
7958,1778515679708,5904.6,722,24.77,52.04,-1,-1,500,510
7959,1778515680640,5905.5,735,24.78,52.04,-1,-1,500,510
7960,1778515681356,5906.3,715,24.77,52.04,-1,-1,501,510
7961,1778515682301,5907.2,720,24.78,52.04,-1,-1,500,510
7962,1778515683213,5908.1,733,24.79,52.05,-1,-1,500,510
7963,1778515683928,5908.8,715,24.79,52.05,-1,-1,502,510
7964,1778515684842,5909.7,716,24.80,52.06,-1,-1,501,510
7965,1778515685795,5910.7,736,24.81,52.07,-1,-1,502,510
7966,1778515686730,5911.6,725,24.82,52.07,-1,-1,502,510
7967,1778515687452,5912.3,722,24.81,52.06,-1,-1,502,510
7968,1778515688169,5913.1,717,24.81,52.06,-1,-1,502,510
7969,1778515689123,5914.0,740,24.82,52.06,-1,-1,503,510
7970,1778515689865,5914.8,742,24.82,52.07,-1,-1,503,510
7971,1778515690594,5915.5,727,24.81,52.08,-1,-1,503,510
7972,1778515691328,5916.2,733,24.81,52.08,-1,-1,503,510
7973,1778515692045,5916.9,717,24.81,52.08,-1,-1,503,510
7974,1778515692762,5917.7,717,24.81,52.07,-1,-1,503,510
7975,1778515693868,5918.8,730,24.82,52.08,-1,-1,503,510
7976,1778515694595,5919.5,727,24.81,52.07,-1,-1,504,510
7977,1778515695554,5920.4,724,24.82,52.07,-1,-1,504,510
7978,1778515696452,5921.3,725,24.83,52.08,-1,-1,504,510
7979,1778515697176,5922.1,723,24.83,52.07,-1,-1,504,510
7980,1778515697901,5922.8,725,24.82,52.07,-1,-1,504,510
7981,1778515698621,5923.5,719,24.82,52.07,-1,-1,504,510
7982,1778515699351,5924.2,729,24.82,52.07,-1,-1,505,510
7983,1778515700060,5925.0,709,24.82,52.07,-1,-1,505,510
7984,1778515700985,5925.9,706,24.82,52.08,-1,-1,505,510
7985,1778515701711,5926.6,725,24.82,52.07,-1,-1,505,510
7986,1778515702434,5927.3,723,24.82,52.08,-1,-1,505,510
7987,1778515703169,5928.1,735,24.82,52.07,-1,-1,505,510
7988,1778515703905,5928.8,736,24.81,52.07,-1,-1,506,510
7989,1778515704637,5929.5,731,24.81,52.07,-1,-1,506,510
7990,1778515705600,5930.5,728,24.82,52.08,-1,-1,506,510
7991,1778515706320,5931.2,719,24.82,52.08,-1,-1,506,510
7992,1778515707210,5932.1,723,24.82,52.09,-1,-1,506,510
7993,1778515708118,5933.0,723,24.83,52.10,-1,-1,506,510
7994,1778515708837,5933.7,719,24.83,52.10,-1,-1,507,510
7995,1778515709752,5934.6,709,24.84,52.11,-1,-1,507,510
7996,1778515710470,5935.4,717,24.84,52.11,-1,-1,507,510
7997,1778515711188,5936.1,718,24.83,52.12,-1,-1,507,510
7998,1778515711911,5936.8,723,24.83,52.11,-1,-1,507,510
7999,1778515712650,5937.5,738,24.83,52.11,-1,-1,507,510
8000,1778515713373,5938.3,723,24.82,52.10,-1,-1,508,510
8001,1778515714099,5939.0,726,24.82,52.11,3638,120,508,510
8002,1778515715090,5940.0,737,24.83,52.11,-1,-1,508,510
8003,1778515715834,5940.7,743,24.83,52.12,-1,-1,508,510
8004,1778515716560,5941.5,726,24.83,52.11,-1,-1,508,510
8005,1778515717490,5942.4,725,24.83,52.12,-1,-1,508,510
8006,1778515718232,5943.1,741,24.83,52.12,-1,-1,508,510
8007,1778515718965,5943.9,733,24.83,52.12,-1,-1,509,510
8008,1778515719887,5944.8,711,24.84,52.12,-1,-1,509,510
8009,1778515720628,5945.5,741,24.83,52.12,-1,-1,509,510
8010,1778515721546,5946.4,716,24.84,52.12,-1,-1,509,510
8011,1778515722436,5947.3,695,24.85,52.13,-1,-1,509,510
8012,1778515723411,5948.3,731,24.86,52.13,-1,-1,509,510
8013,1778515724148,5949.0,736,24.86,52.13,-1,-1,510,510
8014,1778515724876,5949.8,728,24.86,52.13,-1,-1,510,510
8015,1778515725840,5950.7,746,24.87,52.14,-1,-1,486,510
8016,1778515726586,5951.5,745,24.86,52.13,-1,-1,485,510
8017,1778515727561,5952.5,736,24.87,52.14,-1,-1,484,510
8018,1778515728283,5953.2,722,24.87,52.15,-1,-1,486,510
8019,1778515729166,5954.1,728,24.88,52.15,-1,-1,486,510
8020,1778515730066,5955.0,698,24.89,52.16,-1,-1,486,510
8021,1778515730797,5955.7,731,24.88,52.15,-1,-1,486,510
8022,1778515731524,5956.4,726,24.88,52.14,-1,-1,486,510
8023,1778515732260,5957.2,736,24.88,52.14,-1,-1,486,510
8024,1778515732988,5957.9,728,24.88,52.13,-1,-1,487,510
8025,1778515733699,5958.6,710,24.87,52.12,-1,-1,487,510
8026,1778515734625,5959.5,735,24.88,52.13,-1,-1,487,510
8027,1778515735344,5960.2,719,24.88,52.12,-1,-1,487,510
8028,1778515736253,5961.1,722,24.89,52.13,-1,-1,487,510
8029,1778515736973,5961.9,719,24.88,52.14,-1,-1,487,510
8030,1778515737709,5962.6,735,24.88,52.14,-1,-1,488,510
8031,1778515738447,5963.3,738,24.88,52.15,-1,-1,488,510
8032,1778515739180,5964.1,731,24.88,52.14,-1,-1,488,510
8033,1778515739925,5964.8,745,24.87,52.13,-1,-1,488,510
8034,1778515740811,5965.7,670,24.88,52.14,-1,-1,488,510
8035,1778515741527,5966.4,716,24.88,52.13,-1,-1,488,510
8036,1778515742237,5967.1,710,24.88,52.13,-1,-1,489,510
8037,1778515742971,5967.9,734,24.87,52.13,-1,-1,489,510
8038,1778515743700,5968.6,729,24.87,52.13,-1,-1,489,510
8039,1778515744435,5969.3,735,24.87,52.13,-1,-1,489,510
8040,1778515745165,5970.1,730,24.86,52.13,-1,-1,489,510
8041,1778515746123,5971.0,738,24.87,52.13,-1,-1,489,510
8042,1778515747058,5972.0,741,24.88,52.14,-1,-1,490,510
8043,1778515747791,5972.7,733,24.88,52.13,-1,-1,490,510
8044,1778515748506,5973.4,715,24.88,52.13,-1,-1,490,510
8045,1778515749245,5974.1,739,24.87,52.12,-1,-1,490,510
8046,1778515750196,5975.1,734,24.88,52.13,-1,-1,490,510
8047,1778515750923,5975.8,727,24.88,52.13,-1,-1,490,510
8048,1778515751635,5976.5,711,24.88,52.14,-1,-1,490,510
8049,1778515752581,5977.5,722,24.89,52.14,-1,-1,491,510
8050,1778515753300,5978.2,719,24.88,52.14,-1,-1,491,510
8051,1778515754042,5978.9,742,24.88,52.13,3638,120,491,510
8052,1778515754796,5979.7,752,24.88,52.14,-1,-1,491,510
8053,1778515755752,5980.6,738,24.89,52.14,-1,-1,491,510
8054,1778515756482,5981.4,730,24.88,52.15,-1,-1,491,510
8055,1778515757195,5982.1,713,24.88,52.14,-1,-1,492,510
8056,1778515757924,5982.8,728,24.88,52.14,-1,-1,492,510
8057,1778515758637,5983.5,713,24.87,52.13,-1,-1,492,510
8058,1778515759348,5984.2,711,24.87,52.13,-1,-1,492,510
8059,1778515760080,5985.0,732,24.87,52.14,-1,-1,492,510
8060,1778515760822,5985.7,742,24.86,52.15,-1,-1,492,510
8061,1778515761541,5986.4,719,24.86,52.14,-1,-1,493,510
8062,1778515762494,5987.4,725,24.87,52.15,-1,-1,493,510
8063,1778515763224,5988.1,729,24.87,52.15,-1,-1,493,510
8064,1778515763948,5988.8,724,24.86,52.16,-1,-1,493,510
8065,1778515764684,5989.6,736,24.86,52.15,-1,-1,493,510
8066,1778515765416,5990.3,732,24.86,52.14,-1,-1,493,510
8067,1778515766140,5991.0,724,24.85,52.15,-1,-1,493,510
8068,1778515766879,5991.8,739,24.85,52.16,-1,-1,494,510
8069,1778515767635,5992.5,756,24.85,52.16,-1,-1,494,510
8070,1778515768358,5993.3,723,24.85,52.16,-1,-1,494,510
8071,1778515769088,5994.0,730,24.84,52.15,-1,-1,494,510
8072,1778515769801,5994.7,712,24.84,52.16,-1,-1,494,510
8073,1778515770700,5995.6,714,24.85,52.16,-1,-1,494,510
8074,1778515771411,5996.3,710,24.85,52.16,-1,-1,495,510
8075,1778515772364,5997.3,729,24.85,52.16,-1,-1,495,510
8076,1778515773326,5998.2,736,24.86,52.17,-1,-1,495,510
8077,1778515774050,5998.9,723,24.86,52.16,-1,-1,495,510
8078,1778515774779,5999.7,729,24.86,52.15,-1,-1,495,510
8079,1778515775525,6000.4,746,24.85,52.16,-1,-1,495,510
8080,1778515776268,6001.2,742,24.85,52.17,-1,-1,496,510
8081,1778515777013,6001.9,744,24.85,52.16,-1,-1,496,510
8082,1778515778017,6002.9,749,24.86,52.17,-1,-1,496,510
8083,1778515778954,6003.8,722,24.87,52.17,-1,-1,496,510
8084,1778515779700,6004.6,746,24.86,52.18,-1,-1,496,510
8085,1778515780426,6005.3,726,24.86,52.17,-1,-1,496,510
8086,1778515781165,6006.1,739,24.86,52.16,-1,-1,497,510
8087,1778515781908,6006.8,743,24.85,52.16,-1,-1,497,510
8088,1778515782888,6007.8,734,24.86,52.16,-1,-1,497,510
8089,1778515783618,6008.5,730,24.86,52.17,-1,-1,497,510
8090,1778515784558,6009.5,713,24.87,52.18,-1,-1,497,510
8091,1778515785503,6010.4,733,24.88,52.18,-1,-1,497,510
8092,1778515786221,6011.1,716,24.88,52.17,-1,-1,497,510
8093,1778515786925,6011.8,703,24.87,52.18,-1,-1,498,510
8094,1778515787873,6012.8,708,24.88,52.19,-1,-1,498,510
8095,1778515788805,6013.7,736,24.89,52.19,-1,-1,498,510
8096,1778515789536,6014.4,731,24.89,52.19,-1,-1,498,510
8097,1778515790494,6015.4,732,24.90,52.19,-1,-1,498,510
8098,1778515791235,6016.1,741,24.90,52.19,-1,-1,499,510
8099,1778515791958,6016.9,723,24.89,52.18,-1,-1,499,510
8100,1778515792891,6017.8,726,24.90,52.19,-1,-1,499,510
8101,1778515793612,6018.5,721,24.90,52.18,3638,120,500,510
8102,1778515794340,6019.2,725,24.90,52.17,-1,-1,499,510
8103,1778515795081,6020.0,741,24.89,52.18,-1,-1,499,510
8104,1778515795821,6020.7,740,24.89,52.18,-1,-1,499,510
8105,1778515796557,6021.5,736,24.89,52.18,-1,-1,500,510
8106,1778515797292,6022.2,735,24.88,52.17,-1,-1,500,510
8107,1778515798004,6022.9,711,24.88,52.16,-1,-1,500,510
8108,1778515798714,6023.6,709,24.88,52.16,-1,-1,500,510
8109,1778515799697,6024.6,713,24.89,52.16,-1,-1,500,510
8110,1778515800436,6025.3,738,24.88,52.16,-1,-1,501,510
8111,1778515801158,6026.1,722,24.88,52.15,-1,-1,500,510
8112,1778515801900,6026.8,740,24.88,52.16,-1,-1,501,510
8113,1778515802641,6027.5,741,24.87,52.15,-1,-1,501,510
8114,1778515803369,6028.3,728,24.87,52.14,-1,-1,502,510
8115,1778515804099,6029.0,729,24.87,52.15,-1,-1,502,510
8116,1778515805048,6029.9,745,24.88,52.16,-1,-1,502,510
8117,1778515805972,6030.9,739,24.89,52.16,-1,-1,502,510
8118,1778515806691,6031.6,718,24.88,52.16,-1,-1,503,510
8119,1778515807412,6032.3,720,24.88,52.16,-1,-1,503,510
8120,1778515808322,6033.2,728,24.89,52.17,-1,-1,503,510
8121,1778515809052,6033.9,730,24.89,52.16,-1,-1,503,510
8122,1778515809772,6034.7,718,24.88,52.17,-1,-1,503,510
8123,1778515810513,6035.4,740,24.88,52.17,-1,-1,503,510
8124,1778515811260,6036.2,747,24.88,52.17,-1,-1,504,510
8125,1778515811989,6036.9,728,24.87,52.16,-1,-1,504,510
8126,1778515812702,6037.6,712,24.87,52.15,-1,-1,504,510
8127,1778515813420,6038.3,717,24.87,52.16,-1,-1,504,510
8128,1778515814138,6039.0,718,24.86,52.15,-1,-1,504,510
8129,1778515814873,6039.8,735,24.86,52.15,-1,-1,504,510
8130,1778515815604,6040.5,730,24.86,52.15,-1,-1,505,510
8131,1778515816327,6041.2,722,24.86,52.16,-1,-1,505,510
8132,1778515817271,6042.2,725,24.86,52.16,-1,-1,505,510
8133,1778515818000,6042.9,728,24.86,52.17,-1,-1,505,510
8134,1778515818715,6043.6,715,24.86,52.16,-1,-1,505,510
8135,1778515819431,6044.3,716,24.86,52.16,-1,-1,505,510
8136,1778515820156,6045.0,725,24.85,52.15,-1,-1,505,510
8137,1778515820892,6045.8,735,24.85,52.14,-1,-1,506,510
8138,1778515821626,6046.5,734,24.85,52.14,-1,-1,506,510
8139,1778515822356,6047.3,730,24.84,52.14,-1,-1,506,510
8140,1778515823085,6048.0,728,24.84,52.15,-1,-1,506,510
8141,1778515824042,6048.9,722,24.85,52.16,-1,-1,506,510
8142,1778515824818,6049.7,774,24.85,52.15,-1,-1,506,510
8143,1778515825518,6050.4,700,24.84,52.14,-1,-1,507,510
8144,1778515826440,6051.3,703,24.85,52.15,-1,-1,507,510
8145,1778515827166,6052.1,726,24.85,52.14,-1,-1,507,510
8146,1778515827875,6052.8,709,24.85,52.15,-1,-1,507,510
8147,1778515828610,6053.5,735,24.84,52.14,-1,-1,507,510
8148,1778515829340,6054.2,730,24.84,52.15,-1,-1,507,510
8149,1778515830289,6055.2,724,24.85,52.15,-1,-1,508,510
8150,1778515831154,6056.0,715,24.86,52.16,-1,-1,508,510
8151,1778515831860,6056.8,705,24.86,52.15,3636,122,508,510
8152,1778515832561,6057.5,699,24.85,52.16,-1,-1,508,510
8153,1778515833491,6058.4,708,24.86,52.16,-1,-1,508,510
8154,1778515834207,6059.1,715,24.86,52.16,-1,-1,508,510
8155,1778515834912,6059.8,705,24.86,52.15,-1,-1,509,510
8156,1778515835621,6060.5,709,24.85,52.15,-1,-1,509,510
8157,1778515836530,6061.4,712,24.86,52.15,-1,-1,509,510
8158,1778515837254,6062.1,724,24.86,52.15,-1,-1,509,510
8159,1778515837961,6062.9,706,24.86,52.14,-1,-1,509,510
8160,1778515838676,6063.6,715,24.85,52.13,-1,-1,509,510
8161,1778515839393,6064.3,717,24.85,52.14,-1,-1,509,510
8162,1778515840301,6065.2,718,24.86,52.14,-1,-1,510,510
8163,1778515841187,6066.1,713,24.87,52.15,-1,-1,510,510
8164,1778515841911,6066.8,723,24.87,52.16,-1,-1,510,510
8165,1778515842880,6067.8,717,24.87,52.16,-1,-1,484,510
8166,1778515843802,6068.7,713,24.88,52.17,-1,-1,485,510
8167,1778515844522,6069.4,720,24.88,52.17,-1,-1,486,510
8168,1778515845234,6070.1,712,24.88,52.17,-1,-1,485,510
8169,1778515846184,6071.1,729,24.89,52.17,-1,-1,485,510
8170,1778515846190,6071.1,6,24.88,52.17,-1,-1,486,510
8171,1778515846196,6071.1,5,24.88,52.17,-1,-1,486,510
8172,1778515846923,6071.8,724,24.88,52.17,-1,-1,487,510
8173,1778515847659,6072.6,736,24.87,52.17,-1,-1,487,510
8174,1778515848623,6073.5,737,24.88,52.18,-1,-1,487,510
8175,1778515849356,6074.3,733,24.88,52.17,-1,-1,487,510
8176,1778515850077,6075.0,721,24.88,52.18,-1,-1,487,510
8177,1778515850826,6075.7,748,24.87,52.17,-1,-1,487,510
8178,1778515851753,6076.6,706,24.88,52.18,-1,-1,487,510
8179,1778515852475,6077.4,721,24.88,52.17,-1,-1,488,510
8180,1778515853372,6078.3,717,24.89,52.18,-1,-1,488,510
8181,1778515854099,6079.0,727,24.89,52.17,-1,-1,488,510
8182,1778515854828,6079.7,727,24.88,52.16,-1,-1,488,510
8183,1778515855758,6080.7,743,24.89,52.17,-1,-1,488,510
8184,1778515856640,6081.5,709,24.90,52.17,-1,-1,488,510
8185,1778515857374,6082.3,733,24.90,52.18,-1,-1,489,510
8186,1778515858093,6083.0,719,24.90,52.17,-1,-1,489,510
8187,1778515858809,6083.7,716,24.89,52.18,-1,-1,489,510
8188,1778515859532,6084.4,723,24.89,52.19,-1,-1,489,510
8189,1778515860478,6085.4,752,24.90,52.19,-1,-1,489,510
8190,1778515861200,6086.1,722,24.90,52.19,-1,-1,489,510
8191,1778515861205,6086.1,4,24.89,52.18,-1,-1,490,510
8192,1778515862111,6087.0,714,24.90,52.19,-1,-1,490,510
8193,1778515862831,6087.7,720,24.90,52.19,-1,-1,490,510
8194,1778515863764,6088.7,708,24.91,52.20,-1,-1,490,510
8195,1778515864719,6089.6,741,24.92,52.20,-1,-1,490,510
8196,1778515865451,6090.3,731,24.91,52.20,-1,-1,490,510
8197,1778515866405,6091.3,721,24.92,52.20,-1,-1,491,510
8198,1778515867342,6092.2,720,24.93,52.21,-1,-1,491,510
8199,1778515868274,6093.2,722,24.94,52.21,-1,-1,491,510
8200,1778515868997,6093.9,723,24.94,52.21,-1,-1,491,510
8201,1778515869915,6094.8,722,24.95,52.21,3636,122,491,510
8202,1778515870644,6095.5,727,24.95,52.21,-1,-1,491,510
8203,1778515871371,6096.3,726,24.94,52.21,-1,-1,492,510
8204,1778515872301,6097.2,728,24.95,52.22,-1,-1,492,510
8205,1778515873012,6097.9,711,24.95,52.21,-1,-1,492,510
8206,1778515873728,6098.6,716,24.95,52.21,-1,-1,492,510
8207,1778515874453,6099.3,724,24.94,52.20,-1,-1,492,510
8208,1778515875186,6100.1,733,24.94,52.19,-1,-1,492,510
8209,1778515875916,6100.8,730,24.94,52.19,-1,-1,493,510
8210,1778515876651,6101.5,735,24.93,52.18,-1,-1,493,510
8211,1778515877384,6102.3,733,24.93,52.19,-1,-1,493,510
8212,1778515878123,6103.0,737,24.93,52.19,-1,-1,493,510
8213,1778515878843,6103.7,720,24.92,52.19,-1,-1,493,510
8214,1778515879760,6104.7,713,24.93,52.19,-1,-1,493,510
8215,1778515880697,6105.6,723,24.94,52.20,-1,-1,494,510
8216,1778515881427,6106.3,730,24.94,52.19,-1,-1,494,510
8217,1778515882154,6107.0,727,24.94,52.18,-1,-1,494,510
8218,1778515882889,6107.8,734,24.93,52.18,-1,-1,494,510
8219,1778515883630,6108.5,741,24.93,52.18,-1,-1,494,510
8220,1778515884371,6109.3,741,24.93,52.18,-1,-1,494,510
8221,1778515885108,6110.0,736,24.92,52.17,-1,-1,494,510
8222,1778515885115,6110.0,5,24.92,52.16,-1,-1,495,510
8223,1778515886084,6111.0,728,24.93,52.17,-1,-1,495,510
8224,1778515886971,6111.9,707,24.94,52.18,-1,-1,495,510
8225,1778515887706,6112.6,735,24.94,52.17,-1,-1,495,510
8226,1778515888434,6113.3,728,24.93,52.16,-1,-1,495,510
8227,1778515889374,6114.3,744,24.94,52.17,-1,-1,495,510
8228,1778515890310,6115.2,729,24.95,52.18,-1,-1,496,510
8229,1778515891188,6116.1,706,24.96,52.18,-1,-1,496,510
8230,1778515891901,6116.8,711,24.96,52.17,-1,-1,496,510
8231,1778515892629,6117.5,728,24.95,52.17,-1,-1,496,510
8232,1778515893371,6118.3,741,24.95,52.16,-1,-1,496,510
8233,1778515894112,6119.0,740,24.95,52.16,-1,-1,496,510
8234,1778515894844,6119.7,731,24.95,52.15,-1,-1,497,510
8235,1778515895564,6120.5,720,24.94,52.16,-1,-1,497,510
8236,1778515896520,6121.4,724,24.95,52.16,-1,-1,497,510
8237,1778515897460,6122.4,747,24.96,52.17,-1,-1,497,510
8238,1778515898203,6123.1,743,24.96,52.16,-1,-1,497,510
8239,1778515898921,6123.8,718,24.95,52.15,-1,-1,497,510
8240,1778515899650,6124.5,728,24.95,52.15,-1,-1,498,510
8241,1778515900395,6125.3,745,24.95,52.14,-1,-1,498,510
8242,1778515901130,6126.0,734,24.95,52.15,-1,-1,498,510
8243,1778515901136,6126.0,6,24.94,52.14,-1,-1,498,510
8244,1778515902046,6126.9,742,24.95,52.15,-1,-1,498,510
8245,1778515902772,6127.7,726,24.95,52.14,-1,-1,498,510
8246,1778515903496,6128.4,724,24.95,52.13,-1,-1,498,510
8247,1778515904224,6129.1,727,24.94,52.13,-1,-1,499,510
8248,1778515904972,6129.9,748,24.94,52.12,-1,-1,499,510
8249,1778515905713,6130.6,741,24.94,52.12,-1,-1,499,510
8250,1778515906428,6131.3,715,24.93,52.12,-1,-1,499,510
8251,1778515907149,6132.0,721,24.93,52.11,3636,122,499,510
8252,1778515907872,6132.8,721,24.93,52.11,-1,-1,499,510
8253,1778515908619,6133.5,747,24.92,52.11,-1,-1,500,510
8254,1778515909568,6134.5,742,24.93,52.12,-1,-1,500,510
8255,1778515910301,6135.2,733,24.93,52.11,-1,-1,501,510
8256,1778515911309,6136.2,750,24.94,52.12,-1,-1,500,510
8257,1778515912043,6136.9,734,24.94,52.11,-1,-1,501,510
8258,1778515912771,6137.7,728,24.93,52.11,-1,-1,500,510
8259,1778515913494,6138.4,722,24.93,52.11,-1,-1,500,510
8260,1778515913500,6138.4,6,24.93,52.11,-1,-1,501,510
8261,1778515914445,6139.3,731,24.94,52.11,-1,-1,501,510
8262,1778515915176,6140.1,729,24.93,52.11,-1,-1,502,510
8263,1778515915892,6140.8,716,24.93,52.10,-1,-1,501,510
8264,1778515916613,6141.5,720,24.93,52.11,-1,-1,501,510
8265,1778515916619,6141.5,6,24.92,52.11,-1,-1,501,510
8266,1778515916624,6141.5,5,24.92,52.11,-1,-1,502,510
8267,1778515917586,6142.5,741,24.93,52.11,-1,-1,502,510
8268,1778515918493,6143.4,736,24.94,52.12,-1,-1,502,510
8269,1778515919198,6144.1,704,24.94,52.12,-1,-1,503,510
8270,1778515919929,6144.8,731,24.93,52.12,-1,-1,502,510
8271,1778515920643,6145.5,714,24.93,52.11,-1,-1,503,510
8272,1778515921373,6146.3,729,24.93,52.10,-1,-1,504,510
8273,1778515922088,6147.0,714,24.92,52.10,-1,-1,504,510
8274,1778515922285,6147.2,5,24.93,52.10,-1,-1,504,510
8275,1778515923197,6148.1,719,24.94,52.11,-1,-1,504,510
8276,1778515923928,6148.8,731,24.94,52.10,-1,-1,504,510
8277,1778515924817,6149.7,715,24.95,52.11,-1,-1,504,510
8278,1778515925545,6150.4,728,24.95,52.11,-1,-1,504,510
8279,1778515926259,6151.2,714,24.94,52.11,-1,-1,505,510
8280,1778515926989,6151.9,730,24.94,52.11,-1,-1,505,510
8281,1778515926995,6151.9,6,24.94,52.11,-1,-1,505,510
8282,1778515927731,6152.6,735,24.93,52.10,-1,-1,505,510
8283,1778515928637,6153.5,730,24.94,52.11,-1,-1,505,510
8284,1778515929578,6154.5,733,24.95,52.11,-1,-1,505,510
8285,1778515930306,6155.2,727,24.95,52.12,-1,-1,506,510
8286,1778515931029,6155.9,723,24.95,52.11,-1,-1,506,510
8287,1778515931789,6156.7,759,24.94,52.12,-1,-1,506,510
8288,1778515932741,6157.6,729,24.95,52.12,-1,-1,506,510
8289,1778515933478,6158.4,736,24.95,52.12,-1,-1,506,510
8290,1778515933709,6158.6,5,24.96,52.12,-1,-1,506,510
8291,1778515934439,6159.3,730,24.95,52.12,-1,-1,506,510
8292,1778515935172,6160.1,731,24.95,52.12,-1,-1,507,510
8293,1778515935904,6160.8,732,24.95,52.12,-1,-1,507,510
8294,1778515936615,6161.5,711,24.95,52.11,-1,-1,507,510
8295,1778515937339,6162.2,724,24.94,52.12,-1,-1,507,510
8296,1778515938297,6163.2,750,24.95,52.12,-1,-1,507,510
8297,1778515938303,6163.2,6,24.95,52.12,-1,-1,507,510
8298,1778515939028,6163.9,725,24.95,52.11,-1,-1,508,510
8299,1778515939740,6164.6,712,24.94,52.11,-1,-1,508,510
8300,1778515940465,6165.4,725,24.94,52.11,-1,-1,508,510
8301,1778515941203,6166.1,738,24.94,52.10,3636,122,508,510
8302,1778515941950,6166.8,744,24.93,52.11,-1,-1,508,510
8303,1778515942883,6167.8,745,24.94,52.11,-1,-1,508,510
8304,1778515942889,6167.8,5,24.94,52.11,-1,-1,508,510
8305,1778515943614,6168.5,724,24.94,52.10,-1,-1,509,510
8306,1778515944314,6169.2,700,24.93,52.09,-1,-1,509,510
8307,1778515944319,6169.2,5,24.93,52.09,-1,-1,509,510
8308,1778515945026,6169.9,707,24.93,52.09,-1,-1,509,510
8309,1778515945763,6170.7,737,24.92,52.10,-1,-1,509,510
8310,1778515946516,6171.4,753,24.92,52.09,-1,-1,509,510
8311,1778515947270,6172.2,754,24.92,52.09,-1,-1,510,510
8312,1778515948022,6172.9,751,24.92,52.08,-1,-1,510,510
8313,1778515948755,6173.6,733,24.91,52.08,-1,-1,510,510
8314,1778515949467,6174.4,712,24.91,52.07,-1,-1,510,510
8315,1778515950150,6175.0,683,24.91,52.06,-1,-1,484,510
8316,1778515950866,6175.8,716,24.90,52.06,-1,-1,484,510
8317,1778515951602,6176.5,735,24.90,52.06,-1,-1,485,510
8318,1778515952324,6177.2,721,24.90,52.06,-1,-1,485,510
8319,1778515953049,6177.9,724,24.89,52.05,-1,-1,486,510
8320,1778515953784,6178.7,735,24.89,52.04,-1,-1,486,510
8321,1778515953790,6178.7,5,24.89,52.04,-1,-1,486,510
8322,1778515954525,6179.4,733,24.89,52.04,-1,-1,486,510
8323,1778515955264,6180.2,739,24.88,52.05,-1,-1,486,510
8324,1778515956266,6181.2,729,24.89,52.05,-1,-1,487,510
8325,1778515957219,6182.1,732,24.90,52.06,-1,-1,487,510
8326,1778515957956,6182.9,736,24.90,52.05,-1,-1,487,510
8327,1778515958683,6183.6,727,24.89,52.05,-1,-1,487,510
8328,1778515959398,6184.3,714,24.89,52.04,-1,-1,487,510
8329,1778515960131,6185.0,733,24.89,52.04,-1,-1,487,510
8330,1778515960136,6185.0,5,24.89,52.04,-1,-1,488,510
8331,1778515960870,6185.8,733,24.88,52.05,-1,-1,488,510
8332,1778515961619,6186.5,747,24.88,52.05,-1,-1,488,510
8333,1778515962348,6187.2,729,24.88,52.05,-1,-1,488,510
8334,1778515963077,6188.0,728,24.87,52.05,-1,-1,488,510
8335,1778515963818,6188.7,741,24.87,52.05,-1,-1,488,510
8336,1778515964545,6189.4,727,24.87,52.05,-1,-1,489,510
8337,1778515965313,6190.2,768,24.87,52.05,-1,-1,489,510
8338,1778515965985,6190.9,672,24.86,52.04,-1,-1,489,510
8339,1778515966829,6191.7,844,24.86,52.03,-1,-1,489,510
8340,1778515967579,6192.5,749,24.86,52.04,-1,-1,489,510
8341,1778515968307,6193.2,728,24.85,52.03,-1,-1,489,510
8342,1778515969078,6194.0,763,24.85,52.03,-1,-1,489,510
8343,1778515969822,6194.7,744,24.85,52.02,-1,-1,490,510
8344,1778515970530,6195.4,708,24.84,52.01,-1,-1,490,510
8345,1778515971251,6196.1,721,24.84,52.02,-1,-1,490,510
8346,1778515972090,6197.0,839,24.84,52.01,-1,-1,490,510
8347,1778515973345,6198.2,914,24.85,52.02,-1,-1,490,510
8348,1778515973802,6198.7,456,24.84,52.02,-1,-1,490,510
8349,1778515974315,6199.2,512,24.84,52.02,-1,-1,491,510
8350,1778515974864,6199.8,549,24.84,52.01,-1,-1,491,510
8351,1778515975526,6200.4,662,24.84,52.01,3636,122,491,510
8352,1778515976273,6201.2,744,24.83,52.00,-1,-1,491,510
8353,1778515976910,6201.8,637,24.83,51.99,-1,-1,491,510
8354,1778515977485,6202.4,575,24.83,52.00,-1,-1,491,510
8355,1778515978052,6202.9,567,24.82,51.99,-1,-1,492,510
8356,1778515978275,6203.2,5,24.83,52.00,-1,-1,492,510
8357,1778515979002,6203.9,726,24.83,51.99,-1,-1,492,510
8358,1778515979981,6204.9,710,24.84,52.00,-1,-1,492,510
8359,1778515980713,6205.6,731,24.84,51.99,-1,-1,492,510
8360,1778515981420,6206.3,707,24.83,51.99,-1,-1,492,510
8361,1778515982393,6207.3,726,24.84,51.99,-1,-1,493,510
8362,1778515983115,6208.0,719,24.84,51.99,-1,-1,493,510
8363,1778515983840,6208.7,725,24.84,51.98,-1,-1,493,510
8364,1778515984568,6209.5,728,24.83,51.97,-1,-1,493,510
8365,1778515985279,6210.2,711,24.83,51.97,-1,-1,493,510
8366,1778515985982,6210.9,703,24.83,51.97,-1,-1,493,510
8367,1778515986701,6211.6,719,24.82,51.97,-1,-1,494,510
8368,1778515986896,6211.8,5,24.83,51.97,-1,-1,494,510
8369,1778515987625,6212.5,729,24.83,51.98,-1,-1,494,510
8370,1778515988592,6213.5,736,24.84,51.98,-1,-1,494,510
8371,1778515989323,6214.2,730,24.84,51.98,-1,-1,494,510
8372,1778515990043,6214.9,717,24.83,51.97,-1,-1,494,510
8373,1778515990998,6215.9,720,24.84,51.98,-1,-1,494,510
8374,1778515991986,6216.9,725,24.85,51.98,-1,-1,495,510
8375,1778515992709,6217.6,722,24.85,51.98,-1,-1,495,510
8376,1778515993420,6218.3,710,24.84,51.98,-1,-1,495,510
8377,1778515994321,6219.2,736,24.85,51.99,-1,-1,495,510
8378,1778515995269,6220.2,721,24.86,51.99,-1,-1,495,510
8379,1778515996204,6221.1,726,24.87,52.00,-1,-1,495,510
8380,1778515997174,6222.1,729,24.88,52.00,-1,-1,496,510
8381,1778515997908,6222.8,734,24.88,52.00,-1,-1,496,510
8382,1778515998137,6223.0,5,24.89,52.00,-1,-1,496,510
8383,1778515999081,6224.0,723,24.90,52.01,-1,-1,496,510
8384,1778516000073,6225.0,745,24.90,52.02,-1,-1,496,510
8385,1778516000977,6225.9,730,24.91,52.02,-1,-1,496,510
8386,1778516001693,6226.6,715,24.91,52.02,-1,-1,497,510
8387,1778516002640,6227.5,735,24.92,52.02,-1,-1,497,510
8388,1778516003598,6228.5,739,24.93,52.03,-1,-1,497,510
8389,1778516004325,6229.2,726,24.93,52.02,-1,-1,497,510
8390,1778516004331,6229.2,5,24.92,52.03,-1,-1,497,510
8391,1778516005043,6229.9,712,24.92,52.03,-1,-1,497,510
8392,1778516005771,6230.7,725,24.92,52.04,-1,-1,498,510
8393,1778516006499,6231.4,728,24.91,52.03,-1,-1,498,510
8394,1778516007220,6232.1,720,24.91,52.04,-1,-1,498,510
8395,1778516007942,6232.8,722,24.91,52.03,-1,-1,498,510
8396,1778516008651,6233.5,709,24.90,52.04,-1,-1,498,510
8397,1778516008657,6233.6,5,24.90,52.03,-1,-1,498,510
8398,1778516009635,6234.5,747,24.91,52.04,-1,-1,498,510
8399,1778516010371,6235.3,734,24.91,52.03,-1,-1,499,510
8400,1778516011096,6236.0,724,24.90,52.04,-1,-1,499,510
8401,1778516011816,6236.7,720,24.90,52.03,3636,122,499,510
8402,1778516012044,6236.9,5,24.91,52.04,-1,-1,499,510
8403,1778516012765,6237.7,720,24.91,52.04,-1,-1,500,510
8404,1778516013682,6238.6,726,24.92,52.05,-1,-1,499,510
8405,1778516014420,6239.3,738,24.91,52.04,-1,-1,501,510
8406,1778516015364,6240.3,721,24.92,52.05,-1,-1,500,510
8407,1778516016085,6241.0,720,24.92,52.05,-1,-1,501,510
8408,1778516016809,6241.7,724,24.92,52.06,-1,-1,500,510
8409,1778516017548,6242.4,738,24.91,52.06,-1,-1,500,510
8410,1778516018275,6243.2,727,24.91,52.07,-1,-1,500,510
8411,1778516019020,6243.9,744,24.91,52.06,-1,-1,500,510
8412,1778516019760,6244.7,738,24.90,52.06,-1,-1,501,510
8413,1778516020504,6245.4,743,24.90,52.06,-1,-1,501,510
8414,1778516021247,6246.1,742,24.90,52.06,-1,-1,501,510
8415,1778516021958,6246.9,711,24.90,52.05,-1,-1,501,510
8416,1778516022691,6247.6,732,24.89,52.04,-1,-1,501,510
8417,1778516023422,6248.3,731,24.89,52.05,-1,-1,501,510
8418,1778516024145,6249.0,723,24.89,52.04,-1,-1,502,510
8419,1778516024151,6249.0,5,24.88,52.05,-1,-1,502,510
8420,1778516024896,6249.8,745,24.88,52.04,-1,-1,503,510
8421,1778516025628,6250.5,732,24.88,52.05,-1,-1,503,510
8422,1778516026370,6251.3,741,24.88,52.04,-1,-1,503,510
8423,1778516026544,6251.4,5,24.88,52.05,-1,-1,503,510
8424,1778516027469,6252.4,723,24.89,52.05,-1,-1,503,510
8425,1778516028403,6253.3,733,24.90,52.06,-1,-1,504,510
8426,1778516029142,6254.0,738,24.90,52.07,-1,-1,504,510
8427,1778516029883,6254.8,741,24.90,52.06,-1,-1,504,510
8428,1778516029888,6254.8,5,24.89,52.05,-1,-1,504,510
8429,1778516030606,6255.5,718,24.89,52.05,-1,-1,504,510
8430,1778516031562,6256.5,724,24.90,52.05,-1,-1,504,510
8431,1778516032292,6257.2,729,24.90,52.06,-1,-1,505,510
8432,1778516033019,6257.9,725,24.89,52.05,-1,-1,505,510
8433,1778516033753,6258.6,734,24.89,52.05,-1,-1,505,510
8434,1778516034475,6259.4,722,24.89,52.04,-1,-1,505,510
8435,1778516035206,6260.1,731,24.88,52.05,-1,-1,505,510
8436,1778516036157,6261.1,741,24.89,52.05,-1,-1,505,510
8437,1778516037126,6262.0,738,24.90,52.06,-1,-1,506,510
8438,1778516037851,6262.7,724,24.90,52.06,-1,-1,506,510
8439,1778516038563,6263.5,711,24.90,52.07,-1,-1,506,510
8440,1778516039283,6264.2,719,24.89,52.07,-1,-1,506,510
8441,1778516040019,6264.9,736,24.89,52.08,-1,-1,506,510
8442,1778516040915,6265.8,723,24.90,52.08,-1,-1,506,510
8443,1778516041621,6266.5,706,24.90,52.08,-1,-1,507,510
8444,1778516041627,6266.5,6,24.89,52.07,-1,-1,507,510
8445,1778516042348,6267.2,721,24.89,52.07,-1,-1,507,510
8446,1778516043089,6268.0,741,24.89,52.06,-1,-1,507,510
8447,1778516043807,6268.7,718,24.88,52.05,-1,-1,507,510
8448,1778516044521,6269.4,714,24.88,52.05,-1,-1,507,510
8449,1778516045266,6270.2,745,24.88,52.04,-1,-1,507,510
8450,1778516045996,6270.9,730,24.88,52.04,-1,-1,508,510
8451,1778516046732,6271.6,736,24.87,52.04,3636,122,508,510
8452,1778516047456,6272.4,723,24.87,52.04,-1,-1,508,510
8453,1778516048180,6273.1,724,24.87,52.03,-1,-1,508,510
8454,1778516048905,6273.8,725,24.86,52.02,-1,-1,508,510
8455,1778516049622,6274.5,717,24.86,52.02,-1,-1,508,510
8456,1778516050338,6275.2,716,24.86,52.01,-1,-1,508,510
8457,1778516051070,6276.0,732,24.86,52.00,-1,-1,509,510
8458,1778516051758,6276.7,688,24.85,52.00,-1,-1,509,510
8459,1778516052466,6277.4,708,24.85,52.00,-1,-1,509,510
8460,1778516053193,6278.1,726,24.85,52.00,-1,-1,509,510
8461,1778516053920,6278.8,727,24.84,52.00,-1,-1,509,510
8462,1778516054652,6279.5,729,24.84,52.00,-1,-1,509,510
8463,1778516055412,6280.3,760,24.84,52.00,-1,-1,510,510
8464,1778516056156,6281.0,744,24.83,52.01,-1,-1,510,510
8465,1778516056891,6281.8,735,24.83,52.00,-1,-1,510,510
8466,1778516057612,6282.5,720,24.83,52.01,-1,-1,510,510
8467,1778516058324,6283.2,712,24.83,52.00,-1,-1,484,510
8468,1778516059062,6284.0,738,24.82,52.01,-1,-1,485,510
8469,1778516059067,6284.0,5,24.82,52.00,-1,-1,485,510
8470,1778516059806,6284.7,738,24.82,52.01,-1,-1,485,510
8471,1778516060547,6285.4,741,24.81,52.00,-1,-1,485,510
8472,1778516061299,6286.2,750,24.81,52.01,-1,-1,485,510
8473,1778516062043,6286.9,743,24.81,52.00,-1,-1,485,510
8474,1778516062766,6287.7,723,24.81,51.99,-1,-1,487,510
8475,1778516063492,6288.4,726,24.80,51.99,-1,-1,487,510
8476,1778516064509,6289.4,737,24.81,51.99,-1,-1,486,510
8477,1778516065228,6290.1,718,24.81,51.99,-1,-1,487,510
8478,1778516065941,6290.8,713,24.81,51.99,-1,-1,487,510
8479,1778516066694,6291.6,753,24.80,51.99,-1,-1,487,510
8480,1778516067435,6292.3,741,24.80,51.98,-1,-1,488,510
8481,1778516068165,6293.1,729,24.80,51.99,-1,-1,488,510
8482,1778516068907,6293.8,741,24.79,51.99,-1,-1,488,510
8483,1778516069641,6294.5,733,24.79,51.99,-1,-1,488,510
8484,1778516070389,6295.3,748,24.79,51.98,-1,-1,488,510
8485,1778516071135,6296.0,745,24.78,51.97,-1,-1,488,510
8486,1778516072086,6297.0,715,24.79,51.98,-1,-1,488,510
8487,1778516072805,6297.7,718,24.79,51.99,-1,-1,489,510
8488,1778516073536,6298.4,730,24.79,51.98,-1,-1,489,510
8489,1778516074268,6299.2,732,24.79,51.97,-1,-1,489,510
8490,1778516074993,6299.9,725,24.78,51.98,-1,-1,489,510
8491,1778516075718,6300.6,725,24.78,51.97,-1,-1,489,510
8492,1778516076436,6301.3,716,24.78,51.97,-1,-1,489,510
8493,1778516077169,6302.1,732,24.77,51.96,-1,-1,490,510
8494,1778516077897,6302.8,728,24.77,51.97,-1,-1,490,510
8495,1778516077902,6302.8,5,24.77,51.97,-1,-1,490,510
8496,1778516078638,6303.5,734,24.76,51.98,-1,-1,490,510
8497,1778516079377,6304.3,739,24.76,51.98,-1,-1,490,510
8498,1778516080432,6305.3,723,24.77,51.99,-1,-1,490,510
8499,1778516081177,6306.1,744,24.77,51.99,-1,-1,490,510
8500,1778516081895,6306.8,718,24.76,52.00,-1,-1,491,510
8501,1778516082636,6307.5,740,24.76,51.99,3636,122,491,510
8502,1778516083358,6308.3,720,24.76,52.00,-1,-1,491,510
8503,1778516084295,6309.2,721,24.77,52.01,-1,-1,491,510
8504,1778516085029,6309.9,732,24.76,52.01,-1,-1,491,510
8505,1778516085942,6310.8,697,24.77,52.02,-1,-1,491,510
8506,1778516086667,6311.6,724,24.77,52.02,-1,-1,492,510
8507,1778516087383,6312.3,716,24.77,52.02,-1,-1,492,510
8508,1778516088082,6313.0,699,24.76,52.01,-1,-1,492,510
8509,1778516088787,6313.7,705,24.76,52.02,-1,-1,492,510
8510,1778516089513,6314.4,725,24.76,52.01,-1,-1,492,510
8511,1778516090446,6315.3,706,24.77,52.02,-1,-1,492,510
8512,1778516091153,6316.0,705,24.77,52.02,-1,-1,493,510
8513,1778516091897,6316.8,744,24.76,52.03,-1,-1,493,510
8514,1778516092603,6317.5,706,24.76,52.02,-1,-1,493,510
8515,1778516093315,6318.2,712,24.76,52.01,-1,-1,493,510
8516,1778516094239,6319.1,713,24.77,52.02,-1,-1,493,510
8517,1778516094950,6319.8,711,24.76,52.01,-1,-1,493,510
8518,1778516095657,6320.6,707,24.76,52.01,-1,-1,494,510
8519,1778516095877,6320.8,5,24.77,52.01,-1,-1,494,510
8520,1778516096581,6321.5,704,24.77,52.02,-1,-1,494,510
8521,1778516097281,6322.2,700,24.76,52.02,-1,-1,494,510
8522,1778516098006,6322.9,723,24.76,52.03,-1,-1,494,510
8523,1778516098011,6322.9,5,24.76,52.02,-1,-1,494,510
8524,1778516098728,6323.6,717,24.75,52.02,-1,-1,494,510
8525,1778516099479,6324.4,750,24.75,52.01,-1,-1,495,510
8526,1778516100219,6325.1,740,24.75,52.02,-1,-1,495,510
8527,1778516100922,6325.8,702,24.74,52.01,-1,-1,495,510
8528,1778516101634,6326.5,712,24.74,52.01,-1,-1,495,510
8529,1778516102342,6327.2,707,24.74,52.01,-1,-1,495,510
8530,1778516103068,6328.0,725,24.74,52.02,-1,-1,495,510
8531,1778516104062,6329.0,732,24.75,52.02,-1,-1,496,510
8532,1778516104778,6329.7,713,24.74,52.03,-1,-1,496,510
8533,1778516105502,6330.4,723,24.74,52.03,-1,-1,496,510
8534,1778516106224,6331.1,721,24.74,52.04,-1,-1,496,510
8535,1778516107157,6332.1,747,24.75,52.04,-1,-1,496,510
8536,1778516108117,6333.0,723,24.75,52.05,-1,-1,496,510
8537,1778516108843,6333.7,725,24.75,52.04,-1,-1,497,510
8538,1778516109761,6334.7,714,24.76,52.05,-1,-1,497,510
8539,1778516110483,6335.4,722,24.76,52.04,-1,-1,497,510
8540,1778516111222,6336.1,738,24.75,52.05,-1,-1,497,510
8541,1778516111963,6336.9,740,24.75,52.04,-1,-1,497,510
8542,1778516112913,6337.8,726,24.76,52.05,-1,-1,497,510
8543,1778516113627,6338.5,713,24.76,52.05,-1,-1,497,510
8544,1778516114552,6339.4,703,24.77,52.06,-1,-1,498,510
8545,1778516115282,6340.2,729,24.76,52.07,-1,-1,498,510
8546,1778516116010,6340.9,728,24.76,52.06,-1,-1,498,510
8547,1778516116974,6341.9,728,24.77,52.07,-1,-1,498,510
8548,1778516117751,6342.6,777,24.77,52.07,-1,-1,498,510
8549,1778516118451,6343.3,700,24.76,52.06,-1,-1,498,510
8550,1778516119164,6344.1,713,24.76,52.06,-1,-1,499,510
8551,1778516119884,6344.8,720,24.76,52.06,3634,124,499,510
8552,1778516120626,6345.5,740,24.75,52.06,-1,-1,499,510
8553,1778516121348,6346.2,722,24.75,52.06,-1,-1,499,510
8554,1778516122078,6347.0,730,24.75,52.06,-1,-1,499,510
8555,1778516122796,6347.7,718,24.75,52.06,-1,-1,499,510
8556,1778516123547,6348.4,751,24.74,52.07,-1,-1,500,510
8557,1778516124266,6349.2,718,24.74,52.06,-1,-1,500,510
8558,1778516124995,6349.9,728,24.74,52.06,-1,-1,500,510
8559,1778516126117,6351.0,743,24.75,52.06,-1,-1,500,510
8560,1778516126123,6351.0,6,24.74,52.06,-1,-1,500,510
8561,1778516126852,6351.7,728,24.74,52.06,-1,-1,501,510
8562,1778516127571,6352.5,717,24.74,52.06,-1,-1,500,510
8563,1778516128308,6353.2,737,24.73,52.05,-1,-1,501,510
8564,1778516129351,6354.2,746,24.74,52.06,-1,-1,501,510
8565,1778516130338,6355.2,724,24.75,52.06,-1,-1,501,510
8566,1778516131080,6356.0,740,24.75,52.05,-1,-1,502,510
8567,1778516131795,6356.7,715,24.75,52.05,-1,-1,501,510
8568,1778516132745,6357.6,744,24.75,52.05,-1,-1,501,510
8569,1778516133461,6358.4,715,24.75,52.05,-1,-1,503,510
8570,1778516134179,6359.1,718,24.75,52.04,-1,-1,502,510
8571,1778516134905,6359.8,726,24.75,52.05,-1,-1,502,510
8572,1778516135634,6360.5,727,24.74,52.05,-1,-1,502,510
8573,1778516136368,6361.3,734,24.74,52.06,-1,-1,502,510
8574,1778516137096,6362.0,728,24.74,52.06,-1,-1,502,510
8575,1778516137854,6362.7,758,24.73,52.06,-1,-1,504,510
8576,1778516138587,6363.5,732,24.73,52.05,-1,-1,504,510
8577,1778516139553,6364.4,705,24.74,52.06,-1,-1,504,510
8578,1778516140266,6365.2,712,24.74,52.05,-1,-1,504,510
8579,1778516140982,6365.9,715,24.73,52.05,-1,-1,504,510
8580,1778516141715,6366.6,733,24.73,52.04,-1,-1,504,510
8581,1778516142451,6367.3,736,24.73,52.03,-1,-1,505,510
8582,1778516143172,6368.1,719,24.73,52.04,-1,-1,505,510
8583,1778516143916,6368.8,744,24.72,52.03,-1,-1,505,510
8584,1778516144651,6369.5,735,24.72,52.03,-1,-1,505,510
8585,1778516145367,6370.3,716,24.72,52.03,-1,-1,505,510
8586,1778516146072,6371.0,704,24.71,52.04,-1,-1,505,510
8587,1778516146792,6371.7,719,24.71,52.03,-1,-1,505,510
8588,1778516147558,6372.5,766,24.71,52.03,-1,-1,506,510
8589,1778516148274,6373.2,716,24.71,52.03,-1,-1,506,510
8590,1778516149009,6373.9,735,24.70,52.04,-1,-1,506,510
8591,1778516149739,6374.6,730,24.70,52.03,-1,-1,506,510
8592,1778516150473,6375.4,731,24.70,52.04,-1,-1,506,510
8593,1778516151188,6376.1,714,24.69,52.03,-1,-1,506,510
8594,1778516151902,6376.8,714,24.69,52.02,-1,-1,507,510
8595,1778516151908,6376.8,6,24.69,52.02,-1,-1,507,510
8596,1778516152628,6377.5,720,24.69,52.01,-1,-1,507,510
8597,1778516153347,6378.2,718,24.68,52.01,-1,-1,507,510
8598,1778516154443,6379.3,737,24.69,52.01,-1,-1,507,510
8599,1778516155156,6380.0,712,24.69,52.01,-1,-1,507,510
8600,1778516155883,6380.8,726,24.69,52.01,-1,-1,508,510
8601,1778516156628,6381.5,745,24.68,52.02,3634,124,508,510
8602,1778516157365,6382.3,733,24.68,52.02,-1,-1,508,510
8603,1778516158101,6383.0,736,24.68,52.02,-1,-1,508,510
8604,1778516159101,6384.0,734,24.69,52.02,-1,-1,508,510
8605,1778516159837,6384.7,736,24.68,52.02,-1,-1,508,510
8606,1778516160749,6385.6,727,24.69,52.02,-1,-1,508,510
8607,1778516161466,6386.4,717,24.69,52.02,-1,-1,509,510
8608,1778516162201,6387.1,734,24.69,52.02,-1,-1,509,510
8609,1778516162937,6387.8,736,24.68,52.02,-1,-1,509,510
8610,1778516163664,6388.6,726,24.68,52.02,-1,-1,509,510
8611,1778516164355,6389.2,691,24.68,52.03,-1,-1,509,510
8612,1778516165339,6390.2,724,24.69,52.03,-1,-1,509,510
8613,1778516166060,6391.0,720,24.68,52.03,-1,-1,510,510
8614,1778516166774,6391.7,714,24.68,52.03,-1,-1,510,510
8615,1778516167483,6392.4,708,24.68,52.04,-1,-1,510,510
8616,1778516168193,6393.1,709,24.68,52.03,-1,-1,510,510
8617,1778516168904,6393.8,711,24.67,52.04,-1,-1,484,510
8618,1778516169627,6394.5,723,24.67,52.03,-1,-1,484,510
8619,1778516170344,6395.2,717,24.67,52.02,-1,-1,485,510
8620,1778516171100,6396.0,756,24.66,52.02,-1,-1,485,510
8621,1778516171835,6396.7,735,24.66,52.01,-1,-1,485,510
8622,1778516172850,6397.7,731,24.67,52.02,-1,-1,485,510
8623,1778516173594,6398.5,744,24.67,52.01,-1,-1,486,510
8624,1778516174322,6399.2,727,24.66,52.01,-1,-1,486,510
8625,1778516175287,6400.2,718,24.67,52.01,-1,-1,486,510
8626,1778516176022,6400.9,734,24.67,52.01,-1,-1,487,510
8627,1778516176932,6401.8,731,24.68,52.01,-1,-1,487,510
8628,1778516177859,6402.8,721,24.69,52.02,-1,-1,487,510
8629,1778516178569,6403.5,709,24.68,52.01,-1,-1,487,510
8630,1778516179286,6404.2,717,24.68,52.00,-1,-1,487,510
8631,1778516180026,6404.9,739,24.68,52.00,-1,-1,488,510
8632,1778516180989,6405.9,725,24.69,52.00,-1,-1,488,510
8633,1778516180995,6405.9,5,24.68,52.00,-1,-1,488,510
8634,1778516181724,6406.6,728,24.68,51.99,-1,-1,488,510
8635,1778516182689,6407.6,727,24.69,52.00,-1,-1,488,510
8636,1778516183408,6408.3,719,24.69,51.99,-1,-1,488,510
8637,1778516184171,6409.1,762,24.68,52.00,-1,-1,488,510
8638,1778516184876,6409.8,705,24.68,51.99,-1,-1,489,510
8639,1778516185835,6410.7,711,24.69,52.00,-1,-1,489,510
8640,1778516185842,6410.7,6,24.69,51.99,-1,-1,489,510
8641,1778516186571,6411.5,729,24.68,52.00,-1,-1,489,510
8642,1778516187318,6412.2,745,24.68,51.99,-1,-1,489,510
8643,1778516188242,6413.1,723,24.69,52.00,-1,-1,489,510
8644,1778516188956,6413.9,713,24.69,52.00,-1,-1,490,510
8645,1778516189674,6414.6,718,24.68,52.00,-1,-1,490,510
8646,1778516190385,6415.3,710,24.68,52.00,-1,-1,490,510
8647,1778516191369,6416.3,723,24.69,52.01,-1,-1,490,510
8648,1778516192091,6417.0,721,24.69,52.00,-1,-1,490,510
8649,1778516192813,6417.7,722,24.68,51.99,-1,-1,490,510
8650,1778516193778,6418.7,734,24.69,52.00,-1,-1,491,510
8651,1778516194506,6419.4,727,24.69,52.01,3634,124,491,510
8652,1778516195233,6420.1,723,24.69,52.00,-1,-1,491,510
8653,1778516195974,6420.9,741,24.69,51.99,-1,-1,491,510
8654,1778516196717,6421.6,743,24.68,51.99,-1,-1,491,510
8655,1778516197402,6422.3,684,24.68,51.98,-1,-1,491,510
8656,1778516198118,6423.0,716,24.68,51.99,-1,-1,491,510
8657,1778516198818,6423.7,700,24.67,51.99,-1,-1,492,510
8658,1778516199545,6424.4,727,24.67,51.99,-1,-1,492,510
8659,1778516200459,6425.4,698,24.68,51.99,-1,-1,492,510
8660,1778516201165,6426.1,705,24.68,51.99,-1,-1,492,510
8661,1778516201892,6426.8,726,24.67,51.99,-1,-1,492,510
8662,1778516202623,6427.5,729,24.67,52.00,-1,-1,492,510
8663,1778516203349,6428.2,726,24.67,51.99,-1,-1,493,510
8664,1778516204076,6429.0,727,24.67,51.99,-1,-1,493,510
8665,1778516204845,6429.7,769,24.66,51.99,-1,-1,493,510
8666,1778516205807,6430.7,714,24.67,52.00,-1,-1,493,510
8667,1778516206747,6431.6,740,24.68,52.00,-1,-1,493,510
8668,1778516207483,6432.4,736,24.68,52.01,-1,-1,493,510
8669,1778516208205,6433.1,721,24.67,52.00,-1,-1,494,510
8670,1778516209101,6434.0,726,24.68,52.01,-1,-1,494,510
8671,1778516209835,6434.7,734,24.68,52.00,-1,-1,494,510
8672,1778516210571,6435.5,734,24.68,52.01,-1,-1,494,510
8673,1778516211546,6436.4,734,24.69,52.01,-1,-1,494,510
8674,1778516212279,6437.2,733,24.68,52.01,-1,-1,494,510
8675,1778516213003,6437.9,723,24.68,52.01,-1,-1,495,510
8676,1778516213750,6438.6,747,24.68,52.01,-1,-1,495,510
8677,1778516214491,6439.4,741,24.67,52.00,-1,-1,495,510
8678,1778516214497,6439.4,5,24.67,51.99,-1,-1,495,510
8679,1778516215235,6440.1,738,24.67,51.99,-1,-1,495,510
8680,1778516216211,6441.1,729,24.68,51.99,-1,-1,495,510
8681,1778516216940,6441.8,728,24.67,51.99,-1,-1,495,510
8682,1778516217669,6442.6,727,24.67,51.99,-1,-1,496,510
8683,1778516218391,6443.3,722,24.67,51.99,-1,-1,496,510
8684,1778516219108,6444.0,717,24.67,51.99,-1,-1,496,510
8685,1778516219845,6444.7,737,24.66,51.99,-1,-1,496,510
8686,1778516220578,6445.5,733,24.66,51.99,-1,-1,496,510
8687,1778516221323,6446.2,745,24.66,51.99,-1,-1,496,510
8688,1778516222046,6446.9,723,24.65,51.98,-1,-1,497,510
8689,1778516222786,6447.7,740,24.65,51.99,-1,-1,497,510
8690,1778516223840,6448.7,782,24.66,51.99,-1,-1,497,510
8691,1778516224563,6449.5,722,24.66,51.98,-1,-1,497,510
8692,1778516225520,6450.4,725,24.67,51.99,-1,-1,497,510
8693,1778516226419,6451.3,735,24.68,52.00,-1,-1,497,510
8694,1778516227141,6452.0,722,24.67,51.99,-1,-1,498,510
8695,1778516227863,6452.8,721,24.67,51.98,-1,-1,498,510
8696,1778516228589,6453.5,725,24.67,51.99,-1,-1,498,510
8697,1778516229330,6454.2,741,24.66,51.98,-1,-1,498,510
8698,1778516230066,6455.0,735,24.66,51.99,-1,-1,498,510
8699,1778516231001,6455.9,723,24.67,51.99,-1,-1,498,510
8700,1778516231734,6456.6,733,24.67,52.00,-1,-1,499,510
8701,1778516232716,6457.6,741,24.68,52.01,3634,124,499,510
8702,1778516233431,6458.3,712,24.67,52.00,-1,-1,499,510
8703,1778516234141,6459.0,709,24.67,51.99,-1,-1,499,510
8704,1778516235052,6459.9,732,24.68,52.00,-1,-1,499,510
8705,1778516235777,6460.7,724,24.68,52.00,-1,-1,500,510
8706,1778516236507,6461.4,730,24.67,52.01,-1,-1,499,510
8707,1778516237231,6462.1,724,24.67,52.00,-1,-1,500,510
8708,1778516238257,6463.2,730,24.68,52.01,-1,-1,500,510
8709,1778516239038,6463.9,780,24.68,52.02,-1,-1,501,510
8710,1778516239760,6464.7,722,24.67,52.01,-1,-1,500,510
8711,1778516239765,6464.7,5,24.67,52.00,-1,-1,500,510
8712,1778516240474,6465.4,707,24.67,52.00,-1,-1,500,510
8713,1778516241532,6466.4,798,24.68,52.00,-1,-1,501,510
8714,1778516242249,6467.1,717,24.67,52.00,-1,-1,502,510
8715,1778516243203,6468.1,724,24.68,52.00,-1,-1,501,510
8716,1778516243907,6468.8,702,24.68,52.00,-1,-1,502,510
8717,1778516244617,6469.5,710,24.68,51.99,-1,-1,501,510
8718,1778516245328,6470.2,711,24.67,51.98,-1,-1,501,510
8719,1778516246035,6470.9,707,24.67,51.99,-1,-1,502,510
8720,1778516246751,6471.6,715,24.67,51.98,-1,-1,502,510
8721,1778516247485,6472.4,733,24.66,51.98,-1,-1,502,510
8722,1778516248411,6473.3,722,24.67,51.98,-1,-1,502,510
8723,1778516249140,6474.0,728,24.67,51.98,-1,-1,503,510
8724,1778516249859,6474.8,719,24.67,51.97,-1,-1,503,510
8725,1778516250833,6475.7,791,24.68,51.98,-1,-1,504,510
8726,1778516250839,6475.7,6,24.67,51.98,-1,-1,504,510
8727,1778516251551,6476.4,712,24.67,51.98,-1,-1,504,510
8728,1778516252266,6477.2,715,24.67,51.98,-1,-1,504,510
8729,1778516253183,6478.1,721,24.68,51.99,-1,-1,504,510
8730,1778516253906,6478.8,723,24.67,51.98,-1,-1,504,510
8731,1778516254612,6479.5,705,24.67,51.98,-1,-1,504,510
8732,1778516255321,6480.2,707,24.67,51.97,-1,-1,505,510
8733,1778516255327,6480.2,5,24.67,51.96,-1,-1,505,510
8734,1778516256037,6480.9,710,24.66,51.97,-1,-1,505,510
8735,1778516256776,6481.7,738,24.66,51.97,-1,-1,505,510
8736,1778516256781,6481.7,5,24.66,51.98,-1,-1,505,510
8737,1778516257508,6482.4,726,24.65,51.97,-1,-1,505,510
8738,1778516258232,6483.1,724,24.65,51.98,-1,-1,505,510
8739,1778516258973,6483.9,741,24.65,51.99,-1,-1,506,510
8740,1778516258978,6483.9,5,24.65,51.99,-1,-1,506,510
8741,1778516259704,6484.6,725,24.64,52.00,-1,-1,506,510
8742,1778516260420,6485.3,714,24.64,51.99,-1,-1,506,510
8743,1778516261156,6486.0,735,24.64,52.00,-1,-1,506,510
8744,1778516261404,6486.3,6,24.65,52.00,-1,-1,506,510
8745,1778516262141,6487.0,737,24.64,52.00,-1,-1,507,510
8746,1778516262868,6487.8,727,24.64,51.99,-1,-1,507,510
8747,1778516263589,6488.5,721,24.64,51.99,-1,-1,507,510
8748,1778516264570,6489.5,725,24.65,52.00,-1,-1,507,510
8749,1778516265309,6490.2,739,24.64,52.01,-1,-1,507,510
8750,1778516266040,6490.9,731,24.64,52.00,-1,-1,507,510
8751,1778516266781,6491.7,741,24.64,51.99,3634,124,507,510
8752,1778516267525,6492.4,742,24.63,51.99,-1,-1,508,510
8753,1778516268522,6493.4,745,24.64,51.99,-1,-1,508,510
8754,1778516269453,6494.3,720,24.65,52.00,-1,-1,508,510
8755,1778516270187,6495.1,733,24.65,51.99,-1,-1,508,510
8756,1778516270920,6495.8,732,24.65,52.00,-1,-1,508,510
8757,1778516271636,6496.5,715,24.64,51.99,-1,-1,508,510
8758,1778516272558,6497.5,690,24.65,52.00,-1,-1,509,510
8759,1778516273275,6498.2,716,24.65,51.99,-1,-1,509,510
8760,1778516273979,6498.9,704,24.65,51.99,-1,-1,509,510
8761,1778516274709,6499.6,730,24.64,51.98,-1,-1,509,510
8762,1778516275616,6500.5,702,24.65,51.99,-1,-1,509,510
8763,1778516275818,6500.7,6,24.66,51.99,-1,-1,509,510
8764,1778516276523,6501.4,704,24.66,52.00,-1,-1,510,510
8765,1778516277238,6502.1,714,24.65,51.99,-1,-1,510,510
8766,1778516277944,6502.8,706,24.65,51.98,-1,-1,510,510
8767,1778516278838,6503.7,704,24.66,51.99,-1,-1,486,510
8768,1778516279551,6504.4,713,24.66,52.00,-1,-1,486,510
8769,1778516280318,6505.2,765,24.66,51.99,-1,-1,485,510
8770,1778516281259,6506.2,708,24.66,52.00,-1,-1,485,510
8771,1778516281961,6506.9,702,24.66,51.99,-1,-1,486,510
8772,1778516283036,6507.9,707,24.67,51.99,-1,-1,485,510
8773,1778516283043,6507.9,6,24.67,51.99,-1,-1,486,510
8774,1778516284017,6508.9,744,24.68,51.99,-1,-1,486,510
8775,1778516284919,6509.8,728,24.68,52.00,-1,-1,486,510
8776,1778516285680,6510.6,761,24.68,52.01,-1,-1,487,510
8777,1778516286567,6511.5,887,24.68,52.00,-1,-1,486,510
8778,1778516287356,6512.3,788,24.68,51.99,-1,-1,486,510
8779,1778516288616,6513.5,1260,24.67,52.00,-1,-1,486,510
8780,1778516289616,6514.5,833,24.68,52.00,-1,-1,487,510
8781,1778516290634,6515.5,854,24.69,52.01,-1,-1,487,510
8782,1778516291622,6516.5,986,24.69,52.00,-1,-1,488,510
8783,1778516292364,6517.3,742,24.68,52.00,-1,-1,488,510
8784,1778516293023,6517.9,659,24.68,52.00,-1,-1,488,510
8785,1778516293751,6518.6,728,24.68,52.00,-1,-1,488,510
8786,1778516294516,6519.4,581,24.69,52.00,-1,-1,489,510
8787,1778516295220,6520.1,703,24.68,52.00,-1,-1,489,510
8788,1778516295948,6520.8,728,24.68,51.99,-1,-1,489,510
8789,1778516295954,6520.8,6,24.68,52.00,-1,-1,489,510
8790,1778516296660,6521.6,706,24.68,52.00,-1,-1,489,510
8791,1778516297623,6522.5,723,24.68,52.01,-1,-1,489,510
8792,1778516298350,6523.2,725,24.68,52.00,-1,-1,490,510
8793,1778516299068,6524.0,717,24.68,52.01,-1,-1,490,510
8794,1778516299799,6524.7,729,24.68,52.00,-1,-1,490,510
8795,1778516300522,6525.4,723,24.67,52.00,-1,-1,490,510
8796,1778516301213,6526.1,691,24.67,51.99,-1,-1,490,510
8797,1778516301906,6526.8,692,24.67,51.99,-1,-1,490,510
8798,1778516302614,6527.5,707,24.66,51.99,-1,-1,490,510
8799,1778516303326,6528.2,712,24.66,51.98,-1,-1,491,510
8800,1778516303491,6528.4,5,24.67,51.99,-1,-1,491,510
8801,1778516304386,6529.3,721,24.68,51.99,3632,126,491,510
8802,1778516305108,6530.0,720,24.68,52.00,-1,-1,491,510
8803,1778516305828,6530.7,720,24.67,51.99,-1,-1,491,510
8804,1778516306815,6531.7,742,24.68,52.00,-1,-1,491,510
8805,1778516307538,6532.4,723,24.68,51.99,-1,-1,492,510
8806,1778516308448,6533.3,727,24.69,52.00,-1,-1,492,510
8807,1778516309179,6534.1,731,24.68,52.00,-1,-1,492,510
8808,1778516309865,6534.8,685,24.68,52.00,-1,-1,492,510
8809,1778516310593,6535.5,728,24.68,51.99,-1,-1,492,510
8810,1778516311533,6536.4,777,24.69,52.00,-1,-1,492,510
8811,1778516312250,6537.1,717,24.69,51.99,-1,-1,493,510
8812,1778516312945,6537.8,693,24.68,51.99,-1,-1,493,510
8813,1778516313937,6538.8,727,24.69,51.99,-1,-1,493,510
8814,1778516314148,6539.0,7,24.70,52.00,-1,-1,493,510
8815,1778516315094,6540.0,719,24.71,52.00,-1,-1,493,510
8816,1778516315813,6540.7,718,24.71,52.00,-1,-1,493,510
8817,1778516316527,6541.4,714,24.70,51.99,-1,-1,493,510
8818,1778516317237,6542.1,710,24.70,52.00,-1,-1,494,510
8819,1778516317952,6542.8,715,24.70,51.99,-1,-1,494,510
8820,1778516318674,6543.6,722,24.69,51.98,-1,-1,494,510
8821,1778516319379,6544.3,705,24.69,51.98,-1,-1,494,510
8822,1778516320111,6545.0,730,24.69,51.97,-1,-1,494,510
8823,1778516321003,6545.9,704,24.70,51.98,-1,-1,494,510
8824,1778516321698,6546.6,694,24.69,51.98,-1,-1,495,510
8825,1778516322404,6547.3,705,24.69,51.98,-1,-1,495,510
8826,1778516323117,6548.0,713,24.69,51.97,-1,-1,495,510
8827,1778516323854,6548.7,737,24.69,51.98,-1,-1,495,510
8828,1778516324591,6549.5,737,24.68,51.98,-1,-1,495,510
8829,1778516325327,6550.2,735,24.68,51.99,-1,-1,495,510
8830,1778516326286,6551.2,739,24.69,51.99,-1,-1,496,510
8831,1778516327012,6551.9,725,24.69,51.99,-1,-1,496,510
8832,1778516327739,6552.6,725,24.68,51.98,-1,-1,496,510
8833,1778516327970,6552.9,5,24.69,51.99,-1,-1,496,510
8834,1778516328697,6553.6,727,24.69,51.99,-1,-1,496,510
8835,1778516329422,6554.3,725,24.69,52.00,-1,-1,496,510
8836,1778516330148,6555.0,726,24.68,52.00,-1,-1,496,510
8837,1778516331070,6556.0,742,24.69,52.01,-1,-1,497,510
8838,1778516331807,6556.7,737,24.69,52.00,-1,-1,497,510
8839,1778516332537,6557.4,729,24.69,52.01,-1,-1,497,510
8840,1778516333260,6558.2,723,24.68,52.00,-1,-1,497,510
8841,1778516334207,6559.1,738,24.69,52.01,-1,-1,497,510
8842,1778516334938,6559.8,729,24.69,52.00,-1,-1,497,510
8843,1778516335663,6560.6,724,24.69,52.01,-1,-1,498,510
8844,1778516336399,6561.3,735,24.68,52.01,-1,-1,498,510
8845,1778516337143,6562.0,744,24.68,52.01,-1,-1,498,510
8846,1778516337852,6562.7,709,24.68,52.01,-1,-1,498,510
8847,1778516338556,6563.5,704,24.68,52.01,-1,-1,498,510
8848,1778516339261,6564.2,705,24.67,52.00,-1,-1,498,510
8849,1778516339959,6564.9,698,24.67,52.01,-1,-1,499,510
8850,1778516340687,6565.6,728,24.67,52.00,-1,-1,499,510
8851,1778516341392,6566.3,705,24.66,51.99,3630,128,499,510
8852,1778516342270,6567.2,711,24.67,52.00,-1,-1,499,510
8853,1778516342977,6567.9,706,24.67,51.99,-1,-1,499,510
8854,1778516343890,6568.8,717,24.68,52.00,-1,-1,499,510
8855,1778516344798,6569.7,713,24.69,52.00,-1,-1,500,510
8856,1778516345500,6570.4,702,24.68,52.00,-1,-1,500,510
8857,1778516346198,6571.1,698,24.68,51.99,-1,-1,500,510
8858,1778516346910,6571.8,712,24.68,52.00,-1,-1,500,510
8859,1778516347624,6572.5,714,24.68,52.00,-1,-1,500,510
8860,1778516348331,6573.2,707,24.67,52.00,-1,-1,500,510
8861,1778516349223,6574.1,702,24.68,52.00,-1,-1,500,510
8862,1778516349937,6574.8,712,24.68,52.00,-1,-1,502,510
8863,1778516350644,6575.5,706,24.68,52.00,-1,-1,501,510
8864,1778516351364,6576.3,720,24.67,52.00,-1,-1,501,510
8865,1778516352099,6577.0,735,24.67,51.99,-1,-1,501,510
8866,1778516353035,6577.9,708,24.68,52.00,-1,-1,501,510
8867,1778516353771,6578.7,736,24.68,51.99,-1,-1,502,510
8868,1778516354503,6579.4,731,24.67,51.98,-1,-1,502,510
8869,1778516355245,6580.1,741,24.67,51.99,-1,-1,502,510
8870,1778516355251,6580.1,5,24.67,51.98,-1,-1,502,510
8871,1778516355995,6580.9,744,24.66,51.98,-1,-1,502,510
8872,1778516356715,6581.6,718,24.66,51.98,-1,-1,502,510
8873,1778516357682,6582.6,754,24.67,51.99,-1,-1,502,510
8874,1778516358404,6583.3,721,24.67,51.98,-1,-1,503,510
8875,1778516359115,6584.0,711,24.66,51.99,-1,-1,503,510
8876,1778516359852,6584.7,736,24.66,51.98,-1,-1,504,510
8877,1778516360847,6585.7,742,24.67,51.99,-1,-1,503,510
8878,1778516361577,6586.5,729,24.67,51.99,-1,-1,504,510
8879,1778516362546,6587.4,729,24.68,52.00,-1,-1,504,510
8880,1778516363260,6588.2,713,24.67,51.99,-1,-1,504,510
8881,1778516363973,6588.9,713,24.67,51.99,-1,-1,505,510
8882,1778516364882,6589.8,722,24.68,51.99,-1,-1,505,510
8883,1778516365590,6590.5,708,24.68,51.99,-1,-1,505,510
8884,1778516366309,6591.2,719,24.67,51.99,-1,-1,505,510
8885,1778516367052,6591.9,743,24.67,51.99,-1,-1,505,510
8886,1778516368010,6592.9,754,24.68,51.99,-1,-1,505,510
8887,1778516368747,6593.6,736,24.68,52.00,-1,-1,506,510
8888,1778516369479,6594.4,732,24.67,51.99,-1,-1,506,510
8889,1778516370199,6595.1,719,24.67,52.00,-1,-1,506,510
8890,1778516370205,6595.1,6,24.67,51.99,-1,-1,506,510
8891,1778516370962,6595.9,757,24.67,51.99,-1,-1,506,510
8892,1778516371701,6596.6,737,24.66,51.98,-1,-1,506,510
8893,1778516372417,6597.3,716,24.66,51.98,-1,-1,506,510
8894,1778516373144,6598.0,727,24.66,51.99,-1,-1,507,510
8895,1778516373879,6598.8,734,24.65,52.00,-1,-1,507,510
8896,1778516374604,6599.5,724,24.65,51.99,-1,-1,507,510
8897,1778516375620,6600.5,736,24.66,52.00,-1,-1,507,510
8898,1778516376339,6601.2,718,24.66,51.99,-1,-1,507,510
8899,1778516377261,6602.2,745,24.67,51.99,-1,-1,507,510
8900,1778516378193,6603.1,743,24.67,52.00,-1,-1,508,510
8901,1778516379141,6604.0,725,24.68,52.01,3630,128,508,510
8902,1778516379874,6604.8,730,24.68,52.00,-1,-1,508,510
8903,1778516380757,6605.7,715,24.69,52.00,-1,-1,508,510
8904,1778516381470,6606.4,713,24.69,52.01,-1,-1,508,510
8905,1778516382380,6607.3,726,24.69,52.02,-1,-1,508,510
8906,1778516383132,6608.0,752,24.69,52.02,-1,-1,509,510
8907,1778516383850,6608.7,718,24.69,52.02,-1,-1,509,510
8908,1778516384581,6609.5,731,24.69,52.01,-1,-1,509,510
8909,1778516385306,6610.2,725,24.68,52.01,-1,-1,509,510
8910,1778516385311,6610.2,5,24.68,52.01,-1,-1,509,510
8911,1778516385317,6610.2,5,24.68,52.00,-1,-1,509,510
8912,1778516386027,6610.9,708,24.67,52.00,-1,-1,509,510
8913,1778516386717,6611.6,689,24.67,51.99,-1,-1,510,510
8914,1778516387450,6612.3,732,24.67,51.99,-1,-1,510,510
8915,1778516388180,6613.1,730,24.67,51.99,-1,-1,510,510
8916,1778516388896,6613.8,716,24.66,51.99,-1,-1,484,510
8917,1778516389610,6614.5,713,24.66,51.98,-1,-1,484,510
8918,1778516390350,6615.2,740,24.66,51.98,-1,-1,485,510
8919,1778516391082,6616.0,732,24.66,51.99,-1,-1,485,510
8920,1778516391820,6616.7,738,24.65,51.98,-1,-1,485,510
8921,1778516392549,6617.4,729,24.65,51.98,-1,-1,485,510
8922,1778516392736,6617.6,5,24.66,51.98,-1,-1,485,510
8923,1778516393625,6618.5,729,24.67,51.99,-1,-1,485,510
8924,1778516394348,6619.2,722,24.66,51.99,-1,-1,486,510
8925,1778516395067,6620.0,719,24.66,52.00,-1,-1,486,510
8926,1778516395791,6620.7,723,24.66,52.01,-1,-1,487,510
8927,1778516396533,6621.4,741,24.66,52.00,-1,-1,486,510
8928,1778516397486,6622.4,742,24.66,52.00,-1,-1,486,510
8929,1778516398219,6623.1,733,24.66,52.00,-1,-1,487,510
8930,1778516398945,6623.8,726,24.66,51.99,-1,-1,487,510
8931,1778516399686,6624.6,740,24.66,52.00,-1,-1,488,510
8932,1778516400453,6625.3,765,24.65,51.99,-1,-1,488,510
8933,1778516401193,6626.1,740,24.65,51.99,-1,-1,488,510
8934,1778516401895,6626.8,701,24.65,51.99,-1,-1,488,510
8935,1778516402828,6627.7,757,24.66,52.00,-1,-1,488,510
8936,1778516403556,6628.5,728,24.65,51.99,-1,-1,488,510
8937,1778516404264,6629.2,708,24.65,51.99,-1,-1,489,510
8938,1778516405219,6630.1,737,24.66,51.99,-1,-1,489,510
8939,1778516406168,6631.1,752,24.67,52.00,-1,-1,489,510
8940,1778516406905,6631.8,737,24.66,51.99,-1,-1,489,510
8941,1778516407630,6632.5,725,24.66,51.99,-1,-1,489,510
8942,1778516408374,6633.3,742,24.66,51.98,-1,-1,489,510
8943,1778516409118,6634.0,744,24.66,51.98,-1,-1,490,510
8944,1778516410057,6635.0,735,24.66,51.99,-1,-1,490,510
8945,1778516410794,6635.7,736,24.66,51.98,-1,-1,490,510
8946,1778516411722,6636.6,712,24.67,51.99,-1,-1,490,510
8947,1778516412434,6637.3,712,24.67,52.00,-1,-1,490,510
8948,1778516413156,6638.0,722,24.66,51.99,-1,-1,490,510
8949,1778516413884,6638.8,727,24.66,51.98,-1,-1,491,510
8950,1778516414604,6639.5,719,24.66,51.98,-1,-1,491,510
8951,1778516415332,6640.2,727,24.66,51.98,3630,128,491,510
8952,1778516416341,6641.2,745,24.66,51.99,-1,-1,491,510
8953,1778516417245,6642.1,725,24.67,51.99,-1,-1,491,510
8954,1778516417968,6642.9,723,24.67,52.00,-1,-1,491,510
8955,1778516418686,6643.6,718,24.67,52.00,-1,-1,492,510
8956,1778516419419,6644.3,733,24.67,52.00,-1,-1,492,510
8957,1778516420140,6645.0,721,24.66,52.00,-1,-1,492,510
8958,1778516420863,6645.8,723,24.66,52.00,-1,-1,492,510
8959,1778516421575,6646.5,711,24.66,51.99,-1,-1,492,510
8960,1778516422302,6647.2,727,24.65,51.99,-1,-1,492,510
8961,1778516423049,6647.9,747,24.65,51.99,-1,-1,492,510
8962,1778516423764,6648.7,713,24.65,51.99,-1,-1,493,510
8963,1778516424501,6649.4,737,24.65,51.98,-1,-1,493,510
8964,1778516425233,6650.1,731,24.64,51.99,-1,-1,493,510
8965,1778516425976,6650.9,742,24.64,51.99,-1,-1,493,510
8966,1778516426711,6651.6,734,24.64,52.00,-1,-1,493,510
8967,1778516427411,6652.3,699,24.63,52.00,-1,-1,493,510
8968,1778516428379,6653.3,742,24.64,52.01,-1,-1,494,510
8969,1778516429127,6654.0,748,24.64,52.00,-1,-1,494,510
8970,1778516430068,6655.0,724,24.65,52.01,-1,-1,494,510
8971,1778516431026,6655.9,744,24.66,52.01,-1,-1,494,510
8972,1778516431951,6656.8,721,24.67,52.02,-1,-1,494,510
8973,1778516432886,6657.8,732,24.67,52.02,-1,-1,494,510
8974,1778516433761,6658.7,716,24.68,52.03,-1,-1,495,510
8975,1778516434488,6659.4,726,24.68,52.02,-1,-1,495,510
8976,1778516435417,6660.3,723,24.69,52.03,-1,-1,495,510
8977,1778516436152,6661.0,734,24.69,52.03,-1,-1,495,510
8978,1778516436873,6661.8,721,24.68,52.03,-1,-1,495,510
8979,1778516437614,6662.5,740,24.68,52.03,-1,-1,495,510
8980,1778516438346,6663.2,732,24.68,52.03,-1,-1,496,510
8981,1778516439077,6664.0,730,24.67,52.02,-1,-1,496,510
8982,1778516439795,6664.7,716,24.67,52.02,-1,-1,496,510
8983,1778516440512,6665.4,717,24.67,52.01,-1,-1,496,510
8984,1778516441415,6666.3,708,24.68,52.01,-1,-1,496,510
8985,1778516442149,6667.0,734,24.67,52.01,-1,-1,496,510
8986,1778516442860,6667.8,711,24.67,52.00,-1,-1,496,510
8987,1778516443580,6668.5,720,24.67,52.01,-1,-1,497,510
8988,1778516444553,6669.4,740,24.68,52.01,-1,-1,497,510
8989,1778516445293,6670.2,739,24.67,52.01,-1,-1,497,510
8990,1778516446224,6671.1,728,24.68,52.01,-1,-1,497,510
8991,1778516446956,6671.9,730,24.68,52.02,-1,-1,497,510
8992,1778516447683,6672.6,726,24.68,52.01,-1,-1,497,510
8993,1778516448615,6673.5,718,24.69,52.02,-1,-1,498,510
8994,1778516449551,6674.4,729,24.69,52.02,-1,-1,498,510
8995,1778516450282,6675.2,731,24.69,52.02,-1,-1,498,510
8996,1778516450996,6675.9,714,24.69,52.01,-1,-1,498,510
8997,1778516451717,6676.6,721,24.69,52.01,-1,-1,498,510
8998,1778516452682,6677.6,736,24.69,52.01,-1,-1,498,510
8999,1778516453563,6678.5,720,24.70,52.02,-1,-1,499,510
9000,1778516454291,6679.2,728,24.70,52.01,-1,-1,499,510
9001,1778516455020,6679.9,729,24.70,52.01,3630,128,499,510
9002,1778516455759,6680.7,737,24.69,52.00,-1,-1,499,510
9003,1778516456467,6681.4,707,24.69,52.00,-1,-1,499,510
9004,1778516457420,6682.3,741,24.70,52.01,-1,-1,499,510
9005,1778516458158,6683.1,737,24.70,52.02,-1,-1,501,510
9006,1778516458896,6683.8,738,24.69,52.01,-1,-1,500,510
9007,1778516459824,6684.7,738,24.70,52.02,-1,-1,500,510
9008,1778516460564,6685.5,739,24.70,52.01,-1,-1,501,510
9009,1778516461296,6686.2,732,24.70,52.01,-1,-1,500,510
9010,1778516462023,6686.9,727,24.69,52.01,-1,-1,500,510
9011,1778516462763,6687.7,740,24.69,52.01,-1,-1,501,510
9012,1778516463487,6688.4,721,24.69,52.01,-1,-1,501,510
9013,1778516464212,6689.1,725,24.69,52.01,-1,-1,501,510
9014,1778516465197,6690.1,747,24.69,52.02,-1,-1,501,510
9015,1778516465936,6690.8,738,24.69,52.02,-1,-1,502,510
9016,1778516466673,6691.6,737,24.69,52.02,-1,-1,501,510
9017,1778516467416,6692.3,743,24.69,52.01,-1,-1,501,510
9018,1778516468333,6693.2,739,24.70,52.02,-1,-1,502,510
9019,1778516469055,6693.9,722,24.69,52.01,-1,-1,503,510
9020,1778516469793,6694.7,737,24.69,52.01,-1,-1,502,510
9021,1778516470710,6695.6,718,24.70,52.01,-1,-1,502,510
9022,1778516471613,6696.5,731,24.71,52.02,-1,-1,502,510
9023,1778516472328,6697.2,715,24.70,52.02,-1,-1,503,510
9024,1778516472334,6697.2,6,24.70,52.02,-1,-1,504,510
9025,1778516473062,6698.0,728,24.70,52.02,-1,-1,504,510
9026,1778516473797,6698.7,735,24.70,52.02,-1,-1,504,510
9027,1778516474549,6699.4,752,24.69,52.01,-1,-1,504,510
9028,1778516475525,6700.4,746,24.70,52.02,-1,-1,504,510
9029,1778516476269,6701.2,743,24.70,52.02,-1,-1,504,510
9030,1778516476989,6701.9,720,24.70,52.02,-1,-1,505,510
9031,1778516477740,6702.6,751,24.69,52.02,-1,-1,505,510
9032,1778516478479,6703.4,737,24.69,52.03,-1,-1,505,510
9033,1778516479192,6704.1,712,24.69,52.02,-1,-1,505,510
9034,1778516480096,6705.0,731,24.70,52.03,-1,-1,505,510
9035,1778516480804,6705.7,708,24.69,52.02,-1,-1,505,510
9036,1778516481516,6706.4,711,24.69,52.01,-1,-1,505,510
9037,1778516482228,6707.1,712,24.69,52.02,-1,-1,506,510
9038,1778516483237,6708.1,756,24.70,52.02,-1,-1,506,510
9039,1778516483971,6708.9,734,24.69,52.03,-1,-1,506,510
9040,1778516484698,6709.6,727,24.69,52.04,-1,-1,506,510
9041,1778516485423,6710.3,724,24.69,52.04,-1,-1,506,510
9042,1778516486385,6711.3,738,24.70,52.05,-1,-1,506,510
9043,1778516487115,6712.0,729,24.69,52.04,-1,-1,507,510
9044,1778516487838,6712.7,722,24.69,52.03,-1,-1,507,510
9045,1778516488565,6713.5,726,24.69,52.04,-1,-1,507,510
9046,1778516489290,6714.2,725,24.68,52.03,-1,-1,507,510
9047,1778516490025,6714.9,734,24.68,52.04,-1,-1,507,510
9048,1778516490757,6715.7,731,24.68,52.03,-1,-1,507,510
9049,1778516491666,6716.6,733,24.69,52.04,-1,-1,508,510
9050,1778516492401,6717.3,734,24.69,52.03,-1,-1,508,510
9051,1778516493132,6718.0,730,24.68,52.04,3630,128,508,510
9052,1778516494096,6719.0,733,24.69,52.04,-1,-1,508,510
9053,1778516494818,6719.7,721,24.69,52.04,-1,-1,508,510
9054,1778516495761,6720.7,733,24.70,52.04,-1,-1,508,510
9055,1778516496481,6721.4,720,24.69,52.04,-1,-1,509,510
9056,1778516497205,6722.1,724,24.69,52.03,-1,-1,509,510
9057,1778516497924,6722.8,719,24.69,52.03,-1,-1,509,510
9058,1778516498670,6723.6,746,24.69,52.03,-1,-1,509,510
9059,1778516499402,6724.3,732,24.68,52.04,-1,-1,509,510
9060,1778516500329,6725.2,735,24.69,52.04,-1,-1,509,510
9061,1778516501243,6726.1,733,24.70,52.05,-1,-1,510,510
9062,1778516501980,6726.9,735,24.70,52.04,-1,-1,510,510
9063,1778516502700,6727.6,720,24.69,52.04,-1,-1,510,510
9064,1778516503606,6728.5,726,24.70,52.04,-1,-1,485,510
9065,1778516504315,6729.2,708,24.70,52.05,-1,-1,486,510
9066,1778516505035,6729.9,720,24.70,52.04,-1,-1,485,510
9067,1778516505994,6730.9,730,24.70,52.05,-1,-1,485,510
9068,1778516506724,6731.6,730,24.70,52.05,-1,-1,486,510
9069,1778516507439,6732.3,714,24.70,52.05,-1,-1,485,510
9070,1778516508417,6733.3,735,24.71,52.05,-1,-1,485,510
9071,1778516509152,6734.0,734,24.71,52.06,-1,-1,487,510
9072,1778516509877,6734.8,723,24.70,52.05,-1,-1,486,510
9073,1778516510613,6735.5,736,24.70,52.04,-1,-1,486,510
9074,1778516511345,6736.2,732,24.70,52.05,-1,-1,486,510
9075,1778516512044,6736.9,698,24.69,52.04,-1,-1,486,510
9076,1778516512773,6737.7,729,24.69,52.04,-1,-1,487,510
9077,1778516513516,6738.4,743,24.69,52.03,-1,-1,487,510
9078,1778516514240,6739.1,724,24.69,52.03,-1,-1,487,510
9079,1778516514958,6739.9,718,24.68,52.02,-1,-1,488,510
9080,1778516515957,6740.9,749,24.69,52.03,-1,-1,487,510
9081,1778516516688,6741.6,730,24.69,52.03,-1,-1,488,510
9082,1778516517411,6742.3,721,24.69,52.03,-1,-1,488,510
9083,1778516518134,6743.0,723,24.68,52.02,-1,-1,488,510
9084,1778516518822,6743.7,688,24.68,52.03,-1,-1,489,510
9085,1778516519773,6744.7,708,24.69,52.03,-1,-1,489,510
9086,1778516520731,6745.6,727,24.70,52.04,-1,-1,489,510
9087,1778516521480,6746.4,749,24.69,52.03,-1,-1,489,510
9088,1778516522196,6747.1,716,24.69,52.02,-1,-1,489,510
9089,1778516522912,6747.8,716,24.69,52.02,-1,-1,489,510
9090,1778516523640,6748.5,728,24.69,52.02,-1,-1,490,510
9091,1778516524360,6749.3,719,24.68,52.02,-1,-1,490,510
9092,1778516525092,6750.0,730,24.68,52.01,-1,-1,490,510
9093,1778516525822,6750.7,730,24.68,52.01,-1,-1,490,510
9094,1778516526543,6751.4,720,24.68,52.00,-1,-1,490,510
9095,1778516527278,6752.2,735,24.67,52.01,-1,-1,490,510
9096,1778516528015,6752.9,737,24.67,52.01,-1,-1,491,510
9097,1778516528750,6753.6,735,24.67,52.01,-1,-1,491,510
9098,1778516529712,6754.6,740,24.68,52.01,-1,-1,491,510
9099,1778516530608,6755.5,737,24.68,52.02,-1,-1,491,510
9100,1778516531537,6756.4,728,24.69,52.02,-1,-1,491,510
9101,1778516532469,6757.4,714,24.70,52.03,3630,128,491,510
9102,1778516533197,6758.1,724,24.70,52.02,-1,-1,492,510
9103,1778516534144,6759.0,713,24.71,52.03,-1,-1,492,510
9104,1778516534875,6759.8,730,24.70,52.03,-1,-1,492,510
9105,1778516535604,6760.5,729,24.70,52.03,-1,-1,492,510
9106,1778516536333,6761.2,729,24.70,52.02,-1,-1,492,510
9107,1778516537052,6761.9,718,24.70,52.01,-1,-1,492,510
9108,1778516537950,6762.8,737,24.70,52.02,-1,-1,492,510
9109,1778516538655,6763.5,705,24.70,52.01,-1,-1,493,510
9110,1778516539373,6764.3,717,24.70,52.01,-1,-1,493,510
9111,1778516540100,6765.0,726,24.70,52.00,-1,-1,493,510
9112,1778516541002,6765.9,727,24.70,52.01,-1,-1,493,510
9113,1778516541724,6766.6,722,24.70,52.00,-1,-1,493,510
9114,1778516542458,6767.4,734,24.70,52.00,-1,-1,493,510
9115,1778516543182,6768.1,724,24.70,52.00,-1,-1,494,510
9116,1778516543931,6768.8,748,24.69,52.00,-1,-1,494,510
9117,1778516544662,6769.6,731,24.69,51.99,-1,-1,494,510
9118,1778516545397,6770.3,735,24.69,51.99,-1,-1,494,510
9119,1778516546130,6771.0,733,24.68,51.98,-1,-1,494,510
9120,1778516547110,6772.0,741,24.69,51.98,-1,-1,494,510
9121,1778516547842,6772.7,732,24.69,51.98,-1,-1,495,510
9122,1778516548581,6773.5,737,24.69,51.98,-1,-1,495,510
9123,1778516549341,6774.2,760,24.68,51.98,-1,-1,495,510
9124,1778516550072,6775.0,731,24.68,51.97,-1,-1,495,510
9125,1778516550797,6775.7,725,24.68,51.98,-1,-1,495,510
9126,1778516551530,6776.4,732,24.68,51.98,-1,-1,495,510
9127,1778516552282,6777.2,751,24.67,51.99,-1,-1,495,510
9128,1778516553004,6777.9,722,24.67,51.98,-1,-1,496,510
9129,1778516553742,6778.6,738,24.67,51.98,-1,-1,496,510
9130,1778516554701,6779.6,750,24.68,51.98,-1,-1,496,510
9131,1778516555415,6780.3,713,24.67,51.99,-1,-1,496,510
9132,1778516556136,6781.0,719,24.67,51.98,-1,-1,496,510
9133,1778516556876,6781.8,740,24.67,51.98,-1,-1,496,510
9134,1778516557805,6782.7,718,24.68,51.98,-1,-1,497,510
9135,1778516558539,6783.4,734,24.67,51.98,-1,-1,497,510
9136,1778516559258,6784.2,719,24.67,51.97,-1,-1,497,510
9137,1778516559971,6784.9,713,24.67,51.98,-1,-1,497,510
9138,1778516560695,6785.6,724,24.67,51.97,-1,-1,497,510
9139,1778516561421,6786.3,725,24.66,51.96,-1,-1,497,510
9140,1778516562396,6787.3,716,24.67,51.97,-1,-1,498,510
9141,1778516563334,6788.2,710,24.68,51.97,-1,-1,498,510
9142,1778516564253,6789.1,729,24.69,51.98,-1,-1,498,510
9143,1778516565147,6790.0,706,24.70,51.99,-1,-1,498,510
9144,1778516566068,6791.0,733,24.70,51.99,-1,-1,498,510
9145,1778516566800,6791.7,732,24.70,51.98,-1,-1,498,510
9146,1778516567757,6792.7,721,24.71,51.99,-1,-1,499,510
9147,1778516568692,6793.6,722,24.72,52.00,-1,-1,499,510
9148,1778516569627,6794.5,727,24.73,52.00,-1,-1,499,510
9149,1778516570382,6795.3,755,24.72,52.01,-1,-1,499,510
9150,1778516571086,6796.0,704,24.72,52.01,-1,-1,499,510
9151,1778516571793,6796.7,706,24.72,52.01,3630,128,499,510
9152,1778516572502,6797.4,707,24.72,52.01,-1,-1,500,510
9153,1778516573254,6798.1,751,24.71,52.00,-1,-1,500,510
9154,1778516573977,6798.9,723,24.71,52.01,-1,-1,500,510
9155,1778516574726,6799.6,748,24.71,52.00,-1,-1,500,510
9156,1778516575463,6800.4,737,24.71,52.00,-1,-1,500,510
9157,1778516576195,6801.1,732,24.70,51.99,-1,-1,500,510
9158,1778516577172,6802.1,737,24.71,52.00,-1,-1,500,510
9159,1778516577909,6802.8,737,24.71,51.99,-1,-1,502,510
9160,1778516578637,6803.5,728,24.71,51.99,-1,-1,501,510
9161,1778516579389,6804.3,752,24.70,51.98,-1,-1,501,510
9162,1778516580111,6805.0,720,24.70,51.99,-1,-1,501,510
9163,1778516580827,6805.7,716,24.70,51.98,-1,-1,501,510
9164,1778516581529,6806.4,702,24.69,51.99,-1,-1,501,510
9165,1778516582252,6807.1,723,24.69,51.98,-1,-1,502,510
9166,1778516583235,6808.1,737,24.70,51.99,-1,-1,502,510
9167,1778516583964,6808.9,729,24.70,51.98,-1,-1,503,510
9168,1778516584684,6809.6,720,24.69,51.97,-1,-1,502,510
9169,1778516585437,6810.3,753,24.69,51.97,-1,-1,502,510
9170,1778516586180,6811.1,743,24.69,51.97,-1,-1,502,510
9171,1778516586920,6811.8,739,24.69,51.98,-1,-1,503,510
9172,1778516587653,6812.5,732,24.68,51.97,-1,-1,503,510
9173,1778516588369,6813.3,716,24.68,51.98,-1,-1,503,510
9174,1778516589114,6814.0,745,24.68,51.98,-1,-1,503,510
9175,1778516590097,6815.0,748,24.69,51.99,-1,-1,503,510
9176,1778516590821,6815.7,724,24.68,51.98,-1,-1,504,510
9177,1778516591707,6816.6,716,24.69,51.99,-1,-1,505,510
9178,1778516592418,6817.3,711,24.69,51.99,-1,-1,505,510
9179,1778516593124,6818.0,706,24.69,51.99,-1,-1,505,510
9180,1778516594063,6819.0,718,24.69,51.99,-1,-1,505,510
9181,1778516594777,6819.7,714,24.69,51.99,-1,-1,505,510
9182,1778516595478,6820.4,699,24.69,51.99,-1,-1,505,510
9183,1778516596183,6821.1,705,24.69,51.99,-1,-1,505,510
9184,1778516596890,6821.8,707,24.68,51.98,-1,-1,506,510
9185,1778516597632,6822.5,741,24.68,51.99,-1,-1,506,510
9186,1778516598338,6823.2,706,24.68,51.99,-1,-1,506,510
9187,1778516599041,6823.9,701,24.68,51.99,-1,-1,506,510
9188,1778516599739,6824.6,698,24.67,51.98,-1,-1,506,510
9189,1778516600439,6825.3,700,24.67,51.98,-1,-1,506,510
9190,1778516601135,6826.0,695,24.67,51.97,-1,-1,507,510
9191,1778516601849,6826.7,714,24.67,51.96,-1,-1,507,510
9192,1778516602552,6827.4,702,24.66,51.97,-1,-1,507,510
9193,1778516603269,6828.2,717,24.66,51.96,-1,-1,507,510
9194,1778516603962,6828.9,693,24.66,51.96,-1,-1,507,510
9195,1778516604932,6829.8,705,24.67,51.96,-1,-1,507,510
9196,1778516605658,6830.6,725,24.66,51.96,-1,-1,508,510
9197,1778516606371,6831.3,712,24.66,51.95,-1,-1,508,510
9198,1778516607085,6832.0,714,24.66,51.95,-1,-1,508,510
9199,1778516607802,6832.7,717,24.65,51.94,-1,-1,508,510
9200,1778516608505,6833.4,703,24.65,51.93,-1,-1,508,510
9201,1778516609221,6834.1,715,24.65,51.93,3630,128,508,510
9202,1778516609940,6834.8,717,24.65,51.93,-1,-1,508,510
9203,1778516610652,6835.5,711,24.64,51.93,-1,-1,509,510
9204,1778516611379,6836.3,727,24.64,51.92,-1,-1,509,510
9205,1778516612359,6837.3,730,24.65,51.93,-1,-1,509,510
9206,1778516613077,6838.0,717,24.65,51.93,-1,-1,509,510
9207,1778516613812,6838.7,734,24.64,51.93,-1,-1,509,510
9208,1778516614546,6839.4,734,24.64,51.92,-1,-1,509,510
9209,1778516615279,6840.2,732,24.64,51.92,-1,-1,510,510
9210,1778516616259,6841.2,751,24.65,51.92,-1,-1,510,510
9211,1778516616989,6841.9,730,24.64,51.93,-1,-1,510,510
9212,1778516617928,6842.8,718,24.65,51.93,-1,-1,486,510
9213,1778516618643,6843.5,714,24.65,51.93,-1,-1,484,510
9214,1778516619399,6844.3,755,24.65,51.92,-1,-1,484,510
9215,1778516620095,6845.0,695,24.64,51.92,-1,-1,485,510
9216,1778516620827,6845.7,732,24.64,51.92,-1,-1,485,510
9217,1778516621573,6846.5,746,24.64,51.91,-1,-1,485,510
9218,1778516622311,6847.2,738,24.64,51.91,-1,-1,485,510
9219,1778516623046,6847.9,735,24.63,51.90,-1,-1,485,510
9220,1778516623764,6848.7,718,24.63,51.91,-1,-1,485,510
9221,1778516624495,6849.4,730,24.63,51.90,-1,-1,486,510
9222,1778516625245,6850.1,742,24.63,51.90,-1,-1,486,510
9223,1778516625956,6850.9,711,24.62,51.90,-1,-1,486,510
9224,1778516626901,6851.8,706,24.63,51.91,-1,-1,486,510
9225,1778516627639,6852.5,737,24.63,51.90,-1,-1,487,510
9226,1778516628359,6853.3,719,24.63,51.90,-1,-1,486,510
9227,1778516629077,6854.0,718,24.62,51.90,-1,-1,487,510
9228,1778516629827,6854.7,750,24.62,51.91,-1,-1,487,510
9229,1778516630569,6855.5,742,24.62,51.90,-1,-1,487,510
9230,1778516631300,6856.2,731,24.62,51.90,-1,-1,487,510
9231,1778516632249,6857.1,732,24.62,51.90,-1,-1,487,510
9232,1778516632970,6857.9,719,24.62,51.91,-1,-1,488,510
9233,1778516633688,6858.6,718,24.62,51.91,-1,-1,489,510
9234,1778516634401,6859.3,713,24.62,51.91,-1,-1,489,510
9235,1778516635114,6860.0,713,24.61,51.90,-1,-1,489,510
9236,1778516636113,6861.0,746,24.62,51.91,-1,-1,489,510
9237,1778516636855,6861.7,742,24.62,51.90,-1,-1,489,510
9238,1778516637568,6862.5,713,24.62,51.89,-1,-1,489,510
9239,1778516638508,6863.4,725,24.62,51.90,-1,-1,489,510
9240,1778516639230,6864.1,722,24.62,51.90,-1,-1,490,510
9241,1778516639954,6864.8,724,24.62,51.90,-1,-1,490,510
9242,1778516640683,6865.6,727,24.62,51.90,-1,-1,490,510
9243,1778516641420,6866.3,737,24.61,51.90,-1,-1,490,510
9244,1778516642153,6867.0,733,24.61,51.90,-1,-1,490,510
9245,1778516642866,6867.8,713,24.61,51.91,-1,-1,490,510
9246,1778516643599,6868.5,733,24.61,51.90,-1,-1,491,510
9247,1778516644325,6869.2,726,24.60,51.90,-1,-1,491,510
9248,1778516645067,6870.0,741,24.60,51.90,-1,-1,491,510
9249,1778516645812,6870.7,745,24.60,51.91,-1,-1,491,510
9250,1778516646547,6871.4,735,24.59,51.90,-1,-1,491,510
9251,1778516647555,6872.4,761,24.60,51.91,3630,128,491,510
9252,1778516648475,6873.4,718,24.61,51.91,-1,-1,492,510
9253,1778516649193,6874.1,717,24.61,51.91,-1,-1,492,510
9254,1778516650131,6875.0,718,24.62,51.91,-1,-1,492,510
9255,1778516650859,6875.8,727,24.61,51.92,-1,-1,492,510
9256,1778516651595,6876.5,735,24.61,51.91,-1,-1,492,510
9257,1778516652301,6877.2,705,24.61,51.92,-1,-1,492,510
9258,1778516653012,6877.9,711,24.61,51.91,-1,-1,492,510
9259,1778516653730,6878.6,717,24.60,51.91,-1,-1,493,510
9260,1778516654462,6879.4,732,24.60,51.91,-1,-1,493,510
9261,1778516655417,6880.3,727,24.61,51.92,-1,-1,493,510
9262,1778516656147,6881.0,727,24.61,51.92,-1,-1,493,510
9263,1778516656865,6881.8,718,24.60,51.93,-1,-1,493,510
9264,1778516657599,6882.5,734,24.60,51.92,-1,-1,493,510
9265,1778516658543,6883.4,722,24.61,51.93,-1,-1,494,510
9266,1778516659268,6884.2,725,24.61,51.92,-1,-1,494,510
9267,1778516659996,6884.9,728,24.60,51.92,-1,-1,494,510
9268,1778516660754,6885.6,756,24.60,51.92,-1,-1,494,510
9269,1778516661474,6886.4,720,24.60,51.93,-1,-1,494,510
9270,1778516662193,6887.1,719,24.60,51.92,-1,-1,494,510
9271,1778516662940,6887.8,747,24.59,51.91,-1,-1,495,510
9272,1778516663878,6888.8,721,24.60,51.92,-1,-1,495,510
9273,1778516664626,6889.5,747,24.60,51.92,-1,-1,495,510
9274,1778516665348,6890.2,721,24.60,51.93,-1,-1,495,510
9275,1778516666102,6891.0,753,24.59,51.94,-1,-1,495,510
9276,1778516666850,6891.7,747,24.59,51.93,-1,-1,495,510
9277,1778516667806,6892.7,732,24.60,51.93,-1,-1,496,510
9278,1778516668698,6893.6,708,24.61,51.94,-1,-1,496,510
9279,1778516669418,6894.3,719,24.60,51.95,-1,-1,496,510
9280,1778516670139,6895.0,721,24.60,51.95,-1,-1,496,510
9281,1778516671085,6896.0,733,24.61,51.96,-1,-1,496,510
9282,1778516672032,6896.9,730,24.62,51.96,-1,-1,496,510
9283,1778516672756,6897.6,723,24.61,51.97,-1,-1,496,510
9284,1778516673474,6898.4,718,24.61,51.96,-1,-1,497,510
9285,1778516674414,6899.3,721,24.62,51.97,-1,-1,497,510
9286,1778516675140,6900.0,726,24.62,51.97,-1,-1,497,510
9287,1778516675860,6900.8,720,24.62,51.98,-1,-1,497,510
9288,1778516676609,6901.5,749,24.61,51.97,-1,-1,497,510
9289,1778516677545,6902.4,737,24.62,51.98,-1,-1,497,510
9290,1778516678512,6903.4,732,24.63,51.98,-1,-1,498,510
9291,1778516679243,6904.1,730,24.63,51.99,-1,-1,498,510
9292,1778516679973,6904.9,728,24.62,51.98,-1,-1,498,510
9293,1778516680714,6905.6,741,24.62,51.99,-1,-1,498,510
9294,1778516681448,6906.3,734,24.62,51.99,-1,-1,498,510
9295,1778516682150,6907.0,702,24.62,51.98,-1,-1,498,510
9296,1778516683098,6908.0,709,24.62,51.99,-1,-1,499,510
9297,1778516684045,6908.9,726,24.63,52.00,-1,-1,499,510
9298,1778516684779,6909.7,734,24.63,52.00,-1,-1,499,510
9299,1778516685507,6910.4,727,24.63,51.99,-1,-1,499,510
9300,1778516686235,6911.1,727,24.62,51.99,-1,-1,499,510
9301,1778516686979,6911.9,743,24.62,51.98,3630,128,499,510
9302,1778516687714,6912.6,733,24.62,51.99,-1,-1,499,510
9303,1778516688427,6913.3,713,24.62,51.98,-1,-1,500,510
9304,1778516689358,6914.3,710,24.62,51.99,-1,-1,500,510
9305,1778516690284,6915.2,733,24.63,51.99,-1,-1,500,510
9306,1778516691233,6916.1,721,24.64,52.00,-1,-1,500,510
9307,1778516691953,6916.8,720,24.64,51.99,-1,-1,500,510
9308,1778516692650,6917.5,697,24.63,52.00,-1,-1,501,510
9309,1778516693598,6918.5,745,24.64,52.00,-1,-1,501,510
9310,1778516694317,6919.2,719,24.64,52.00,-1,-1,501,510
9311,1778516695039,6919.9,721,24.64,51.99,-1,-1,501,510
9312,1778516695774,6920.7,734,24.63,52.00,-1,-1,501,510
9313,1778516696492,6921.4,718,24.63,51.99,-1,-1,501,510
9314,1778516697210,6922.1,718,24.63,51.99,-1,-1,501,510
9315,1778516697934,6922.8,724,24.63,51.99,-1,-1,502,510
9316,1778516698913,6923.8,739,24.64,52.00,-1,-1,502,510
9317,1778516699651,6924.5,737,24.63,51.99,-1,-1,503,510
9318,1778516700380,6925.3,729,24.63,52.00,-1,-1,502,510
9319,1778516701115,6926.0,735,24.63,51.99,-1,-1,502,510
9320,1778516701849,6926.7,734,24.62,52.00,-1,-1,502,510
9321,1778516702484,6927.4,635,24.62,52.00,-1,-1,503,510
9322,1778516703224,6928.1,737,24.62,52.01,-1,-1,503,510
9323,1778516703963,6928.9,739,24.62,52.00,-1,-1,503,510
9324,1778516704684,6929.6,720,24.61,51.99,-1,-1,503,510
9325,1778516705418,6930.3,733,24.61,51.99,-1,-1,503,510
9326,1778516706157,6931.1,739,24.61,51.98,-1,-1,503,510
9327,1778516706889,6931.8,732,24.61,51.99,-1,-1,504,510
9328,1778516707616,6932.5,727,24.60,51.98,-1,-1,505,510
9329,1778516708574,6933.5,732,24.61,51.99,-1,-1,504,510
9330,1778516709285,6934.2,710,24.61,51.98,-1,-1,505,510
9331,1778516710000,6934.9,715,24.61,51.98,-1,-1,505,510
9332,1778516710721,6935.6,720,24.60,51.98,-1,-1,505,510
9333,1778516711433,6936.3,712,24.60,51.98,-1,-1,506,510
9334,1778516712404,6937.3,738,24.61,51.98,-1,-1,506,510
9335,1778516713136,6938.0,731,24.61,51.98,-1,-1,506,510
9336,1778516713855,6938.7,719,24.60,51.97,-1,-1,506,510
9337,1778516714831,6939.7,751,24.61,51.98,-1,-1,506,510
9338,1778516715794,6940.7,739,24.62,51.98,-1,-1,506,510
9339,1778516716524,6941.4,729,24.62,51.99,-1,-1,507,510
9340,1778516717251,6942.1,727,24.61,51.98,-1,-1,507,510
9341,1778516717993,6942.9,742,24.61,51.98,-1,-1,507,510
9342,1778516718731,6943.6,737,24.61,51.97,-1,-1,507,510
9343,1778516719459,6944.4,728,24.61,51.96,-1,-1,507,510
9344,1778516720202,6945.1,742,24.60,51.97,-1,-1,507,510
9345,1778516721162,6946.1,745,24.61,51.97,-1,-1,507,510
9346,1778516721906,6946.8,743,24.61,51.97,-1,-1,508,510
9347,1778516722867,6947.8,722,24.62,51.97,-1,-1,508,510
9348,1778516723583,6948.5,716,24.61,51.98,-1,-1,508,510
9349,1778516724301,6949.2,718,24.61,51.97,-1,-1,508,510
9350,1778516725037,6949.9,736,24.61,51.98,-1,-1,508,510
9351,1778516725778,6950.7,741,24.61,51.97,3630,128,508,510
9352,1778516726516,6951.4,736,24.60,51.97,-1,-1,509,510
9353,1778516727466,6952.4,742,24.61,51.97,-1,-1,509,510
9354,1778516728198,6953.1,732,24.61,51.98,-1,-1,509,510
9355,1778516729115,6954.0,718,24.62,51.98,-1,-1,509,510
9356,1778516729844,6954.7,728,24.62,51.98,-1,-1,509,510
9357,1778516730563,6955.5,719,24.61,51.97,-1,-1,509,510
9358,1778516731292,6956.2,728,24.61,51.97,-1,-1,510,510
9359,1778516732175,6957.1,711,24.62,51.97,-1,-1,510,510
9360,1778516732908,6957.8,732,24.62,51.97,-1,-1,510,510
9361,1778516733819,6958.7,712,24.62,51.97,-1,-1,485,510
9362,1778516734536,6959.4,716,24.62,51.97,-1,-1,485,510
9363,1778516735479,6960.4,731,24.63,51.97,-1,-1,485,510
9364,1778516736186,6961.1,707,24.63,51.96,-1,-1,485,510
9365,1778516736894,6961.8,708,24.62,51.97,-1,-1,485,510
9366,1778516737619,6962.5,725,24.62,51.98,-1,-1,485,510
9367,1778516738347,6963.2,728,24.62,51.97,-1,-1,485,510
9368,1778516739280,6964.2,739,24.63,51.97,-1,-1,486,510
9369,1778516740011,6964.9,731,24.62,51.97,-1,-1,487,510
9370,1778516740960,6965.9,712,24.63,51.97,-1,-1,486,510
9371,1778516741670,6966.6,709,24.63,51.98,-1,-1,487,510
9372,1778516742381,6967.3,710,24.63,51.98,-1,-1,486,510
9373,1778516743123,6968.0,742,24.62,51.99,-1,-1,486,510
9374,1778516743859,6968.8,736,24.62,51.98,-1,-1,487,510
9375,1778516744595,6969.5,736,24.62,51.98,-1,-1,487,510
9376,1778516745345,6970.2,750,24.62,51.98,-1,-1,487,510
9377,1778516746307,6971.2,731,24.62,51.99,-1,-1,487,510
9378,1778516747032,6971.9,725,24.62,51.98,-1,-1,488,510
9379,1778516747749,6972.6,717,24.62,51.98,-1,-1,487,510
9380,1778516748415,6973.3,666,24.62,51.97,-1,-1,487,510
9381,1778516749114,6974.0,698,24.61,51.97,-1,-1,488,510
9382,1778516750082,6975.0,720,24.62,51.97,-1,-1,488,510
9383,1778516750798,6975.7,715,24.62,51.98,-1,-1,489,510
9384,1778516751509,6976.4,711,24.62,51.98,-1,-1,489,510
9385,1778516752471,6977.4,747,24.62,51.99,-1,-1,489,510
9386,1778516753358,6978.3,713,24.63,51.99,-1,-1,489,510
9387,1778516754084,6979.0,725,24.63,51.99,-1,-1,490,510
9388,1778516754804,6979.7,720,24.63,51.99,-1,-1,490,510
9389,1778516755535,6980.4,731,24.62,51.99,-1,-1,490,510
9390,1778516756459,6981.4,719,24.63,51.99,-1,-1,490,510
9391,1778516757188,6982.1,727,24.63,51.99,-1,-1,490,510
9392,1778516757916,6982.8,727,24.63,51.98,-1,-1,490,510
9393,1778516758842,6983.7,731,24.64,51.99,-1,-1,491,510
9394,1778516759787,6984.7,730,24.64,51.99,-1,-1,491,510
9395,1778516760515,6985.4,728,24.64,52.00,-1,-1,491,510
9396,1778516761433,6986.3,721,24.65,52.00,-1,-1,491,510
9397,1778516762167,6987.1,733,24.65,52.01,-1,-1,491,510
9398,1778516762908,6987.8,740,24.64,52.01,-1,-1,491,510
9399,1778516763868,6988.8,737,24.65,52.02,-1,-1,492,510
9400,1778516764592,6989.5,723,24.65,52.01,-1,-1,492,510
9401,1778516765315,6990.2,722,24.65,52.01,3630,128,492,510
9402,1778516766051,6990.9,734,24.64,52.00,-1,-1,492,510
9403,1778516766772,6991.7,721,24.64,52.00,-1,-1,492,510
9404,1778516767505,6992.4,733,24.64,52.00,-1,-1,492,510
9405,1778516768444,6993.3,728,24.65,52.00,-1,-1,493,510
9406,1778516769158,6994.1,714,24.64,52.01,-1,-1,493,510
9407,1778516770076,6995.0,727,24.65,52.01,-1,-1,493,510
9408,1778516770782,6995.7,705,24.65,52.02,-1,-1,493,510
9409,1778516771672,6996.6,715,24.66,52.02,-1,-1,493,510
9410,1778516772405,6997.3,733,24.65,52.02,-1,-1,493,510
9411,1778516773352,6998.2,722,24.66,52.02,-1,-1,493,510
9412,1778516774088,6999.0,734,24.66,52.03,-1,-1,494,510
9413,1778516774820,6999.7,731,24.66,52.02,-1,-1,494,510
9414,1778516775542,7000.4,722,24.65,52.03,-1,-1,494,510
9415,1778516776268,7001.2,726,24.65,52.03,-1,-1,494,510
9416,1778516777013,7001.9,745,24.65,52.03,-1,-1,494,510
9417,1778516777965,7002.9,752,24.66,52.03,-1,-1,494,510
9418,1778516778684,7003.6,718,24.65,52.04,-1,-1,495,510
9419,1778516779625,7004.5,721,24.66,52.04,-1,-1,495,510
9420,1778516780355,7005.2,729,24.66,52.05,-1,-1,495,510
9421,1778516781073,7006.0,717,24.66,52.05,-1,-1,495,510
9422,1778516781806,7006.7,731,24.66,52.05,-1,-1,495,510
9423,1778516782558,7007.5,752,24.65,52.04,-1,-1,495,510
9424,1778516783292,7008.2,734,24.65,52.04,-1,-1,496,510
9425,1778516784023,7008.9,731,24.65,52.04,-1,-1,496,510
9426,1778516784765,7009.7,742,24.64,52.05,-1,-1,496,510
9427,1778516785729,7010.6,745,24.65,52.05,-1,-1,496,510
9428,1778516786461,7011.4,731,24.65,52.05,-1,-1,496,510
9429,1778516787402,7012.3,735,24.66,52.05,-1,-1,496,510
9430,1778516788351,7013.2,730,24.67,52.06,-1,-1,497,510
9431,1778516789083,7014.0,731,24.66,52.06,-1,-1,497,510
9432,1778516789806,7014.7,722,24.66,52.06,-1,-1,497,510
9433,1778516790531,7015.4,725,24.66,52.06,-1,-1,497,510
9434,1778516791261,7016.2,729,24.66,52.06,-1,-1,497,510
9435,1778516791994,7016.9,733,24.65,52.06,-1,-1,497,510
9436,1778516792933,7017.8,717,24.66,52.07,-1,-1,498,510
9437,1778516793647,7018.5,713,24.66,52.06,-1,-1,498,510
9438,1778516794360,7019.3,712,24.66,52.06,-1,-1,498,510
9439,1778516795291,7020.2,723,24.66,52.06,-1,-1,498,510
9440,1778516796023,7020.9,731,24.66,52.06,-1,-1,498,510
9441,1778516796750,7021.6,727,24.66,52.05,-1,-1,498,510
9442,1778516797711,7022.6,740,24.67,52.05,-1,-1,498,510
9443,1778516798427,7023.3,716,24.66,52.06,-1,-1,499,510
9444,1778516799384,7024.3,721,24.67,52.06,-1,-1,499,510
9445,1778516800112,7025.0,728,24.67,52.07,-1,-1,499,510
9446,1778516800843,7025.7,731,24.67,52.06,-1,-1,499,510
9447,1778516801568,7026.5,725,24.66,52.06,-1,-1,499,510
9448,1778516802299,7027.2,730,24.66,52.05,-1,-1,499,510
9449,1778516803215,7028.1,743,24.67,52.06,-1,-1,500,510
9450,1778516803934,7028.8,719,24.67,52.06,-1,-1,500,510
9451,1778516804667,7029.6,732,24.66,52.06,3630,128,500,510
9452,1778516805410,7030.3,740,24.66,52.05,-1,-1,500,510
9453,1778516806116,7031.0,706,24.66,52.05,-1,-1,500,510
9454,1778516806857,7031.8,740,24.66,52.04,-1,-1,500,510
9455,1778516807605,7032.5,748,24.65,52.05,-1,-1,501,510
9456,1778516808341,7033.2,736,24.65,52.05,-1,-1,501,510
9457,1778516809071,7034.0,730,24.65,52.05,-1,-1,501,510
9458,1778516809804,7034.7,733,24.65,52.05,-1,-1,501,510
9459,1778516810770,7035.7,735,24.65,52.06,-1,-1,501,510
9460,1778516811510,7036.4,740,24.65,52.06,-1,-1,502,510
9461,1778516812406,7037.3,723,24.66,52.07,-1,-1,501,510
9462,1778516813350,7038.2,733,24.67,52.07,-1,-1,502,510
9463,1778516814114,7039.0,763,24.66,52.08,-1,-1,503,510
9464,1778516814832,7039.7,718,24.66,52.07,-1,-1,502,510
9465,1778516815580,7040.5,748,24.66,52.08,-1,-1,502,510
9466,1778516816307,7041.2,727,24.66,52.07,-1,-1,502,510
9467,1778516817053,7041.9,746,24.65,52.07,-1,-1,502,510
9468,1778516818006,7042.9,743,24.66,52.07,-1,-1,503,510
9469,1778516819122,7044.0,1116,24.66,52.06,-1,-1,504,510
9470,1778516821173,7046.1,1483,24.67,52.07,-1,-1,503,510
9471,1778516823127,7048.0,1623,24.68,52.07,-1,-1,503,510
9472,1778516824099,7049.0,969,24.67,52.07,-1,-1,504,510
9473,1778516824949,7049.8,850,24.67,52.07,-1,-1,503,510
9474,1778516825906,7050.8,957,24.67,52.07,-1,-1,504,510
9475,1778516826864,7051.8,680,24.68,52.07,-1,-1,504,510
9476,1778516827603,7052.5,739,24.67,52.07,-1,-1,505,510
9477,1778516828714,7053.6,893,24.68,52.07,-1,-1,504,510
9478,1778516829646,7054.5,931,24.68,52.07,-1,-1,505,510
9479,1778516830326,7055.2,680,24.68,52.06,-1,-1,505,510
9480,1778516831062,7056.0,736,24.67,52.06,-1,-1,506,510
9481,1778516831778,7056.7,715,24.67,52.05,-1,-1,506,510
9482,1778516832886,7057.8,910,24.68,52.06,-1,-1,506,510
9483,1778516833748,7058.6,862,24.68,52.06,-1,-1,506,510
9484,1778516834411,7059.3,662,24.67,52.06,-1,-1,506,510
9485,1778516835250,7060.1,839,24.67,52.05,-1,-1,506,510
9486,1778516836032,7060.9,782,24.67,52.05,-1,-1,507,510
9487,1778516836827,7061.7,795,24.67,52.04,-1,-1,507,510
9488,1778516837558,7062.5,731,24.66,52.03,-1,-1,507,510
9489,1778516838537,7063.4,741,24.67,52.04,-1,-1,507,510
9490,1778516839339,7064.2,801,24.67,52.03,-1,-1,507,510
9491,1778516840268,7065.2,723,24.68,52.04,-1,-1,507,510
9492,1778516841155,7066.0,712,24.68,52.04,-1,-1,508,510
9493,1778516841864,7066.8,708,24.68,52.05,-1,-1,508,510
9494,1778516842577,7067.5,712,24.68,52.04,-1,-1,508,510
9495,1778516843572,7068.5,733,24.69,52.05,-1,-1,508,510
9496,1778516844306,7069.2,734,24.68,52.04,-1,-1,508,510
9497,1778516845021,7069.9,715,24.68,52.04,-1,-1,508,510
9498,1778516845751,7070.6,730,24.68,52.03,-1,-1,508,510
9499,1778516846477,7071.4,726,24.68,52.03,-1,-1,509,510
9500,1778516847207,7072.1,729,24.67,52.02,-1,-1,509,510
9501,1778516847931,7072.8,724,24.67,52.03,3626,132,509,510
9502,1778516848646,7073.5,712,24.67,52.03,-1,-1,509,510
9503,1778516849362,7074.3,716,24.67,52.03,-1,-1,509,510
9504,1778516850086,7075.0,724,24.66,52.02,-1,-1,509,510
9505,1778516850817,7075.7,731,24.66,52.01,-1,-1,510,510
9506,1778516851740,7076.6,722,24.67,52.02,-1,-1,510,510
9507,1778516852619,7077.5,694,24.68,52.02,-1,-1,510,510
9508,1778516853315,7078.2,696,24.67,52.03,-1,-1,510,510
9509,1778516854026,7078.9,711,24.67,52.02,-1,-1,484,510
9510,1778516854736,7079.6,709,24.67,52.03,-1,-1,484,510
9511,1778516855436,7080.3,700,24.67,52.02,-1,-1,485,510
9512,1778516856137,7081.0,699,24.66,52.03,-1,-1,485,510
9513,1778516857026,7081.9,719,24.67,52.03,-1,-1,485,510
9514,1778516857952,7082.8,723,24.68,52.04,-1,-1,485,510
9515,1778516858658,7083.6,706,24.68,52.03,-1,-1,485,510
9516,1778516859355,7084.2,697,24.67,52.03,-1,-1,485,510
9517,1778516860058,7085.0,703,24.67,52.03,-1,-1,486,510
9518,1778516860975,7085.9,701,24.68,52.04,-1,-1,486,510
9519,1778516861902,7086.8,709,24.69,52.04,-1,-1,486,510
9520,1778516862612,7087.5,710,24.68,52.05,-1,-1,487,510
9521,1778516863323,7088.2,711,24.68,52.05,-1,-1,486,510
9522,1778516864024,7088.9,700,24.68,52.05,-1,-1,486,510
9523,1778516864721,7089.6,696,24.68,52.05,-1,-1,487,510
9524,1778516865430,7090.3,708,24.67,52.05,-1,-1,487,510
9525,1778516866354,7091.2,699,24.68,52.05,-1,-1,487,510
9526,1778516867069,7092.0,714,24.68,52.05,-1,-1,488,510
9527,1778516867769,7092.7,700,24.68,52.04,-1,-1,487,510
9528,1778516868470,7093.4,701,24.67,52.04,-1,-1,488,510
9529,1778516869164,7094.1,694,24.67,52.03,-1,-1,488,510
9530,1778516869866,7094.8,702,24.67,52.03,-1,-1,488,510
9531,1778516870597,7095.5,730,24.67,52.02,-1,-1,488,510
9532,1778516871348,7096.2,750,24.66,52.01,-1,-1,489,510
9533,1778516872086,7097.0,738,24.66,52.01,-1,-1,489,510
9534,1778516872809,7097.7,723,24.66,52.00,-1,-1,489,510
9535,1778516873787,7098.7,747,24.67,52.01,-1,-1,489,510
9536,1778516874529,7099.4,742,24.66,52.00,-1,-1,490,510
9537,1778516875263,7100.2,734,24.66,52.00,-1,-1,490,510
9538,1778516876009,7100.9,746,24.66,51.99,-1,-1,490,510
9539,1778516876973,7101.9,722,24.67,52.00,-1,-1,490,510
9540,1778516877706,7102.6,733,24.66,51.99,-1,-1,490,510
9541,1778516878436,7103.3,730,24.66,52.00,-1,-1,490,510
9542,1778516879165,7104.1,727,24.66,51.99,-1,-1,491,510
9543,1778516879919,7104.8,754,24.66,52.00,-1,-1,491,510
9544,1778516880644,7105.5,724,24.65,51.99,-1,-1,491,510
9545,1778516881364,7106.3,720,24.65,52.00,-1,-1,491,510
9546,1778516882370,7107.3,768,24.66,52.00,-1,-1,491,510
9547,1778516883100,7108.0,729,24.66,52.00,-1,-1,491,510
9548,1778516883978,7108.9,737,24.66,52.00,-1,-1,492,510
9549,1778516884909,7109.8,721,24.67,52.01,-1,-1,492,510
9550,1778516885876,7110.8,725,24.68,52.01,-1,-1,492,510
9551,1778516886613,7111.5,736,24.68,52.01,3626,132,492,510
9552,1778516887333,7112.2,718,24.68,52.00,-1,-1,492,510
9553,1778516888065,7113.0,732,24.67,51.99,-1,-1,492,510
9554,1778516888762,7113.7,696,24.67,51.99,-1,-1,493,510
9555,1778516889485,7114.4,723,24.67,51.99,-1,-1,493,510
9556,1778516890220,7115.1,734,24.67,52.00,-1,-1,493,510
9557,1778516890960,7115.9,740,24.66,51.99,-1,-1,493,510
9558,1778516891702,7116.6,742,24.66,52.00,-1,-1,493,510
9559,1778516892421,7117.3,719,24.66,51.99,-1,-1,493,510
9560,1778516893164,7118.1,743,24.65,51.99,-1,-1,493,510
9561,1778516893896,7118.8,731,24.65,51.99,-1,-1,494,510
9562,1778516894626,7119.5,728,24.65,52.00,-1,-1,494,510
9563,1778516895372,7120.3,745,24.65,51.99,-1,-1,494,510
9564,1778516896112,7121.0,739,24.64,51.99,-1,-1,494,510
9565,1778516896826,7121.7,714,24.64,51.98,-1,-1,494,510
9566,1778516897556,7122.5,729,24.64,51.99,-1,-1,494,510
9567,1778516898554,7123.4,731,24.65,51.99,-1,-1,495,510
9568,1778516899285,7124.2,731,24.64,51.99,-1,-1,495,510
9569,1778516900003,7124.9,718,24.64,51.98,-1,-1,495,510
9570,1778516900746,7125.6,743,24.64,51.97,-1,-1,495,510
9571,1778516901493,7126.4,746,24.64,51.97,-1,-1,495,510
9572,1778516902228,7127.1,734,24.63,51.96,-1,-1,495,510
9573,1778516902957,7127.9,728,24.63,51.96,-1,-1,495,510
9574,1778516903894,7128.8,742,24.64,51.96,-1,-1,496,510
9575,1778516904813,7129.7,719,24.65,51.97,-1,-1,496,510
9576,1778516905746,7130.6,733,24.66,51.97,-1,-1,496,510
9577,1778516906474,7131.4,727,24.65,51.97,-1,-1,496,510
9578,1778516907211,7132.1,737,24.65,51.96,-1,-1,496,510
9579,1778516907948,7132.8,736,24.65,51.97,-1,-1,496,510
9580,1778516908684,7133.6,735,24.65,51.97,-1,-1,497,510
9581,1778516909407,7134.3,723,24.64,51.98,-1,-1,497,510
9582,1778516910369,7135.3,741,24.65,51.98,-1,-1,497,510
9583,1778516911308,7136.2,713,24.66,51.99,-1,-1,497,510
9584,1778516912027,7136.9,719,24.66,51.99,-1,-1,497,510
9585,1778516912963,7137.9,707,24.66,52.00,-1,-1,497,510
9586,1778516913701,7138.6,738,24.66,52.00,-1,-1,498,510
9587,1778516914435,7139.3,734,24.66,52.00,-1,-1,498,510
9588,1778516915159,7140.1,724,24.66,51.99,-1,-1,498,510
9589,1778516915885,7140.8,726,24.65,52.00,-1,-1,498,510
9590,1778516916597,7141.5,712,24.65,52.00,-1,-1,498,510
9591,1778516917323,7142.2,726,24.65,52.00,-1,-1,498,510
9592,1778516918114,7143.0,789,24.65,52.00,-1,-1,499,510
9593,1778516918814,7143.7,699,24.64,52.00,-1,-1,499,510
9594,1778516919744,7144.6,703,24.65,52.00,-1,-1,499,510
9595,1778516920457,7145.4,713,24.65,52.01,-1,-1,499,510
9596,1778516921186,7146.1,729,24.65,52.00,-1,-1,499,510
9597,1778516921934,7146.8,748,24.64,52.01,-1,-1,499,510
9598,1778516922903,7147.8,737,24.65,52.01,-1,-1,500,510
9599,1778516923644,7148.5,739,24.65,52.02,-1,-1,500,510
9600,1778516924366,7149.3,722,24.65,52.02,-1,-1,500,510
9601,1778516925098,7150.0,731,24.64,52.02,3626,132,500,510
9602,1778516925852,7150.7,751,24.64,52.01,-1,-1,500,510
9603,1778516926592,7151.5,739,24.64,52.00,-1,-1,500,510
9604,1778516927522,7152.4,705,24.65,52.01,-1,-1,500,510
9605,1778516928422,7153.3,710,24.65,52.01,-1,-1,501,510
9606,1778516929138,7154.0,716,24.65,52.01,-1,-1,501,510
9607,1778516929867,7154.8,729,24.65,52.00,-1,-1,501,510
9608,1778516930611,7155.5,743,24.65,52.01,-1,-1,501,510
9609,1778516931340,7156.2,729,24.64,52.01,-1,-1,501,510
9610,1778516932077,7157.0,736,24.64,52.02,-1,-1,501,510
9611,1778516932827,7157.7,750,24.64,52.01,-1,-1,502,510
9612,1778516933531,7158.4,702,24.64,52.02,-1,-1,502,510
9613,1778516934253,7159.1,722,24.63,52.01,-1,-1,502,510
9614,1778516935226,7160.1,712,24.64,52.02,-1,-1,502,510
9615,1778516935944,7160.8,718,24.64,52.01,-1,-1,503,510
9616,1778516936652,7161.5,708,24.64,52.02,-1,-1,502,510
9617,1778516937380,7162.3,728,24.63,52.01,-1,-1,502,510
9618,1778516938301,7163.2,720,24.64,52.02,-1,-1,503,510
9619,1778516939032,7163.9,730,24.64,52.01,-1,-1,504,510
9620,1778516939766,7164.7,734,24.64,52.01,-1,-1,503,510
9621,1778516940479,7165.4,713,24.63,52.01,-1,-1,503,510
9622,1778516941211,7166.1,731,24.63,52.02,-1,-1,503,510
9623,1778516941927,7166.8,716,24.63,52.02,-1,-1,503,510
9624,1778516942912,7167.8,718,24.64,52.03,-1,-1,504,510
9625,1778516943868,7168.8,725,24.64,52.03,-1,-1,504,510
9626,1778516944584,7169.5,715,24.64,52.04,-1,-1,505,510
9627,1778516945314,7170.2,730,24.64,52.03,-1,-1,504,510
9628,1778516946271,7171.2,722,24.65,52.04,-1,-1,504,510
9629,1778516947012,7171.9,740,24.64,52.04,-1,-1,505,510
9630,1778516947751,7172.6,739,24.64,52.04,-1,-1,506,510
9631,1778516948464,7173.4,713,24.64,52.03,-1,-1,506,510
9632,1778516949181,7174.1,715,24.64,52.02,-1,-1,506,510
9633,1778516950154,7175.0,746,24.64,52.03,-1,-1,506,510
9634,1778516951099,7176.0,715,24.65,52.03,-1,-1,506,510
9635,1778516951822,7176.7,723,24.65,52.03,-1,-1,506,510
9636,1778516952779,7177.7,723,24.66,52.03,-1,-1,507,510
9637,1778516953721,7178.6,721,24.67,52.04,-1,-1,507,510
9638,1778516954478,7179.4,756,24.66,52.03,-1,-1,507,510
9639,1778516955194,7180.1,716,24.66,52.03,-1,-1,507,510
9640,1778516955939,7180.8,744,24.66,52.02,-1,-1,507,510
9641,1778516956673,7181.6,734,24.66,52.03,-1,-1,507,510
9642,1778516957593,7182.5,739,24.66,52.03,-1,-1,508,510
9643,1778516958314,7183.2,721,24.66,52.03,-1,-1,508,510
9644,1778516959024,7183.9,709,24.66,52.02,-1,-1,508,510
9645,1778516959925,7184.8,708,24.67,52.03,-1,-1,508,510
9646,1778516960642,7185.5,717,24.66,52.03,-1,-1,508,510
9647,1778516961355,7186.2,713,24.66,52.03,-1,-1,508,510
9648,1778516962332,7187.2,723,24.67,52.03,-1,-1,509,510
9649,1778516963088,7188.0,754,24.67,52.03,-1,-1,509,510
9650,1778516963997,7188.9,716,24.67,52.03,-1,-1,509,510
9651,1778516964723,7189.6,726,24.67,52.03,3626,132,509,510
9652,1778516965451,7190.3,726,24.67,52.02,-1,-1,509,510
9653,1778516966205,7191.1,753,24.67,52.01,-1,-1,509,510
9654,1778516967186,7192.1,736,24.67,52.02,-1,-1,510,510
9655,1778516967919,7192.8,733,24.67,52.02,-1,-1,510,510
9656,1778516968648,7193.5,728,24.67,52.02,-1,-1,510,510
9657,1778516969377,7194.3,729,24.67,52.02,-1,-1,510,510
9658,1778516970101,7195.0,724,24.66,52.03,-1,-1,510,510
9659,1778516970805,7195.7,704,24.66,52.02,-1,-1,485,510
9660,1778516971754,7196.6,740,24.67,52.03,-1,-1,485,510
9661,1778516972482,7197.4,728,24.67,52.02,-1,-1,485,510
9662,1778516973201,7198.1,717,24.66,52.03,-1,-1,485,510
9663,1778516973935,7198.8,734,24.66,52.03,-1,-1,485,510
9664,1778516974674,7199.6,739,24.66,52.03,-1,-1,485,510
9665,1778516975407,7200.3,733,24.66,52.03,-1,-1,486,510
9666,1778516976135,7201.0,728,24.65,52.04,-1,-1,486,510
9667,1778516976844,7201.7,709,24.65,52.04,-1,-1,486,510
9668,1778516977805,7202.7,752,24.66,52.05,-1,-1,486,510
9669,1778516978547,7203.4,742,24.66,52.04,-1,-1,487,510
9670,1778516979531,7204.4,723,24.66,52.05,-1,-1,486,510
9671,1778516980476,7205.4,735,24.67,52.05,-1,-1,487,510
9672,1778516981213,7206.1,734,24.67,52.05,-1,-1,488,510
9673,1778516981926,7206.8,713,24.67,52.04,-1,-1,487,510
9674,1778516982606,7207.5,680,24.66,52.05,-1,-1,487,510
9675,1778516983574,7208.5,734,24.67,52.05,-1,-1,487,510
9676,1778516984334,7209.2,759,24.67,52.06,-1,-1,488,510
9677,1778516985241,7210.1,705,24.68,52.06,-1,-1,488,510
9678,1778516986187,7211.1,715,24.68,52.07,-1,-1,488,510
9679,1778516986930,7211.8,742,24.68,52.07,-1,-1,489,510
9680,1778516987658,7212.6,727,24.68,52.07,-1,-1,488,510
9681,1778516988609,7213.5,715,24.69,52.07,-1,-1,488,510
9682,1778516989337,7214.2,726,24.68,52.08,-1,-1,489,510
9683,1778516990043,7214.9,706,24.68,52.08,-1,-1,489,510
9684,1778516990762,7215.7,719,24.68,52.08,-1,-1,490,510
9685,1778516991689,7216.6,702,24.69,52.08,-1,-1,490,510
9686,1778516992469,7217.4,780,24.69,52.09,-1,-1,490,510
9687,1778516993179,7218.1,710,24.68,52.08,-1,-1,490,510
9688,1778516993906,7218.8,727,24.68,52.07,-1,-1,490,510
9689,1778516994634,7219.5,728,24.68,52.07,-1,-1,490,510
9690,1778516995654,7220.5,754,24.69,52.07,-1,-1,491,510
9691,1778516996381,7221.3,726,24.68,52.08,-1,-1,491,510
9692,1778516997237,7222.1,674,24.69,52.08,-1,-1,491,510
9693,1778516997963,7222.9,725,24.69,52.08,-1,-1,491,510
9694,1778516998877,7223.8,720,24.70,52.08,-1,-1,491,510
9695,1778516999784,7224.7,708,24.70,52.09,-1,-1,491,510
9696,1778517000779,7225.7,813,24.71,52.09,-1,-1,492,510
9697,1778517001465,7226.4,685,24.71,52.09,-1,-1,492,510
9698,1778517002159,7227.1,693,24.71,52.08,-1,-1,492,510
9699,1778517003157,7228.1,771,24.71,52.09,-1,-1,492,510
9700,1778517004126,7229.0,750,24.72,52.09,-1,-1,492,510
9701,1778517004843,7229.7,716,24.72,52.10,3626,132,492,510
9702,1778517005559,7230.5,712,24.72,52.09,-1,-1,493,510
9703,1778517006512,7231.4,754,24.72,52.10,-1,-1,493,510
9704,1778517007251,7232.1,738,24.72,52.10,-1,-1,493,510
9705,1778517008203,7233.1,721,24.73,52.11,-1,-1,493,510
9706,1778517008929,7233.8,726,24.73,52.10,-1,-1,493,510
9707,1778517009671,7234.6,742,24.72,52.10,-1,-1,493,510
9708,1778517010605,7235.5,727,24.73,52.10,-1,-1,494,510
9709,1778517011530,7236.4,712,24.74,52.11,-1,-1,494,510
9710,1778517012434,7237.3,709,24.75,52.11,-1,-1,494,510
9711,1778517013147,7238.0,712,24.75,52.11,-1,-1,494,510
9712,1778517014066,7239.0,707,24.75,52.11,-1,-1,494,510
9713,1778517014770,7239.7,703,24.75,52.11,-1,-1,494,510
9714,1778517015475,7240.4,705,24.75,52.10,-1,-1,495,510
9715,1778517016192,7241.1,716,24.75,52.09,-1,-1,495,510
9716,1778517016934,7241.8,742,24.74,52.09,-1,-1,495,510
9717,1778517017878,7242.8,732,24.75,52.09,-1,-1,495,510
9718,1778517018608,7243.5,730,24.75,52.09,-1,-1,495,510
9719,1778517019338,7244.2,729,24.75,52.09,-1,-1,495,510
9720,1778517020072,7245.0,734,24.74,52.09,-1,-1,495,510
9721,1778517021039,7245.9,798,24.75,52.09,-1,-1,496,510
9722,1778517021974,7246.9,742,24.76,52.10,-1,-1,496,510
9723,1778517022684,7247.6,710,24.76,52.09,-1,-1,496,510
9724,1778517023382,7248.3,698,24.75,52.10,-1,-1,496,510
9725,1778517024098,7249.0,715,24.75,52.09,-1,-1,496,510
9726,1778517024806,7249.7,708,24.75,52.09,-1,-1,496,510
9727,1778517025548,7250.4,741,24.75,52.08,-1,-1,497,510
9728,1778517026287,7251.2,738,24.74,52.08,-1,-1,497,510
9729,1778517027026,7251.9,739,24.74,52.07,-1,-1,497,510
9730,1778517027956,7252.9,714,24.75,52.08,-1,-1,497,510
9731,1778517028669,7253.6,712,24.75,52.08,-1,-1,497,510
9732,1778517029380,7254.3,709,24.74,52.08,-1,-1,497,510
9733,1778517030092,7255.0,712,24.74,52.08,-1,-1,498,510
9734,1778517030816,7255.7,723,24.74,52.08,-1,-1,498,510
9735,1778517031510,7256.4,693,24.74,52.07,-1,-1,498,510
9736,1778517032475,7257.4,733,24.74,52.07,-1,-1,498,510
9737,1778517033374,7258.3,725,24.75,52.08,-1,-1,498,510
9738,1778517034138,7259.0,764,24.75,52.07,-1,-1,498,510
9739,1778517034845,7259.7,707,24.75,52.07,-1,-1,499,510
9740,1778517035788,7260.7,718,24.75,52.07,-1,-1,499,510
9741,1778517036544,7261.4,756,24.75,52.08,-1,-1,499,510
9742,1778517037077,7262.0,531,24.75,52.07,-1,-1,499,510
9743,1778517037776,7262.7,698,24.75,52.07,-1,-1,499,510
9744,1778517038684,7263.6,712,24.75,52.07,-1,-1,499,510
9745,1778517039577,7264.5,711,24.76,52.08,-1,-1,500,510
9746,1778517040291,7265.2,713,24.76,52.08,-1,-1,500,510
9747,1778517041009,7265.9,718,24.76,52.08,-1,-1,500,510
9748,1778517041737,7266.6,728,24.75,52.07,-1,-1,500,510
9749,1778517042707,7267.6,723,24.76,52.08,-1,-1,500,510
9750,1778517043421,7268.3,713,24.76,52.07,-1,-1,500,510
9751,1778517044132,7269.0,710,24.76,52.08,3624,134,500,510
9752,1778517044876,7269.8,741,24.75,52.07,-1,-1,501,510
9753,1778517045642,7270.5,766,24.75,52.08,-1,-1,501,510
9754,1778517046379,7271.3,737,24.75,52.08,-1,-1,501,510
9755,1778517047116,7272.0,737,24.75,52.09,-1,-1,501,510
9756,1778517048018,7272.9,695,24.75,52.09,-1,-1,501,510
9757,1778517048940,7273.8,727,24.76,52.10,-1,-1,501,510
9758,1778517049651,7274.5,711,24.76,52.09,-1,-1,503,510
9759,1778517050370,7275.3,719,24.76,52.09,-1,-1,502,510
9760,1778517051090,7276.0,719,24.75,52.09,-1,-1,502,510
9761,1778517052075,7277.0,777,24.76,52.10,-1,-1,502,510
9762,1778517052793,7277.7,715,24.76,52.09,-1,-1,503,510
9763,1778517053496,7278.4,703,24.76,52.09,-1,-1,502,510
9764,1778517054215,7279.1,719,24.75,52.10,-1,-1,503,510
9765,1778517054980,7279.9,764,24.75,52.09,-1,-1,503,510
9766,1778517055694,7280.6,714,24.75,52.09,-1,-1,503,510
9767,1778517056387,7281.3,693,24.75,52.08,-1,-1,503,510
9768,1778517057097,7282.0,710,24.74,52.09,-1,-1,503,510
9769,1778517057830,7282.7,732,24.74,52.08,-1,-1,503,510
9770,1778517058840,7283.7,736,24.75,52.09,-1,-1,504,510
9771,1778517059764,7284.7,735,24.76,52.09,-1,-1,504,510
9772,1778517060505,7285.4,738,24.75,52.10,-1,-1,505,510
9773,1778517061246,7286.1,741,24.75,52.09,-1,-1,505,510
9774,1778517061940,7286.8,694,24.75,52.10,-1,-1,505,510
9775,1778517062647,7287.5,707,24.75,52.10,-1,-1,505,510
9776,1778517063356,7288.3,709,24.74,52.10,-1,-1,505,510
9777,1778517064362,7289.3,765,24.75,52.10,-1,-1,506,510
9778,1778517065075,7290.0,713,24.75,52.10,-1,-1,506,510
9779,1778517065784,7290.7,709,24.75,52.10,-1,-1,506,510
9780,1778517066802,7291.7,708,24.75,52.11,-1,-1,506,510
9781,1778517067512,7292.4,708,24.75,52.11,-1,-1,506,510
9782,1778517068230,7293.1,716,24.75,52.12,-1,-1,506,510
9783,1778517069220,7294.1,724,24.76,52.12,-1,-1,507,510
9784,1778517069991,7294.9,771,24.75,52.12,-1,-1,507,510
9785,1778517070700,7295.6,709,24.75,52.11,-1,-1,507,510
9786,1778517071707,7296.6,718,24.76,52.12,-1,-1,507,510
9787,1778517072447,7297.3,739,24.76,52.11,-1,-1,507,510
9788,1778517073391,7298.3,706,24.77,52.11,-1,-1,507,510
9789,1778517074110,7299.0,718,24.76,52.12,-1,-1,508,510
9790,1778517074762,7299.7,652,24.76,52.11,-1,-1,508,510
9791,1778517075744,7300.6,721,24.77,52.12,-1,-1,508,510
9792,1778517076444,7301.3,697,24.77,52.11,-1,-1,508,510
9793,1778517077350,7302.2,711,24.77,52.12,-1,-1,508,510
9794,1778517078062,7303.0,712,24.77,52.12,-1,-1,508,510
9795,1778517078759,7303.7,697,24.77,52.12,-1,-1,509,510
9796,1778517079477,7304.4,718,24.77,52.11,-1,-1,509,510
9797,1778517080182,7305.1,705,24.76,52.11,-1,-1,509,510
9798,1778517080907,7305.8,725,24.76,52.10,-1,-1,509,510
9799,1778517081622,7306.5,715,24.76,52.10,-1,-1,509,510
9800,1778517082332,7307.2,710,24.76,52.09,-1,-1,509,510
9801,1778517083342,7308.2,713,24.76,52.10,3622,136,510,510
9802,1778517084053,7308.9,707,24.76,52.09,-1,-1,510,510
9803,1778517085001,7309.9,705,24.77,52.10,-1,-1,510,510
9804,1778517085939,7310.8,721,24.78,52.10,-1,-1,510,510
9805,1778517086649,7311.5,710,24.77,52.10,-1,-1,484,510
9806,1778517087366,7312.3,716,24.77,52.09,-1,-1,484,510
9807,1778517088076,7313.0,710,24.77,52.10,-1,-1,485,510
9808,1778517088805,7313.7,729,24.77,52.10,-1,-1,485,510
9809,1778517089512,7314.4,707,24.76,52.11,-1,-1,485,510
9810,1778517090467,7315.4,719,24.77,52.11,-1,-1,485,510
9811,1778517091374,7316.3,713,24.78,52.11,-1,-1,485,510
9812,1778517092083,7317.0,707,24.78,52.12,-1,-1,486,510
9813,1778517092795,7317.7,711,24.77,52.11,-1,-1,486,510
9814,1778517093742,7318.6,701,24.78,52.12,-1,-1,486,510
9815,1778517094464,7319.4,721,24.78,52.11,-1,-1,487,510
9816,1778517095194,7320.1,729,24.78,52.11,-1,-1,486,510
9817,1778517095893,7320.8,699,24.77,52.11,-1,-1,486,510
9818,1778517096596,7321.5,702,24.77,52.11,-1,-1,486,510
9819,1778517097324,7322.2,727,24.77,52.11,-1,-1,486,510
9820,1778517098037,7322.9,712,24.77,52.11,-1,-1,487,510
9821,1778517098779,7323.7,742,24.76,52.10,-1,-1,487,510
9822,1778517099517,7324.4,733,24.76,52.10,-1,-1,487,510
9823,1778517100250,7325.1,733,24.76,52.09,-1,-1,487,510
9824,1778517100990,7325.9,740,24.76,52.10,-1,-1,487,510
9825,1778517101724,7326.6,734,24.75,52.10,-1,-1,487,510
9826,1778517102788,7327.7,743,24.76,52.11,-1,-1,488,510
9827,1778517103564,7328.5,776,24.76,52.10,-1,-1,489,510
9828,1778517104256,7329.1,692,24.76,52.10,-1,-1,489,510
9829,1778517104968,7329.9,711,24.75,52.09,-1,-1,489,510
9830,1778517105931,7330.8,716,24.76,52.10,-1,-1,489,510
9831,1778517106656,7331.5,724,24.76,52.09,-1,-1,489,510
9832,1778517107550,7332.4,712,24.77,52.10,-1,-1,490,510
9833,1778517108259,7333.2,707,24.76,52.09,-1,-1,490,510
9834,1778517108972,7333.9,713,24.76,52.09,-1,-1,490,510
9835,1778517109703,7334.6,731,24.76,52.09,-1,-1,490,510
9836,1778517110636,7335.5,725,24.77,52.09,-1,-1,490,510
9837,1778517111339,7336.2,703,24.76,52.09,-1,-1,490,510
9838,1778517112309,7337.2,698,24.77,52.09,-1,-1,491,510
9839,1778517113024,7337.9,715,24.77,52.10,-1,-1,491,510
9840,1778517113736,7338.6,712,24.77,52.10,-1,-1,491,510
9841,1778517114434,7339.3,697,24.76,52.11,-1,-1,491,510
9842,1778517115150,7340.0,712,24.76,52.10,-1,-1,491,510
9843,1778517115875,7340.8,725,24.76,52.10,-1,-1,491,510
9844,1778517116902,7341.8,705,24.77,52.10,-1,-1,492,510
9845,1778517117613,7342.5,711,24.76,52.11,-1,-1,492,510
9846,1778517118326,7343.2,712,24.76,52.10,-1,-1,492,510
9847,1778517119026,7343.9,699,24.76,52.10,-1,-1,492,510
9848,1778517119725,7344.6,698,24.76,52.09,-1,-1,492,510
9849,1778517120700,7345.6,718,24.76,52.10,-1,-1,492,510
9850,1778517121493,7346.4,793,24.76,52.09,-1,-1,492,510
9851,1778517122210,7347.1,717,24.76,52.09,3622,136,493,510
9852,1778517122921,7347.8,707,24.76,52.09,-1,-1,493,510
9853,1778517123636,7348.5,714,24.75,52.10,-1,-1,493,510
9854,1778517124547,7349.4,700,24.76,52.10,-1,-1,493,510
9855,1778517125508,7350.4,738,24.77,52.11,-1,-1,493,510
9856,1778517126212,7351.1,704,24.77,52.10,-1,-1,493,510
9857,1778517126922,7351.8,710,24.76,52.09,-1,-1,494,510
9858,1778517127642,7352.5,720,24.76,52.10,-1,-1,494,510
9859,1778517128350,7353.2,708,24.76,52.10,-1,-1,494,510
9860,1778517129068,7354.0,718,24.76,52.11,-1,-1,494,510
9861,1778517129782,7354.7,713,24.75,52.10,-1,-1,494,510
9862,1778517130504,7355.4,718,24.75,52.10,-1,-1,494,510
9863,1778517131491,7356.4,718,24.76,52.10,-1,-1,495,510
9864,1778517132209,7357.1,718,24.76,52.10,-1,-1,495,510
9865,1778517132920,7357.8,711,24.75,52.09,-1,-1,495,510
9866,1778517133654,7358.5,734,24.75,52.10,-1,-1,495,510
9867,1778517134624,7359.5,742,24.76,52.10,-1,-1,495,510
9868,1778517135344,7360.2,720,24.76,52.10,-1,-1,495,510
9869,1778517136185,7361.1,719,24.76,52.10,-1,-1,496,510
9870,1778517136891,7361.8,706,24.76,52.10,-1,-1,496,510
9871,1778517137600,7362.5,707,24.76,52.09,-1,-1,496,510
9872,1778517138588,7363.5,727,24.77,52.10,-1,-1,496,510
9873,1778517139300,7364.2,712,24.76,52.10,-1,-1,496,510
9874,1778517140021,7364.9,720,24.76,52.10,-1,-1,496,510
9875,1778517140753,7365.6,732,24.76,52.09,-1,-1,496,510
9876,1778517141623,7366.5,710,24.77,52.10,-1,-1,497,510
9877,1778517142342,7367.2,719,24.76,52.09,-1,-1,497,510
9878,1778517143045,7367.9,703,24.76,52.09,-1,-1,497,510
9879,1778517143775,7368.7,729,24.76,52.08,-1,-1,497,510
9880,1778517144491,7369.4,715,24.76,52.07,-1,-1,497,510
9881,1778517145204,7370.1,713,24.75,52.07,-1,-1,497,510
9882,1778517145924,7370.8,718,24.75,52.07,-1,-1,498,510
9883,1778517146634,7371.5,710,24.75,52.07,-1,-1,498,510
9884,1778517147347,7372.2,713,24.75,52.06,-1,-1,498,510
9885,1778517148075,7373.0,728,24.74,52.06,-1,-1,498,510
9886,1778517148776,7373.7,700,24.74,52.05,-1,-1,498,510
9887,1778517149506,7374.4,729,24.74,52.05,-1,-1,498,510
9888,1778517150236,7375.1,730,24.74,52.04,-1,-1,499,510
9889,1778517151280,7376.2,745,24.74,52.05,-1,-1,499,510
9890,1778517152245,7377.1,741,24.75,52.05,-1,-1,499,510
9891,1778517153135,7378.0,709,24.76,52.06,-1,-1,499,510
9892,1778517153841,7378.7,703,24.76,52.05,-1,-1,499,510
9893,1778517154825,7379.7,724,24.76,52.06,-1,-1,499,510
9894,1778517155801,7380.7,747,24.77,52.06,-1,-1,500,510
9895,1778517156523,7381.4,722,24.77,52.06,-1,-1,500,510
9896,1778517157251,7382.1,727,24.77,52.06,-1,-1,500,510
9897,1778517157996,7382.9,745,24.77,52.06,-1,-1,500,510
9898,1778517158730,7383.6,734,24.76,52.06,-1,-1,500,510
9899,1778517159462,7384.4,732,24.76,52.06,-1,-1,500,510
9900,1778517160473,7385.4,760,24.77,52.06,-1,-1,500,510
9901,1778517161211,7386.1,737,24.77,52.06,3620,138,501,510
9902,1778517161934,7386.8,720,24.76,52.06,-1,-1,501,510
9903,1778517162618,7387.5,684,24.76,52.05,-1,-1,501,510
9904,1778517163342,7388.2,724,24.76,52.05,-1,-1,501,510
9905,1778517164076,7389.0,734,24.76,52.04,-1,-1,501,510
9906,1778517165049,7389.9,764,24.76,52.05,-1,-1,501,510
9907,1778517165817,7390.7,767,24.76,52.05,-1,-1,503,510
9908,1778517166529,7391.4,712,24.76,52.06,-1,-1,502,510
9909,1778517167356,7392.3,826,24.76,52.06,-1,-1,502,510
9910,1778517168323,7393.2,739,24.76,52.07,-1,-1,502,510
9911,1778517169050,7393.9,726,24.76,52.06,-1,-1,503,510
9912,1778517169769,7394.7,716,24.76,52.07,-1,-1,502,510
9913,1778517170476,7395.4,706,24.76,52.07,-1,-1,503,510
9914,1778517171184,7396.1,708,24.75,52.07,-1,-1,503,510
9915,1778517171954,7396.8,770,24.75,52.06,-1,-1,503,510
9916,1778517172643,7397.5,689,24.75,52.06,-1,-1,503,510
9917,1778517173360,7398.3,717,24.75,52.05,-1,-1,503,510
9918,1778517174051,7398.9,691,24.74,52.05,-1,-1,503,510
9919,1778517174800,7399.7,748,24.74,52.04,-1,-1,503,510
9920,1778517175534,7400.4,733,24.74,52.04,-1,-1,504,510
9921,1778517176262,7401.2,728,24.74,52.03,-1,-1,505,510
9922,1778517177340,7402.2,736,24.74,52.04,-1,-1,504,510
9923,1778517178236,7403.1,718,24.75,52.04,-1,-1,504,510
9924,1778517178956,7403.9,720,24.75,52.05,-1,-1,505,510
9925,1778517179683,7404.6,727,24.75,52.04,-1,-1,505,510
9926,1778517180423,7405.3,740,24.74,52.04,-1,-1,506,510
9927,1778517181152,7406.0,728,24.74,52.03,-1,-1,506,510
9928,1778517182073,7407.0,723,24.75,52.03,-1,-1,506,510
9929,1778517183011,7407.9,727,24.76,52.04,-1,-1,506,510
9930,1778517183752,7408.6,741,24.75,52.03,-1,-1,506,510
9931,1778517184483,7409.4,731,24.75,52.03,-1,-1,506,510
9932,1778517185191,7410.1,706,24.75,52.03,-1,-1,507,510
9933,1778517185929,7410.8,738,24.75,52.03,-1,-1,507,510
9934,1778517186646,7411.5,717,24.74,52.02,-1,-1,507,510
9935,1778517187371,7412.3,725,24.74,52.02,-1,-1,507,510
9936,1778517188269,7413.2,720,24.75,52.02,-1,-1,507,510
9937,1778517188990,7413.9,721,24.75,52.02,-1,-1,507,510
9938,1778517189934,7414.8,741,24.75,52.02,-1,-1,507,510
9939,1778517190899,7415.8,709,24.76,52.03,-1,-1,508,510
9940,1778517191632,7416.5,733,24.76,52.03,-1,-1,508,510
9941,1778517192341,7417.2,709,24.76,52.03,-1,-1,508,510
9942,1778517193081,7418.0,737,24.75,52.03,-1,-1,508,510
9943,1778517193792,7418.7,711,24.75,52.03,-1,-1,508,510
9944,1778517194531,7419.4,739,24.75,52.03,-1,-1,508,510
9945,1778517195258,7420.2,726,24.75,52.03,-1,-1,509,510
9946,1778517195971,7420.9,712,24.74,52.02,-1,-1,509,510
9947,1778517196691,7421.6,720,24.74,52.03,-1,-1,509,510
9948,1778517197420,7422.3,728,24.74,52.03,-1,-1,509,510
9949,1778517198403,7423.3,735,24.75,52.04,-1,-1,509,510
9950,1778517199131,7424.0,728,24.74,52.03,-1,-1,509,510
9951,1778517200117,7425.0,722,24.75,52.03,3620,138,510,510
9952,1778517201090,7426.0,762,24.76,52.04,-1,-1,510,510
9953,1778517201804,7426.7,713,24.76,52.03,-1,-1,510,510
9954,1778517202500,7427.4,696,24.75,52.03,-1,-1,510,510
9955,1778517203221,7428.1,721,24.75,52.02,-1,-1,485,510
9956,1778517203955,7428.8,734,24.75,52.03,-1,-1,485,510
9957,1778517204932,7429.8,727,24.76,52.03,-1,-1,485,510
9958,1778517205659,7430.6,727,24.75,52.03,-1,-1,485,510
9959,1778517206376,7431.3,717,24.75,52.03,-1,-1,485,510
9960,1778517207109,7432.0,733,24.75,52.03,-1,-1,485,510
9961,1778517207839,7432.7,730,24.75,52.02,-1,-1,486,510
9962,1778517208580,7433.5,740,24.74,52.03,-1,-1,486,510
9963,1778517209312,7434.2,732,24.74,52.02,-1,-1,486,510
9964,1778517210300,7435.2,729,24.75,52.03,-1,-1,486,510
9965,1778517211274,7436.2,750,24.76,52.03,-1,-1,486,510
9966,1778517211995,7436.9,721,24.75,52.04,-1,-1,487,510
9967,1778517212718,7437.6,723,24.75,52.04,-1,-1,487,510
9968,1778517213439,7438.3,720,24.75,52.04,-1,-1,487,510
9969,1778517214413,7439.3,742,24.76,52.04,-1,-1,487,510
9970,1778517215394,7440.3,743,24.76,52.05,-1,-1,487,510
9971,1778517216140,7441.0,745,24.76,52.05,-1,-1,488,510
9972,1778517216847,7441.7,704,24.76,52.05,-1,-1,487,510
9973,1778517217579,7442.5,731,24.76,52.04,-1,-1,487,510
9974,1778517218323,7443.2,744,24.75,52.05,-1,-1,488,510
9975,1778517219066,7444.0,743,24.75,52.05,-1,-1,489,510
9976,1778517220032,7444.9,726,24.76,52.05,-1,-1,488,510
9977,1778517220756,7445.6,724,24.76,52.06,-1,-1,489,510
9978,1778517221468,7446.4,712,24.75,52.06,-1,-1,489,510
9979,1778517222178,7447.1,710,24.75,52.07,-1,-1,489,510
9980,1778517223165,7448.1,778,24.76,52.07,-1,-1,490,510
9981,1778517224095,7449.0,703,24.77,52.08,-1,-1,490,510
9982,1778517224849,7449.7,747,24.76,52.07,-1,-1,490,510
9983,1778517225569,7450.5,720,24.76,52.07,-1,-1,490,510
9984,1778517226295,7451.2,726,24.76,52.07,-1,-1,490,510
9985,1778517227002,7451.9,707,24.76,52.08,-1,-1,490,510
9986,1778517227734,7452.6,731,24.75,52.07,-1,-1,491,510
9987,1778517228470,7453.4,735,24.75,52.08,-1,-1,491,510
9988,1778517229214,7454.1,744,24.75,52.07,-1,-1,491,510
9989,1778517229947,7454.8,733,24.75,52.07,-1,-1,491,510
9990,1778517230685,7455.6,737,24.74,52.06,-1,-1,491,510
9991,1778517231437,7456.3,752,24.74,52.07,-1,-1,491,510
9992,1778517232189,7457.1,751,24.74,52.06,-1,-1,491,510
9993,1778517233175,7458.1,745,24.75,52.07,-1,-1,492,510
9994,1778517233916,7458.8,740,24.74,52.06,-1,-1,492,510
9995,1778517234860,7459.8,702,24.75,52.07,-1,-1,492,510
9996,1778517235589,7460.5,729,24.75,52.06,-1,-1,492,510
9997,1778517236314,7461.2,725,24.75,52.07,-1,-1,492,510
9998,1778517237273,7462.2,727,24.75,52.07,-1,-1,492,510
9999,1778517238012,7462.9,738,24.75,52.08,-1,-1,493,510
10000,1778517238739,7463.6,727,24.75,52.07,-1,-1,493,510
10001,1778517239483,7464.4,744,24.75,52.07,3620,138,493,510
10002,1778517240238,7465.1,752,24.75,52.08,-1,-1,493,510
